[Licensing::Module] Trying to connect to existing licensing client channel...
Built from '6000.3/staging' branch; Version is '6000.3.13f1 (8c4f11e4fb20) revision 9195281'; Using compiler version '194234433'; Build Type 'Release'
[Licensing::IpcConnector] Successfully connected to: "LicenseClient-limon" at "2026-06-17T12:54:15.3380458Z"
OS: 'Windows 10  (10.0.19045) 64bit Professional' Language: 'uk' Physical Memory: 16334 MB
BatchMode: 1, IsHumanControllingUs: 0, StartBugReporterOnCrash: 0, Is64bit: 1
System  architecture: x64
Process architecture: x64
Date: 2026-06-17T12:54:15Z

COMMAND LINE ARGUMENTS:
D:\Unity\6000.3.13f1\Editor\Unity.exe
-adb2
-batchMode
-noUpm
-name
AssetImportWorker8
-projectPath
D:/GameDev/DarkPixels
-logFile
Logs/AssetImportWorker8.log
-srvPort
50148
-licensingIpc
LicenseClient-limon
-job-worker-count
5
-background-job-worker-count
8
-gc-helper-count
1
-name
AssetImport
Successfully changed project path to: D:/GameDev/DarkPixels
D:/GameDev/DarkPixels
[UnityMemory] Configuration Parameters - Can be set up in boot.config
    "memorysetup-temp-allocator-size-nav-mesh-worker=65536"
    "memorysetup-temp-allocator-size-audio-worker=65536"
    "memorysetup-temp-allocator-size-gfx=262144"
    "memorysetup-allocator-temp-initial-block-size-main=262144"
    "memorysetup-allocator-temp-initial-block-size-worker=262144"
    "memorysetup-temp-allocator-size-background-worker=32768"
    "memorysetup-temp-allocator-size-job-worker=262144"
    "memorysetup-temp-allocator-size-preload-manager=33554432"
    "memorysetup-temp-allocator-size-gi-baking-worker=262144"
    "memorysetup-temp-allocator-size-gi-baking-worker=262144"
    "memorysetup-temp-allocator-size-gi-baking-worker=262144"
    "memorysetup-temp-allocator-size-gi-baking-worker=262144"
    "memorysetup-temp-allocator-size-gi-baking-worker=262144"
    "memorysetup-bucket-allocator-granularity=16"
    "memorysetup-bucket-allocator-bucket-count=8"
    "memorysetup-bucket-allocator-block-size=33554432"
    "memorysetup-bucket-allocator-block-count=8"
    "memorysetup-main-allocator-block-size=16777216"
    "memorysetup-thread-allocator-block-size=16777216"
    "memorysetup-gfx-main-allocator-block-size=16777216"
    "memorysetup-gfx-thread-allocator-block-size=16777216"
    "memorysetup-cache-allocator-block-size=4194304"
    "memorysetup-typetree-allocator-block-size=2097152"
    "memorysetup-profiler-bucket-allocator-granularity=16"
    "memorysetup-profiler-bucket-allocator-bucket-count=8"
    "memorysetup-profiler-bucket-allocator-block-size=33554432"
    "memorysetup-profiler-bucket-allocator-block-count=8"
    "memorysetup-profiler-allocator-block-size=16777216"
    "memorysetup-profiler-editor-allocator-block-size=1048576"
    "memorysetup-temp-allocator-size-main=16777216"
    "memorysetup-job-temp-allocator-block-size=2097152"
    "memorysetup-job-temp-allocator-block-size-background=1048576"
    "memorysetup-job-temp-allocator-reduction-small-platforms=262144"
    "memorysetup-temp-allocator-size-cloud-worker=32768"
Player connection [12192]  Target information:

Player connection [12192]  * "[IP] 192.168.0.28 [Port] 0 [Flags] 2 [Guid] 891609566 [EditorId] 891609566 [Version] 1048832 [Id] WindowsEditor(7,DESKTOP-4DD92S9) [Debug] 1 [PackageName] WindowsEditor [ProjectName] Editor" 

Player connection [12192] Host joined multi-casting on [225.0.0.222:54997]...
Player connection [12192] Host joined alternative multi-casting on [225.0.0.222:34997]...
JobSystem: Creating JobQueue using job-worker-count value 5
Input System module state changed to: Initialized.
[Physics::Module] Initialized fallback backend.
[Physics::Module] Id: 0xdecafbad
Library Redirect Path: Library/
[Physics::Module] Selected backend.
[Physics::Module] Name: PhysX
[Physics::Module] Id: 0xf2b8ea05
[Physics::Module] SDK Version: 4.1.2
[Physics::Module] Integration Version: 1.0.0
[Physics::Module] Threading Mode: Multi-Threaded
[Licensing::Module] Licensing is not yet initialized.
[Licensing::Client] Error: HandshakeResponse reported an error:
	ResponseCode: 505
	ResponseStatus: Unsupported protocol version '1.18.1'.
[Licensing::Module] Error: Failed to handshake to channel: "LicenseClient-limon"
[Licensing::IpcConnector] LicenseClient-limon channel disconnected successfully.
[Licensing::IpcConnector] Successfully connected to: "LicenseClient-limon-6000.3.13" at "2026-06-17T12:54:16.6930494Z"
[Licensing::Client] Handshaking with LicensingClient:
  Version:                 1.18.1+9fbee8e
  Session Id:              8431bfff41fa4fe7aefb453d68e1dbe7
  Correlation Id:          30a4bb0244a4dce365e9d415ccf4e7b3
  External correlation Id: 6777004619694854591
  Machine Id:              4D8GW8ETA38K6LsA7GOMWmqZxN4=
[Licensing::Module] Successfully connected to LicensingClient on channel: "LicenseClient-limon-6000.3.13" (connect: 0.00s, validation: 0.00s, handshake: 1.29s)
[Licensing::IpcConnector] Successfully connected to: "LicenseClient-limon-6000.3.13-notifications" at "2026-06-17T12:54:17.9827184Z"
[Licensing::Module] Licensing Background thread has ended after 2.65s
[Licensing::Module] Licensing is initialized (took 2.38s).
[Licensing::Client] Successfully resolved entitlement details
[Licensing::Module] License group:
  Id: 7971680487528-UnityPersXXXX
  Product: Unity Personal
  Type: Assigned
  Expiration: Unlimited
Refreshing native plugins compatible for Editor in 41.28 ms, found 5 plugins.
Preloading 0 native plugins for Editor in 0.00 ms.
Initialize engine version: 6000.3.13f1 (8c4f11e4fb20)
[Subsystems] Discovering subsystems at path D:/Unity/6000.3.13f1/Editor/Data/Resources/UnitySubsystems
[Subsystems] Discovering subsystems at path D:/GameDev/DarkPixels/Assets
GfxDevice: creating device client; kGfxThreadingModeNonThreaded
Direct3D:
    Version:  Direct3D 11.0 [level 11.1]
    Renderer: Radeon RX 590 Series (ID=0x67df)
    Vendor:   ATI
    VRAM:     8170 MB
    Driver:   31.0.21923.1000
Initialize mono
Mono path[0] = 'D:/Unity/6000.3.13f1/Editor/Data/Managed'
Mono path[1] = 'D:/Unity/6000.3.13f1/Editor/Data/MonoBleedingEdge/lib/mono/unityjit-win32'
Mono config path = 'D:/Unity/6000.3.13f1/Editor/Data/MonoBleedingEdge/etc'
Using monoOptions --debugger-agent=transport=dt_socket,embedding=1,server=y,suspend=n,address=127.0.0.1:56056
Begin MonoManager ReloadAssembly
Registering precompiled unity dll's ...
Register platform support module: D:/Unity/6000.3.13f1/Editor/Data/PlaybackEngines/WindowsStandaloneSupport/UnityEditor.WindowsStandalone.Extensions.dll
Register platform support module: D:/Unity/6000.3.13f1/Editor/Data/PlaybackEngines/AndroidPlayer/UnityEditor.Android.Extensions.dll
Registered in 0.002878 seconds.
- Loaded All Assemblies, in  0.736 seconds
Native extension for Android target not found
Native extension for WindowsStandalone target not found
Package Manager log level set to [2]
[Package Manager] Failed to launch server process. Reason: Unity was launched with the -noUpm command-line argument
[Package Manager] Unable to send message (not connected to server process).
[Package Manager] Cannot connect to Unity Package Manager local server
ScheduleIndexationOnStartup MainProcess:False IndexOnStartup:True
Mono: successfully reloaded assembly
- Finished resetting the current domain, in  0.815 seconds
Domain Reload Profiling: 1550ms
	BeginReloadAssembly (220ms)
		ExecutionOrderSort (0ms)
		DisableScriptedObjects (0ms)
		BackupInstance (0ms)
		ReleaseScriptingObjects (0ms)
		CreateAndSetChildDomain (1ms)
	RebuildCommonClasses (74ms)
	RebuildNativeTypeToScriptingClass (25ms)
	initialDomainReloadingComplete (78ms)
	LoadAllAssembliesAndSetupDomain (338ms)
		LoadAssemblies (220ms)
		RebuildTransferFunctionScriptingTraits (0ms)
		AnalyzeDomain (332ms)
			TypeCache.Refresh (329ms)
				TypeCache.ScanAssembly (306ms)
			BuildScriptInfoCaches (0ms)
			ResolveRequiredComponents (1ms)
	FinalizeReload (815ms)
		ReleaseScriptCaches (0ms)
		RebuildScriptCaches (0ms)
		SetupLoadedEditorAssemblies (686ms)
			LogAssemblyErrors (0ms)
			InitializePlatformSupportModulesInManaged (105ms)
			SetLoadedEditorAssemblies (7ms)
			BeforeProcessingInitializeOnLoad (151ms)
			ProcessInitializeOnLoadAttributes (246ms)
			ProcessInitializeOnLoadMethodAttributes (177ms)
			AfterProcessingInitializeOnLoad (0ms)
			EditorAssembliesLoaded (0ms)
		ExecutionOrderSort2 (0ms)
		AwakeInstancesAfterBackupRestoration (0ms)
========================================================================
Worker process is ready to serve import requests
Import Worker Mode flag is 0x00
Begin MonoManager ReloadAssembly
[Licensing::Client] Successfully resolved entitlement details
Duplicate assembly 'log4net.dll' with different versions detected, using 'Packages/com.unity.package-validation-suite/Lib/Editor/log4net.dll, AssemblyName=log4net, Version=2.0.8.0, Culture=neutral, PublicKeyToken=669e0ddf0bb1aa2a' and ignoring 'Packages/com.unity.collab-proxy/Lib/Editor/log4netPlastic.dll, AssemblyName=log4net, Version=1.2.15.0, Culture=neutral, PublicKeyToken=669e0ddf0bb1aa2a'.Symbol file LoadedFromMemory is not a mono symbol file
- Loaded All Assemblies, in  1.420 seconds
Refreshing native plugins compatible for Editor in 12.01 ms, found 5 plugins.
Native extension for Android target not found
Native extension for WindowsStandalone target not found
[Package Manager] Failed to launch server process. Reason: Unity was launched with the -noUpm command-line argument
[Package Manager] Unable to send message (not connected to server process).
[Package Manager] Cannot connect to Unity Package Manager local server
[Package Manager] Failed to launch server process. Reason: Unity was launched with the -noUpm command-line argument
[Package Manager] Unable to send message (not connected to server process).
[Package Manager] Cannot connect to Unity Package Manager local server
Refreshing native plugins compatible for Editor in 11.49 ms, found 5 plugins.
[Package Manager] Failed to launch server process. Reason: Unity was launched with the -noUpm command-line argument
[Package Manager] Unable to send message (not connected to server process).
[Package Manager] Cannot connect to Unity Package Manager local server
ScheduleIndexationOnStartup MainProcess:False IndexOnStartup:True
Mono: successfully reloaded assembly
- Finished resetting the current domain, in  1.584 seconds
Domain Reload Profiling: 3001ms
	BeginReloadAssembly (247ms)
		ExecutionOrderSort (0ms)
		DisableScriptedObjects (8ms)
		BackupInstance (0ms)
		ReleaseScriptingObjects (0ms)
		CreateAndSetChildDomain (34ms)
	RebuildCommonClasses (55ms)
	RebuildNativeTypeToScriptingClass (19ms)
	initialDomainReloadingComplete (55ms)
	LoadAllAssembliesAndSetupDomain (1041ms)
		LoadAssemblies (652ms)
		RebuildTransferFunctionScriptingTraits (0ms)
		AnalyzeDomain (535ms)
			TypeCache.Refresh (383ms)
				TypeCache.ScanAssembly (353ms)
			BuildScriptInfoCaches (126ms)
			ResolveRequiredComponents (21ms)
	FinalizeReload (1585ms)
		ReleaseScriptCaches (0ms)
		RebuildScriptCaches (0ms)
		SetupLoadedEditorAssemblies (1358ms)
			LogAssemblyErrors (0ms)
			InitializePlatformSupportModulesInManaged (11ms)
			SetLoadedEditorAssemblies (7ms)
			BeforeProcessingInitializeOnLoad (231ms)
			ProcessInitializeOnLoadAttributes (612ms)
			ProcessInitializeOnLoadMethodAttributes (493ms)
			AfterProcessingInitializeOnLoad (4ms)
			EditorAssembliesLoaded (1ms)
		ExecutionOrderSort2 (0ms)
		AwakeInstancesAfterBackupRestoration (7ms)
Launched and connected shader compiler UnityShaderCompiler.exe after 0.08 seconds
Refreshing native plugins compatible for Editor in 11.43 ms, found 5 plugins.
Preloading 0 native plugins for Editor in 0.00 ms.
Unloading 17 Unused Serialized files (Serialized files now loaded: 0)
Unloading 9111 unused Assets / (5.1 MB). Loaded Objects now: 9927.
Memory consumption went from 172.5 MB to 167.4 MB.
Total: 13.239900 ms (FindLiveObjects: 1.307800 ms CreateObjectMapping: 0.853600 ms MarkObjects: 7.694700 ms  DeleteObjects: 3.382300 ms)

========================================================================
Received Prepare
Begin MonoManager ReloadAssembly
Duplicate assembly 'log4net.dll' with different versions detected, using 'Packages/com.unity.package-validation-suite/Lib/Editor/log4net.dll, AssemblyName=log4net, Version=2.0.8.0, Culture=neutral, PublicKeyToken=669e0ddf0bb1aa2a' and ignoring 'Packages/com.unity.collab-proxy/Lib/Editor/log4netPlastic.dll, AssemblyName=log4net, Version=1.2.15.0, Culture=neutral, PublicKeyToken=669e0ddf0bb1aa2a'.Symbol file LoadedFromMemory is not a mono symbol file
- Loaded All Assemblies, in  1.719 seconds
Refreshing native plugins compatible for Editor in 18.10 ms, found 5 plugins.
Native extension for Android target not found
Native extension for WindowsStandalone target not found
[Package Manager] Failed to launch server process. Reason: Unity was launched with the -noUpm command-line argument
[Package Manager] Unable to send message (not connected to server process).
[Package Manager] Cannot connect to Unity Package Manager local server
[Package Manager] Failed to launch server process. Reason: Unity was launched with the -noUpm command-line argument
[Package Manager] Unable to send message (not connected to server process).
[Package Manager] Cannot connect to Unity Package Manager local server
[Package Manager] Failed to launch server process. Reason: Unity was launched with the -noUpm command-line argument
[Package Manager] Unable to send message (not connected to server process).
[Package Manager] Cannot connect to Unity Package Manager local server
ScheduleIndexationOnStartup MainProcess:False IndexOnStartup:True
Mono: successfully reloaded assembly
- Finished resetting the current domain, in  1.681 seconds
Domain Reload Profiling: 3407ms
	BeginReloadAssembly (346ms)
		ExecutionOrderSort (0ms)
		DisableScriptedObjects (20ms)
		BackupInstance (0ms)
		ReleaseScriptingObjects (0ms)
		CreateAndSetChildDomain (81ms)
	RebuildCommonClasses (60ms)
	RebuildNativeTypeToScriptingClass (29ms)
	initialDomainReloadingComplete (45ms)
	LoadAllAssembliesAndSetupDomain (1246ms)
		LoadAssemblies (837ms)
		RebuildTransferFunctionScriptingTraits (0ms)
		AnalyzeDomain (564ms)
			TypeCache.Refresh (16ms)
				TypeCache.ScanAssembly (0ms)
			BuildScriptInfoCaches (519ms)
			ResolveRequiredComponents (23ms)
	FinalizeReload (1681ms)
		ReleaseScriptCaches (0ms)
		RebuildScriptCaches (0ms)
		SetupLoadedEditorAssemblies (1288ms)
			LogAssemblyErrors (0ms)
			InitializePlatformSupportModulesInManaged (16ms)
			SetLoadedEditorAssemblies (11ms)
			BeforeProcessingInitializeOnLoad (347ms)
			ProcessInitializeOnLoadAttributes (618ms)
			ProcessInitializeOnLoadMethodAttributes (290ms)
			AfterProcessingInitializeOnLoad (4ms)
			EditorAssembliesLoaded (1ms)
		ExecutionOrderSort2 (0ms)
		AwakeInstancesAfterBackupRestoration (31ms)
Refreshing native plugins compatible for Editor in 14.98 ms, found 5 plugins.
Preloading 0 native plugins for Editor in 0.00 ms.
Unloading 17 Unused Serialized files (Serialized files now loaded: 0)
Unloading 9109 unused Assets / (5.3 MB). Loaded Objects now: 9934.
Memory consumption went from 175.0 MB to 169.7 MB.
Total: 20.850700 ms (FindLiveObjects: 1.370300 ms CreateObjectMapping: 1.507700 ms MarkObjects: 11.797000 ms  DeleteObjects: 6.173900 ms)

Prepare: number of updated asset objects reloaded= 0
========================================================================
Received Import Request.
  Time since last request: 7641.019308 seconds.
  path: Assets/Prefabs/Totem_Projectile_Trap.prefab
  artifactKey: Guid(c653272f33688ae45933be472d095943) Importer(815301076,1909f56bfc062723c751e8b465ee728b)
Start importing Assets/Prefabs/Totem_Projectile_Trap.prefab using Guid(c653272f33688ae45933be472d095943) Importer(815301076,1909f56bfc062723c751e8b465ee728b) (PreviewImporter)Sprite Wals_Floor_Dungeon_1_5 matches more than one built-in atlases. Default to use the first available atlas.
Sprite Wals_Floor_Dungeon_1_4 matches more than one built-in atlases. Default to use the first available atlas.
Sprite Wals_Floor_Dungeon_1_6 matches more than one built-in atlases. Default to use the first available atlas.
Sprite Wals_Floor_Dungeon_1_1 matches more than one built-in atlases. Default to use the first available atlas.
Sprite Wals_Floor_Dungeon_1_0 matches more than one built-in atlases. Default to use the first available atlas.
Sprite Wals_Floor_Dungeon_1_3 matches more than one built-in atlases. Default to use the first available atlas.
Sprite Wals_Floor_Dungeon_1_2 matches more than one built-in atlases. Default to use the first available atlas.
Sprite roguelikeSheet_transparent_123 matches more than one built-in atlases. Default to use the first available atlas.
Sprite roguelikeSheet_transparent_173 matches more than one built-in atlases. Default to use the first available atlas.
Sprite roguelikeSheet_transparent_629 matches more than one built-in atlases. Default to use the first available atlas.
Sprite roguelikeSheet_transparent_1052 matches more than one built-in atlases. Default to use the first available atlas.
Sprite roguelikeSheet_transparent_1 matches more than one built-in atlases. Default to use the first available atlas.
Sprite roguelikeSheet_transparent_120 matches more than one built-in atlases. Default to use the first available atlas.
Sprite roguelikeSheet_transparent_168 matches more than one built-in atlases. Default to use the first available atlas.
Sprite roguelikeSheet_transparent_172 matches more than one built-in atlases. Default to use the first available atlas.
Sprite roguelikeSheet_transparent_628 matches more than one built-in atlases. Default to use the first available atlas.
Sprite roguelikeSheet_transparent_720 matches more than one built-in atlases. Default to use the first available atlas.
Sprite roguelikeSheet_transparent_1051 matches more than one built-in atlases. Default to use the first available atlas.
Sprite roguelikeSheet_transparent_0 matches more than one built-in atlases. Default to use the first available atlas.
Sprite roguelikeSheet_transparent_119 matches more than one built-in atlases. Default to use the first available atlas.
Sprite roguelikeSheet_transparent_121 matches more than one built-in atlases. Default to use the first available atlas.
Sprite roguelikeSheet_transparent_169 matches more than one built-in atlases. Default to use the first available atlas.
Sprite roguelikeSheet_transparent_199 matches more than one built-in atlases. Default to use the first available atlas.
Sprite roguelikeSheet_transparent_1668 matches more than one built-in atlases. Default to use the first available atlas.
Sprite roguelikeSheet_transparent_721 matches more than one built-in atlases. Default to use the first available atlas.
Sprite roguelikeSheet_transparent_1050 matches more than one built-in atlases. Default to use the first available atlas.
Sprite roguelikeSheet_transparent_3 matches more than one built-in atlases. Default to use the first available atlas.
Sprite roguelikeSheet_transparent_118 matches more than one built-in atlases. Default to use the first available atlas.
Sprite roguelikeSheet_transparent_198 matches more than one built-in atlases. Default to use the first available atlas.
Sprite roguelikeSheet_transparent_1611 matches more than one built-in atlases. Default to use the first available atlas.
Sprite roguelikeSheet_transparent_1669 matches more than one built-in atlases. Default to use the first available atlas.
Sprite roguelikeSheet_transparent_678 matches more than one built-in atlases. Default to use the first available atlas.
Sprite roguelikeSheet_transparent_722 matches more than one built-in atlases. Default to use the first available atlas.
Sprite roguelikeSheet_transparent_2 matches more than one built-in atlases. Default to use the first available atlas.
Sprite roguelikeSheet_transparent_1610 matches more than one built-in atlases. Default to use the first available atlas.
Sprite roguelikeSheet_transparent_679 matches more than one built-in atlases. Default to use the first available atlas.
Sprite roguelikeSheet_transparent_689 matches more than one built-in atlases. Default to use the first available atlas.
Sprite roguelikeSheet_transparent_723 matches more than one built-in atlases. Default to use the first available atlas.
Sprite roguelikeSheet_transparent_733 matches more than one built-in atlases. Default to use the first available atlas.
Sprite roguelikeSheet_transparent_5 matches more than one built-in atlases. Default to use the first available atlas.
Sprite roguelikeSheet_transparent_180 matches more than one built-in atlases. Default to use the first available atlas.
Sprite roguelikeSheet_transparent_1613 matches more than one built-in atlases. Default to use the first available atlas.
Sprite roguelikeSheet_transparent_688 matches more than one built-in atlases. Default to use the first available atlas.
Sprite roguelikeSheet_transparent_724 matches more than one built-in atlases. Default to use the first available atlas.
Sprite roguelikeSheet_transparent_732 matches more than one built-in atlases. Default to use the first available atlas.
Sprite roguelikeSheet_transparent_4 matches more than one built-in atlases. Default to use the first available atlas.
Sprite roguelikeSheet_transparent_179 matches more than one built-in atlases. Default to use the first available atlas.
Sprite roguelikeSheet_transparent_181 matches more than one built-in atlases. Default to use the first available atlas.
Sprite roguelikeSheet_transparent_1612 matches more than one built-in atlases. Default to use the first available atlas.
Sprite roguelikeSheet_transparent_1664 matches more than one built-in atlases. Default to use the first available atlas.
Sprite roguelikeSheet_transparent_725 matches more than one built-in atlases. Default to use the first available atlas.
Sprite roguelikeSheet_transparent_731 matches more than one built-in atlases. Default to use the first available atlas.
Sprite roguelikeSheet_transparent_755 matches more than one built-in atlases. Default to use the first available atlas.
Sprite roguelikeSheet_transparent_7 matches more than one built-in atlases. Default to use the first available atlas.
Sprite roguelikeSheet_transparent_178 matches more than one built-in atlases. Default to use the first available atlas.
Sprite roguelikeSheet_transparent_182 matches more than one built-in atlases. Default to use the first available atlas.
Sprite roguelikeSheet_transparent_1615 matches more than one built-in atlases. Default to use the first available atlas.
Sprite roguelikeSheet_transparent_1665 matches more than one built-in atlases. Default to use the first available atlas.
Sprite roguelikeSheet_transparent_1679 matches more than one built-in atlases. Default to use the first available atlas.
Sprite roguelikeSheet_transparent_726 matches more than one built-in atlases. Default to use the first available atlas.
Sprite roguelikeSheet_transparent_730 matches more than one built-in atlases. Default to use the first available atlas.
Sprite roguelikeSheet_transparent_706 matches more than one built-in atlases. Default to use the first available atlas.
Sprite roguelikeSheet_transparent_754 matches more than one built-in atlases. Default to use the first available atlas.
Sprite roguelikeSheet_transparent_6 matches more than one built-in atlases. Default to use the first available atlas.
Sprite roguelikeSheet_transparent_183 matches more than one built-in atlases. Default to use the first available atlas.
Sprite roguelikeSheet_transparent_193 matches more than one built-in atlases. Default to use the first available atlas.
Sprite roguelikeSheet_transparent_1614 matches more than one built-in atlases. Default to use the first available atlas.
Sprite roguelikeSheet_transparent_1666 matches more than one built-in atlases. Default to use the first available atlas.
Sprite roguelikeSheet_transparent_1678 matches more than one built-in atlases. Default to use the first available atlas.
Sprite roguelikeSheet_transparent_1686 matches more than one built-in atlases. Default to use the first available atlas.
Sprite roguelikeSheet_transparent_727 matches more than one built-in atlases. Default to use the first available atlas.
Sprite roguelikeSheet_transparent_737 matches more than one built-in atlases. Default to use the first available atlas.
Sprite roguelikeSheet_transparent_707 matches more than one built-in atlases. Default to use the first available atlas.
Sprite roguelikeSheet_transparent_757 matches more than one built-in atlases. Default to use the first available atlas.
Sprite roguelikeSheet_transparent_9 matches more than one built-in atlases. Default to use the first available atlas.
Sprite roguelikeSheet_transparent_128 matches more than one built-in atlases. Default to use the first available atlas.
Sprite roguelikeSheet_transparent_184 matches more than one built-in atlases. Default to use the first available atlas.
Sprite roguelikeSheet_transparent_192 matches more than one built-in atlases. Default to use the first available atlas.
Sprite roguelikeSheet_transparent_1617 matches more than one built-in atlases. Default to use the first available atlas.
Sprite roguelikeSheet_transparent_1667 matches more than one built-in atlases. Default to use the first available atlas.
Sprite roguelikeSheet_transparent_1677 matches more than one built-in atlases. Default to use the first available atlas.
Sprite roguelikeSheet_transparent_1687 matches more than one built-in atlases. Default to use the first available atlas.
Sprite roguelikeSheet_transparent_728 matches more than one built-in atlases. Default to use the first available atlas.
Sprite roguelikeSheet_transparent_736 matches more than one built-in atlases. Default to use the first available atlas.
Sprite roguelikeSheet_transparent_704 matches more than one built-in atlases. Default to use the first available atlas.
Sprite roguelikeSheet_transparent_756 matches more than one built-in atlases. Default to use the first available atlas.
Sprite roguelikeSheet_transparent_8 matches more than one built-in atlases. Default to use the first available atlas.
Sprite roguelikeSheet_transparent_129 matches more than one built-in atlases. Default to use the first available atlas.
Sprite roguelikeSheet_transparent_185 matches more than one built-in atlases. Default to use the first available atlas.
Sprite roguelikeSheet_transparent_191 matches more than one built-in atlases. Default to use the first available atlas.
Sprite roguelikeSheet_transparent_1616 matches more than one built-in atlases. Default to use the first available atlas.
Sprite roguelikeSheet_transparent_1660 matches more than one built-in atlases. Default to use the first available atlas.
Sprite roguelikeSheet_transparent_1676 matches more than one built-in atlases. Default to use the first available atlas.
Sprite roguelikeSheet_transparent_1684 matches more than one built-in atlases. Default to use the first available atlas.
Sprite roguelikeSheet_transparent_729 matches more than one built-in atlases. Default to use the first available atlas.
Sprite roguelikeSheet_transparent_735 matches more than one built-in atlases. Default to use the first available atlas.
Sprite roguelikeSheet_transparent_705 matches more than one built-in atlases. Default to use the first available atlas.
Sprite roguelikeSheet_transparent_719 matches more than one built-in atlases. Default to use the first available atlas.
Sprite roguelikeSheet_transparent_751 matches more than one built-in atlases. Default to use the first available atlas.
Sprite roguelikeSheet_transparent_186 matches more than one built-in atlases. Default to use the first available atlas.
Sprite roguelikeSheet_transparent_190 matches more than one built-in atlases. Default to use the first available atlas.
Sprite roguelikeSheet_transparent_1661 matches more than one built-in atlases. Default to use the first available atlas.
Sprite roguelikeSheet_transparent_1675 matches more than one built-in atlases. Default to use the first available atlas.
Sprite roguelikeSheet_transparent_1685 matches more than one built-in atlases. Default to use the first available atlas.
Sprite roguelikeSheet_transparent_734 matches more than one built-in atlases. Default to use the first available atlas.
Sprite roguelikeSheet_transparent_702 matches more than one built-in atlases. Default to use the first available atlas.
Sprite roguelikeSheet_transparent_718 matches more than one built-in atlases. Default to use the first available atlas.
Sprite roguelikeSheet_transparent_750 matches more than one built-in atlases. Default to use the first available atlas.
Sprite roguelikeSheet_transparent_187 matches more than one built-in atlases. Default to use the first available atlas.
Sprite roguelikeSheet_transparent_197 matches more than one built-in atlases. Default to use the first available atlas.
Sprite roguelikeSheet_transparent_1662 matches more than one built-in atlases. Default to use the first available atlas.
Sprite roguelikeSheet_transparent_1674 matches more than one built-in atlases. Default to use the first available atlas.
Sprite roguelikeSheet_transparent_1682 matches more than one built-in atlases. Default to use the first available atlas.
Sprite roguelikeSheet_transparent_703 matches more than one built-in atlases. Default to use the first available atlas.
Sprite roguelikeSheet_transparent_753 matches more than one built-in atlases. Default to use the first available atlas.
Sprite roguelikeSheet_transparent_1578 matches more than one built-in atlases. Default to use the first available atlas.
Sprite roguelikeSheet_transparent_196 matches more than one built-in atlases. Default to use the first available atlas.
Sprite roguelikeSheet_transparent_1663 matches more than one built-in atlases. Default to use the first available atlas.
Sprite roguelikeSheet_transparent_1673 matches more than one built-in atlases. Default to use the first available atlas.
Sprite roguelikeSheet_transparent_1683 matches more than one built-in atlases. Default to use the first available atlas.
Sprite roguelikeSheet_transparent_700 matches more than one built-in atlases. Default to use the first available atlas.
Sprite roguelikeSheet_transparent_752 matches more than one built-in atlases. Default to use the first available atlas.
Sprite roguelikeSheet_transparent_1579 matches more than one built-in atlases. Default to use the first available atlas.
Sprite roguelikeSheet_transparent_195 matches more than one built-in atlases. Default to use the first available atlas.
Sprite roguelikeSheet_transparent_1672 matches more than one built-in atlases. Default to use the first available atlas.
Sprite roguelikeSheet_transparent_1680 matches more than one built-in atlases. Default to use the first available atlas.
Sprite roguelikeSheet_transparent_739 matches more than one built-in atlases. Default to use the first available atlas.
Sprite roguelikeSheet_transparent_701 matches more than one built-in atlases. Default to use the first available atlas.
Sprite roguelikeSheet_transparent_194 matches more than one built-in atlases. Default to use the first available atlas.
Sprite roguelikeSheet_transparent_1671 matches more than one built-in atlases. Default to use the first available atlas.
Sprite roguelikeSheet_transparent_1681 matches more than one built-in atlases. Default to use the first available atlas.
Sprite roguelikeSheet_transparent_738 matches more than one built-in atlases. Default to use the first available atlas.
Sprite roguelikeSheet_transparent_1670 matches more than one built-in atlases. Default to use the first available atlas.
Sprite roguelikeSheet_transparent_72 matches more than one built-in atlases. Default to use the first available atlas.
Sprite roguelikeSheet_transparent_1569 matches more than one built-in atlases. Default to use the first available atlas.
Sprite roguelikeSheet_transparent_73 matches more than one built-in atlases. Default to use the first available atlas.
Sprite roguelikeSheet_transparent_711 matches more than one built-in atlases. Default to use the first available atlas.
Sprite roguelikeSheet_transparent_759 matches more than one built-in atlases. Default to use the first available atlas.
Sprite roguelikeSheet_transparent_1568 matches more than one built-in atlases. Default to use the first available atlas.
Sprite roguelikeSheet_transparent_70 matches more than one built-in atlases. Default to use the first available atlas.
Sprite roguelikeSheet_transparent_710 matches more than one built-in atlases. Default to use the first available atlas.
Sprite roguelikeSheet_transparent_758 matches more than one built-in atlases. Default to use the first available atlas.
Sprite roguelikeSheet_transparent_71 matches more than one built-in atlases. Default to use the first available atlas.
Sprite roguelikeSheet_transparent_713 matches more than one built-in atlases. Default to use the first available atlas.
Sprite roguelikeSheet_transparent_1570 matches more than one built-in atlases. Default to use the first available atlas.
Sprite roguelikeSheet_transparent_76 matches more than one built-in atlases. Default to use the first available atlas.
Sprite roguelikeSheet_transparent_708 matches more than one built-in atlases. Default to use the first available atlas.
Sprite roguelikeSheet_transparent_712 matches more than one built-in atlases. Default to use the first available atlas.
Sprite roguelikeSheet_transparent_788 matches more than one built-in atlases. Default to use the first available atlas.
Sprite roguelikeSheet_transparent_1571 matches more than one built-in atlases. Default to use the first available atlas.
Sprite roguelikeSheet_transparent_1509 matches more than one built-in atlases. Default to use the first available atlas.
Sprite roguelikeSheet_transparent_77 matches more than one built-in atlases. Default to use the first available atlas.
Sprite roguelikeSheet_transparent_709 matches more than one built-in atlases. Default to use the first available atlas.
Sprite roguelikeSheet_transparent_715 matches more than one built-in atlases. Default to use the first available atlas.
Sprite roguelikeSheet_transparent_789 matches more than one built-in atlases. Default to use the first available atlas.
Sprite roguelikeSheet_transparent_1572 matches more than one built-in atlases. Default to use the first available atlas.
Sprite roguelikeSheet_transparent_1508 matches more than one built-in atlases. Default to use the first available atlas.
Sprite roguelikeSheet_transparent_74 matches more than one built-in atlases. Default to use the first available atlas.
Sprite roguelikeSheet_transparent_492 matches more than one built-in atlases. Default to use the first available atlas.
Sprite roguelikeSheet_transparent_714 matches more than one built-in atlases. Default to use the first available atlas.
Sprite roguelikeSheet_transparent_786 matches more than one built-in atlases. Default to use the first available atlas.
Sprite roguelikeSheet_transparent_1573 matches more than one built-in atlases. Default to use the first available atlas.
Sprite roguelikeSheet_transparent_1563 matches more than one built-in atlases. Default to use the first available atlas.
Sprite roguelikeSheet_transparent_75 matches more than one built-in atlases. Default to use the first available atlas.
Sprite roguelikeSheet_transparent_493 matches more than one built-in atlases. Default to use the first available atlas.
Sprite roguelikeSheet_transparent_717 matches more than one built-in atlases. Default to use the first available atlas.
Sprite roguelikeSheet_transparent_787 matches more than one built-in atlases. Default to use the first available atlas.
Sprite roguelikeSheet_transparent_1574 matches more than one built-in atlases. Default to use the first available atlas.
Sprite roguelikeSheet_transparent_1562 matches more than one built-in atlases. Default to use the first available atlas.
Sprite roguelikeSheet_transparent_1558 matches more than one built-in atlases. Default to use the first available atlas.
Sprite roguelikeSheet_transparent_1471 matches more than one built-in atlases. Default to use the first available atlas.
Sprite roguelikeSheet_transparent_490 matches more than one built-in atlases. Default to use the first available atlas.
Sprite roguelikeSheet_transparent_434 matches more than one built-in atlases. Default to use the first available atlas.
Sprite roguelikeSheet_transparent_716 matches more than one built-in atlases. Default to use the first available atlas.
Sprite roguelikeSheet_transparent_784 matches more than one built-in atlases. Default to use the first available atlas.
Sprite roguelikeSheet_transparent_1575 matches more than one built-in atlases. Default to use the first available atlas.
Sprite roguelikeSheet_transparent_1561 matches more than one built-in atlases. Default to use the first available atlas.
Sprite roguelikeSheet_transparent_1559 matches more than one built-in atlases. Default to use the first available atlas.
Sprite roguelikeSheet_transparent_1505 matches more than one built-in atlases. Default to use the first available atlas.
Sprite roguelikeSheet_transparent_1470 matches more than one built-in atlases. Default to use the first available atlas.
Sprite roguelikeSheet_transparent_491 matches more than one built-in atlases. Default to use the first available atlas.
Sprite roguelikeSheet_transparent_485 matches more than one built-in atlases. Default to use the first available atlas.
Sprite roguelikeSheet_transparent_435 matches more than one built-in atlases. Default to use the first available atlas.
Sprite roguelikeSheet_transparent_785 matches more than one built-in atlases. Default to use the first available atlas.
Sprite roguelikeSheet_transparent_1576 matches more than one built-in atlases. Default to use the first available atlas.
Sprite roguelikeSheet_transparent_1560 matches more than one built-in atlases. Default to use the first available atlas.
Sprite roguelikeSheet_transparent_1556 matches more than one built-in atlases. Default to use the first available atlas.
Sprite roguelikeSheet_transparent_1504 matches more than one built-in atlases. Default to use the first available atlas.
Sprite roguelikeSheet_transparent_78 matches more than one built-in atlases. Default to use the first available atlas.
Sprite roguelikeSheet_transparent_1473 matches more than one built-in atlases. Default to use the first available atlas.
Sprite roguelikeSheet_transparent_496 matches more than one built-in atlases. Default to use the first available atlas.
Sprite roguelikeSheet_transparent_484 matches more than one built-in atlases. Default to use the first available atlas.
Sprite roguelikeSheet_transparent_436 matches more than one built-in atlases. Default to use the first available atlas.
Sprite roguelikeSheet_transparent_782 matches more than one built-in atlases. Default to use the first available atlas.
Sprite roguelikeSheet_transparent_1577 matches more than one built-in atlases. Default to use the first available atlas.
Sprite roguelikeSheet_transparent_1567 matches more than one built-in atlases. Default to use the first available atlas.
Sprite roguelikeSheet_transparent_1557 matches more than one built-in atlases. Default to use the first available atlas.
Sprite roguelikeSheet_transparent_1507 matches more than one built-in atlases. Default to use the first available atlas.
Sprite roguelikeSheet_transparent_79 matches more than one built-in atlases. Default to use the first available atlas.
Sprite roguelikeSheet_transparent_1472 matches more than one built-in atlases. Default to use the first available atlas.
Sprite roguelikeSheet_transparent_497 matches more than one built-in atlases. Default to use the first available atlas.
Sprite roguelikeSheet_transparent_487 matches more than one built-in atlases. Default to use the first available atlas.
Sprite roguelikeSheet_transparent_437 matches more than one built-in atlases. Default to use the first available atlas.
Sprite roguelikeSheet_transparent_427 matches more than one built-in atlases. Default to use the first available atlas.
Sprite roguelikeSheet_transparent_783 matches more than one built-in atlases. Default to use the first available atlas.
Sprite roguelikeSheet_transparent_1566 matches more than one built-in atlases. Default to use the first available atlas.
Sprite roguelikeSheet_transparent_1554 matches more than one built-in atlases. Default to use the first available atlas.
Sprite roguelikeSheet_transparent_1506 matches more than one built-in atlases. Default to use the first available atlas.
Sprite roguelikeSheet_transparent_1475 matches more than one built-in atlases. Default to use the first available atlas.
Sprite roguelikeSheet_transparent_494 matches more than one built-in atlases. Default to use the first available atlas.
Sprite roguelikeSheet_transparent_486 matches more than one built-in atlases. Default to use the first available atlas.
Sprite roguelikeSheet_transparent_478 matches more than one built-in atlases. Default to use the first available atlas.
Sprite roguelikeSheet_transparent_430 matches more than one built-in atlases. Default to use the first available atlas.
Sprite roguelikeSheet_transparent_426 matches more than one built-in atlases. Default to use the first available atlas.
Sprite roguelikeSheet_transparent_780 matches more than one built-in atlases. Default to use the first available atlas.
Sprite roguelikeSheet_transparent_1565 matches more than one built-in atlases. Default to use the first available atlas.
Sprite roguelikeSheet_transparent_1555 matches more than one built-in atlases. Default to use the first available atlas.
Sprite roguelikeSheet_transparent_1501 matches more than one built-in atlases. Default to use the first available atlas.
Sprite roguelikeSheet_transparent_1474 matches more than one built-in atlases. Default to use the first available atlas.
Sprite roguelikeSheet_transparent_495 matches more than one built-in atlases. Default to use the first available atlas.
Sprite roguelikeSheet_transparent_481 matches more than one built-in atlases. Default to use the first available atlas.
Sprite roguelikeSheet_transparent_479 matches more than one built-in atlases. Default to use the first available atlas.
Sprite roguelikeSheet_transparent_431 matches more than one built-in atlases. Default to use the first available atlas.
Sprite roguelikeSheet_transparent_425 matches more than one built-in atlases. Default to use the first available atlas.
Sprite roguelikeSheet_transparent_781 matches more than one built-in atlases. Default to use the first available atlas.
Sprite roguelikeSheet_transparent_1564 matches more than one built-in atlases. Default to use the first available atlas.
Sprite roguelikeSheet_transparent_1552 matches more than one built-in atlases. Default to use the first available atlas.
Sprite roguelikeSheet_transparent_1500 matches more than one built-in atlases. Default to use the first available atlas.
Sprite roguelikeSheet_transparent_58 matches more than one built-in atlases. Default to use the first available atlas.
Sprite roguelikeSheet_transparent_1477 matches more than one built-in atlases. Default to use the first available atlas.
Sprite roguelikeSheet_transparent_480 matches more than one built-in atlases. Default to use the first available atlas.
Sprite roguelikeSheet_transparent_432 matches more than one built-in atlases. Default to use the first available atlas.
Sprite roguelikeSheet_transparent_424 matches more than one built-in atlases. Default to use the first available atlas.
Sprite roguelikeSheet_transparent_1553 matches more than one built-in atlases. Default to use the first available atlas.
Sprite roguelikeSheet_transparent_1503 matches more than one built-in atlases. Default to use the first available atlas.
Sprite roguelikeSheet_transparent_59 matches more than one built-in atlases. Default to use the first available atlas.
Sprite roguelikeSheet_transparent_1476 matches more than one built-in atlases. Default to use the first available atlas.
Sprite roguelikeSheet_transparent_483 matches more than one built-in atlases. Default to use the first available atlas.
Sprite roguelikeSheet_transparent_433 matches more than one built-in atlases. Default to use the first available atlas.
Sprite roguelikeSheet_transparent_423 matches more than one built-in atlases. Default to use the first available atlas.
Sprite roguelikeSheet_transparent_1550 matches more than one built-in atlases. Default to use the first available atlas.
Sprite roguelikeSheet_transparent_1502 matches more than one built-in atlases. Default to use the first available atlas.
Sprite roguelikeSheet_transparent_1479 matches more than one built-in atlases. Default to use the first available atlas.
Sprite roguelikeSheet_transparent_498 matches more than one built-in atlases. Default to use the first available atlas.
Sprite roguelikeSheet_transparent_482 matches more than one built-in atlases. Default to use the first available atlas.
Sprite roguelikeSheet_transparent_422 matches more than one built-in atlases. Default to use the first available atlas.
Sprite roguelikeSheet_transparent_418 matches more than one built-in atlases. Default to use the first available atlas.
Sprite roguelikeSheet_transparent_1551 matches more than one built-in atlases. Default to use the first available atlas.
Sprite roguelikeSheet_transparent_1478 matches more than one built-in atlases. Default to use the first available atlas.
Sprite roguelikeSheet_transparent_499 matches more than one built-in atlases. Default to use the first available atlas.
Sprite roguelikeSheet_transparent_421 matches more than one built-in atlases. Default to use the first available atlas.
Sprite roguelikeSheet_transparent_419 matches more than one built-in atlases. Default to use the first available atlas.
Sprite roguelikeSheet_transparent_54 matches more than one built-in atlases. Default to use the first available atlas.
Sprite roguelikeSheet_transparent_420 matches more than one built-in atlases. Default to use the first available atlas.
Sprite roguelikeSheet_transparent_55 matches more than one built-in atlases. Default to use the first available atlas.
Sprite roguelikeSheet_transparent_49 matches more than one built-in atlases. Default to use the first available atlas.
Sprite roguelikeSheet_transparent_56 matches more than one built-in atlases. Default to use the first available atlas.
Sprite roguelikeSheet_transparent_48 matches more than one built-in atlases. Default to use the first available atlas.
Sprite roguelikeSheet_transparent_1459 matches more than one built-in atlases. Default to use the first available atlas.
Sprite roguelikeSheet_transparent_470 matches more than one built-in atlases. Default to use the first available atlas.
Sprite roguelikeSheet_transparent_438 matches more than one built-in atlases. Default to use the first available atlas.
Sprite roguelikeSheet_transparent_57 matches more than one built-in atlases. Default to use the first available atlas.
Sprite roguelikeSheet_transparent_47 matches more than one built-in atlases. Default to use the first available atlas.
Sprite roguelikeSheet_transparent_1458 matches more than one built-in atlases. Default to use the first available atlas.
Sprite roguelikeSheet_transparent_489 matches more than one built-in atlases. Default to use the first available atlas.
Sprite roguelikeSheet_transparent_471 matches more than one built-in atlases. Default to use the first available atlas.
Sprite roguelikeSheet_transparent_439 matches more than one built-in atlases. Default to use the first available atlas.
Sprite roguelikeSheet_transparent_409 matches more than one built-in atlases. Default to use the first available atlas.
Sprite roguelikeSheet_transparent_50 matches more than one built-in atlases. Default to use the first available atlas.
Sprite roguelikeSheet_transparent_46 matches more than one built-in atlases. Default to use the first available atlas.
Sprite roguelikeSheet_transparent_488 matches more than one built-in atlases. Default to use the first available atlas.
Sprite roguelikeSheet_transparent_472 matches more than one built-in atlases. Default to use the first available atlas.
Sprite roguelikeSheet_transparent_412 matches more than one built-in atlases. Default to use the first available atlas.
Sprite roguelikeSheet_transparent_408 matches more than one built-in atlases. Default to use the first available atlas.
Sprite roguelikeSheet_transparent_51 matches more than one built-in atlases. Default to use the first available atlas.
Sprite roguelikeSheet_transparent_45 matches more than one built-in atlases. Default to use the first available atlas.
Sprite roguelikeSheet_transparent_1488 matches more than one built-in atlases. Default to use the first available atlas.
Sprite roguelikeSheet_transparent_473 matches more than one built-in atlases. Default to use the first available atlas.
Sprite roguelikeSheet_transparent_413 matches more than one built-in atlases. Default to use the first available atlas.
Sprite roguelikeSheet_transparent_52 matches more than one built-in atlases. Default to use the first available atlas.
Sprite roguelikeSheet_transparent_44 matches more than one built-in atlases. Default to use the first available atlas.
Sprite roguelikeSheet_transparent_1489 matches more than one built-in atlases. Default to use the first available atlas.
Sprite roguelikeSheet_transparent_474 matches more than one built-in atlases. Default to use the first available atlas.
Sprite roguelikeSheet_transparent_410 matches more than one built-in atlases. Default to use the first available atlas.
Sprite roguelikeSheet_transparent_53 matches more than one built-in atlases. Default to use the first available atlas.
Sprite roguelikeSheet_transparent_43 matches more than one built-in atlases. Default to use the first available atlas.
Sprite roguelikeSheet_transparent_475 matches more than one built-in atlases. Default to use the first available atlas.
Sprite roguelikeSheet_transparent_429 matches more than one built-in atlases. Default to use the first available atlas.
Sprite roguelikeSheet_transparent_411 matches more than one built-in atlases. Default to use the first available atlas.
Sprite roguelikeSheet_transparent_405 matches more than one built-in atlases. Default to use the first available atlas.
Sprite roguelikeSheet_transparent_42 matches more than one built-in atlases. Default to use the first available atlas.
Sprite roguelikeSheet_transparent_1453 matches more than one built-in atlases. Default to use the first available atlas.
Sprite roguelikeSheet_transparent_476 matches more than one built-in atlases. Default to use the first available atlas.
Sprite roguelikeSheet_transparent_428 matches more than one built-in atlases. Default to use the first available atlas.
Sprite roguelikeSheet_transparent_416 matches more than one built-in atlases. Default to use the first available atlas.
Sprite roguelikeSheet_transparent_404 matches more than one built-in atlases. Default to use the first available atlas.
Sprite roguelikeSheet_transparent_41 matches more than one built-in atlases. Default to use the first available atlas.
Sprite roguelikeSheet_transparent_1484 matches more than one built-in atlases. Default to use the first available atlas.
Sprite roguelikeSheet_transparent_1452 matches more than one built-in atlases. Default to use the first available atlas.
Sprite roguelikeSheet_transparent_1468 matches more than one built-in atlases. Default to use the first available atlas.
Sprite roguelikeSheet_transparent_477 matches more than one built-in atlases. Default to use the first available atlas.
Sprite roguelikeSheet_transparent_417 matches more than one built-in atlases. Default to use the first available atlas.
Sprite roguelikeSheet_transparent_407 matches more than one built-in atlases. Default to use the first available atlas.
Sprite roguelikeSheet_transparent_1321 matches more than one built-in atlases. Default to use the first available atlas.
Sprite roguelikeSheet_transparent_40 matches more than one built-in atlases. Default to use the first available atlas.
Sprite roguelikeSheet_transparent_1485 matches more than one built-in atlases. Default to use the first available atlas.
Sprite roguelikeSheet_transparent_1499 matches more than one built-in atlases. Default to use the first available atlas.
Sprite roguelikeSheet_transparent_1451 matches more than one built-in atlases. Default to use the first available atlas.
Sprite roguelikeSheet_transparent_1469 matches more than one built-in atlases. Default to use the first available atlas.
Sprite roguelikeSheet_transparent_414 matches more than one built-in atlases. Default to use the first available atlas.
Sprite roguelikeSheet_transparent_406 matches more than one built-in atlases. Default to use the first available atlas.
Sprite roguelikeSheet_transparent_1320 matches more than one built-in atlases. Default to use the first available atlas.
Sprite roguelikeSheet_transparent_1486 matches more than one built-in atlases. Default to use the first available atlas.
Sprite roguelikeSheet_transparent_1498 matches more than one built-in atlases. Default to use the first available atlas.
Sprite roguelikeSheet_transparent_1450 matches more than one built-in atlases. Default to use the first available atlas.
Sprite roguelikeSheet_transparent_1466 matches more than one built-in atlases. Default to use the first available atlas.
Sprite roguelikeSheet_transparent_415 matches more than one built-in atlases. Default to use the first available atlas.
Sprite roguelikeSheet_transparent_401 matches more than one built-in atlases. Default to use the first available atlas.
Sprite roguelikeSheet_transparent_1323 matches more than one built-in atlases. Default to use the first available atlas.
Sprite roguelikeSheet_transparent_1487 matches more than one built-in atlases. Default to use the first available atlas.
Sprite roguelikeSheet_transparent_1497 matches more than one built-in atlases. Default to use the first available atlas.
Sprite roguelikeSheet_transparent_1457 matches more than one built-in atlases. Default to use the first available atlas.
Sprite roguelikeSheet_transparent_1467 matches more than one built-in atlases. Default to use the first available atlas.
Sprite roguelikeSheet_transparent_400 matches more than one built-in atlases. Default to use the first available atlas.
Sprite roguelikeSheet_transparent_1322 matches more than one built-in atlases. Default to use the first available atlas.
Sprite roguelikeSheet_transparent_1354 matches more than one built-in atlases. Default to use the first available atlas.
Sprite roguelikeSheet_transparent_517 matches more than one built-in atlases. Default to use the first available atlas.
Sprite roguelikeSheet_transparent_1480 matches more than one built-in atlases. Default to use the first available atlas.
Sprite roguelikeSheet_transparent_1496 matches more than one built-in atlases. Default to use the first available atlas.
Sprite roguelikeSheet_transparent_1456 matches more than one built-in atlases. Default to use the first available atlas.
Sprite roguelikeSheet_transparent_1464 matches more than one built-in atlases. Default to use the first available atlas.
Sprite roguelikeSheet_transparent_403 matches more than one built-in atlases. Default to use the first available atlas.
Sprite roguelikeSheet_transparent_1325 matches more than one built-in atlases. Default to use the first available atlas.
Sprite roguelikeSheet_transparent_1355 matches more than one built-in atlases. Default to use the first available atlas.
Sprite roguelikeSheet_transparent_548 matches more than one built-in atlases. Default to use the first available atlas.
Sprite roguelikeSheet_transparent_516 matches more than one built-in atlases. Default to use the first available atlas.
Sprite roguelikeSheet_transparent_1481 matches more than one built-in atlases. Default to use the first available atlas.
Sprite roguelikeSheet_transparent_1495 matches more than one built-in atlases. Default to use the first available atlas.
Sprite roguelikeSheet_transparent_1455 matches more than one built-in atlases. Default to use the first available atlas.
Sprite roguelikeSheet_transparent_1465 matches more than one built-in atlases. Default to use the first available atlas.
Sprite roguelikeSheet_transparent_402 matches more than one built-in atlases. Default to use the first available atlas.
Sprite roguelikeSheet_transparent_1324 matches more than one built-in atlases. Default to use the first available atlas.
Sprite roguelikeSheet_transparent_1356 matches more than one built-in atlases. Default to use the first available atlas.
Sprite roguelikeSheet_transparent_549 matches more than one built-in atlases. Default to use the first available atlas.
Sprite roguelikeSheet_transparent_515 matches more than one built-in atlases. Default to use the first available atlas.
Sprite roguelikeSheet_transparent_1482 matches more than one built-in atlases. Default to use the first available atlas.
Sprite roguelikeSheet_transparent_1494 matches more than one built-in atlases. Default to use the first available atlas.
Sprite roguelikeSheet_transparent_1454 matches more than one built-in atlases. Default to use the first available atlas.
Sprite roguelikeSheet_transparent_1462 matches more than one built-in atlases. Default to use the first available atlas.
Sprite roguelikeSheet_transparent_1327 matches more than one built-in atlases. Default to use the first available atlas.
Sprite roguelikeSheet_transparent_1357 matches more than one built-in atlases. Default to use the first available atlas.
Sprite roguelikeSheet_transparent_514 matches more than one built-in atlases. Default to use the first available atlas.
Sprite roguelikeSheet_transparent_1483 matches more than one built-in atlases. Default to use the first available atlas.
Sprite roguelikeSheet_transparent_1493 matches more than one built-in atlases. Default to use the first available atlas.
Sprite roguelikeSheet_transparent_1463 matches more than one built-in atlases. Default to use the first available atlas.
Sprite roguelikeSheet_transparent_1326 matches more than one built-in atlases. Default to use the first available atlas.
Sprite roguelikeSheet_transparent_1350 matches more than one built-in atlases. Default to use the first available atlas.
Sprite roguelikeSheet_transparent_513 matches more than one built-in atlases. Default to use the first available atlas.
Sprite roguelikeSheet_transparent_1492 matches more than one built-in atlases. Default to use the first available atlas.
Sprite roguelikeSheet_transparent_1460 matches more than one built-in atlases. Default to use the first available atlas.
Sprite roguelikeSheet_transparent_1329 matches more than one built-in atlases. Default to use the first available atlas.
Sprite roguelikeSheet_transparent_1351 matches more than one built-in atlases. Default to use the first available atlas.
Sprite roguelikeSheet_transparent_512 matches more than one built-in atlases. Default to use the first available atlas.
Sprite roguelikeSheet_transparent_528 matches more than one built-in atlases. Default to use the first available atlas.
Sprite roguelikeSheet_transparent_1491 matches more than one built-in atlases. Default to use the first available atlas.
Sprite roguelikeSheet_transparent_1461 matches more than one built-in atlases. Default to use the first available atlas.
Sprite roguelikeSheet_transparent_1328 matches more than one built-in atlases. Default to use the first available atlas.
Sprite roguelikeSheet_transparent_1352 matches more than one built-in atlases. Default to use the first available atlas.
Sprite roguelikeSheet_transparent_559 matches more than one built-in atlases. Default to use the first available atlas.
Sprite roguelikeSheet_transparent_511 matches more than one built-in atlases. Default to use the first available atlas.
Sprite roguelikeSheet_transparent_529 matches more than one built-in atlases. Default to use the first available atlas.
Sprite roguelikeSheet_transparent_1490 matches more than one built-in atlases. Default to use the first available atlas.
Sprite roguelikeSheet_transparent_1353 matches more than one built-in atlases. Default to use the first available atlas.
Sprite roguelikeSheet_transparent_558 matches more than one built-in atlases. Default to use the first available atlas.
Sprite roguelikeSheet_transparent_510 matches more than one built-in atlases. Default to use the first available atlas.
Sprite roguelikeSheet_transparent_540 matches more than one built-in atlases. Default to use the first available atlas.
Sprite roguelikeSheet_transparent_541 matches more than one built-in atlases. Default to use the first available atlas.
Sprite roguelikeSheet_transparent_539 matches more than one built-in atlases. Default to use the first available atlas.
Sprite roguelikeSheet_transparent_542 matches more than one built-in atlases. Default to use the first available atlas.
Sprite roguelikeSheet_transparent_522 matches more than one built-in atlases. Default to use the first available atlas.
Sprite roguelikeSheet_transparent_538 matches more than one built-in atlases. Default to use the first available atlas.
Sprite roguelikeSheet_transparent_290 matches more than one built-in atlases. Default to use the first available atlas.
Sprite roguelikeSheet_transparent_1358 matches more than one built-in atlases. Default to use the first available atlas.
Sprite roguelikeSheet_transparent_543 matches more than one built-in atlases. Default to use the first available atlas.
Sprite roguelikeSheet_transparent_553 matches more than one built-in atlases. Default to use the first available atlas.
Sprite roguelikeSheet_transparent_523 matches more than one built-in atlases. Default to use the first available atlas.
Sprite roguelikeSheet_transparent_291 matches more than one built-in atlases. Default to use the first available atlas.
Sprite roguelikeSheet_transparent_1359 matches more than one built-in atlases. Default to use the first available atlas.
Sprite roguelikeSheet_transparent_544 matches more than one built-in atlases. Default to use the first available atlas.
Sprite roguelikeSheet_transparent_552 matches more than one built-in atlases. Default to use the first available atlas.
Sprite roguelikeSheet_transparent_520 matches more than one built-in atlases. Default to use the first available atlas.
Sprite roguelikeSheet_transparent_292 matches more than one built-in atlases. Default to use the first available atlas.
Sprite roguelikeSheet_transparent_545 matches more than one built-in atlases. Default to use the first available atlas.
Sprite roguelikeSheet_transparent_551 matches more than one built-in atlases. Default to use the first available atlas.
Sprite roguelikeSheet_transparent_519 matches more than one built-in atlases. Default to use the first available atlas.
Sprite roguelikeSheet_transparent_521 matches more than one built-in atlases. Default to use the first available atlas.
Sprite roguelikeSheet_transparent_535 matches more than one built-in atlases. Default to use the first available atlas.
Sprite roguelikeSheet_transparent_293 matches more than one built-in atlases. Default to use the first available atlas.
Sprite roguelikeSheet_transparent_283 matches more than one built-in atlases. Default to use the first available atlas.
Sprite roguelikeSheet_transparent_546 matches more than one built-in atlases. Default to use the first available atlas.
Sprite roguelikeSheet_transparent_550 matches more than one built-in atlases. Default to use the first available atlas.
Sprite roguelikeSheet_transparent_518 matches more than one built-in atlases. Default to use the first available atlas.
Sprite roguelikeSheet_transparent_526 matches more than one built-in atlases. Default to use the first available atlas.
Sprite roguelikeSheet_transparent_534 matches more than one built-in atlases. Default to use the first available atlas.
Sprite roguelikeSheet_transparent_294 matches more than one built-in atlases. Default to use the first available atlas.
Sprite roguelikeSheet_transparent_282 matches more than one built-in atlases. Default to use the first available atlas.
Sprite roguelikeSheet_transparent_1338 matches more than one built-in atlases. Default to use the first available atlas.
Sprite roguelikeSheet_transparent_547 matches more than one built-in atlases. Default to use the first available atlas.
Sprite roguelikeSheet_transparent_557 matches more than one built-in atlases. Default to use the first available atlas.
Sprite roguelikeSheet_transparent_527 matches more than one built-in atlases. Default to use the first available atlas.
Sprite roguelikeSheet_transparent_537 matches more than one built-in atlases. Default to use the first available atlas.
Sprite roguelikeSheet_transparent_1202 matches more than one built-in atlases. Default to use the first available atlas.
Sprite roguelikeSheet_transparent_295 matches more than one built-in atlases. Default to use the first available atlas.
Sprite roguelikeSheet_transparent_281 matches more than one built-in atlases. Default to use the first available atlas.
Sprite roguelikeSheet_transparent_1339 matches more than one built-in atlases. Default to use the first available atlas.
Sprite roguelikeSheet_transparent_556 matches more than one built-in atlases. Default to use the first available atlas.
Sprite roguelikeSheet_transparent_524 matches more than one built-in atlases. Default to use the first available atlas.
Sprite roguelikeSheet_transparent_536 matches more than one built-in atlases. Default to use the first available atlas.
Sprite roguelikeSheet_transparent_1203 matches more than one built-in atlases. Default to use the first available atlas.
Sprite roguelikeSheet_transparent_296 matches more than one built-in atlases. Default to use the first available atlas.
Sprite roguelikeSheet_transparent_280 matches more than one built-in atlases. Default to use the first available atlas.
Sprite roguelikeSheet_transparent_1336 matches more than one built-in atlases. Default to use the first available atlas.
Sprite roguelikeSheet_transparent_555 matches more than one built-in atlases. Default to use the first available atlas.
Sprite roguelikeSheet_transparent_525 matches more than one built-in atlases. Default to use the first available atlas.
Sprite roguelikeSheet_transparent_531 matches more than one built-in atlases. Default to use the first available atlas.
Sprite roguelikeSheet_transparent_1200 matches more than one built-in atlases. Default to use the first available atlas.
Sprite roguelikeSheet_transparent_297 matches more than one built-in atlases. Default to use the first available atlas.
Sprite roguelikeSheet_transparent_287 matches more than one built-in atlases. Default to use the first available atlas.
Sprite roguelikeSheet_transparent_1337 matches more than one built-in atlases. Default to use the first available atlas.
Sprite roguelikeSheet_transparent_554 matches more than one built-in atlases. Default to use the first available atlas.
Sprite roguelikeSheet_transparent_530 matches more than one built-in atlases. Default to use the first available atlas.
Sprite roguelikeSheet_transparent_1201 matches more than one built-in atlases. Default to use the first available atlas.
Sprite roguelikeSheet_transparent_298 matches more than one built-in atlases. Default to use the first available atlas.
Sprite roguelikeSheet_transparent_286 matches more than one built-in atlases. Default to use the first available atlas.
Sprite roguelikeSheet_transparent_218 matches more than one built-in atlases. Default to use the first available atlas.
Sprite roguelikeSheet_transparent_1334 matches more than one built-in atlases. Default to use the first available atlas.
Sprite roguelikeSheet_transparent_533 matches more than one built-in atlases. Default to use the first available atlas.
Sprite roguelikeSheet_transparent_1206 matches more than one built-in atlases. Default to use the first available atlas.
Sprite roguelikeSheet_transparent_299 matches more than one built-in atlases. Default to use the first available atlas.
Sprite roguelikeSheet_transparent_285 matches more than one built-in atlases. Default to use the first available atlas.
Sprite roguelikeSheet_transparent_219 matches more than one built-in atlases. Default to use the first available atlas.
Sprite roguelikeSheet_transparent_1335 matches more than one built-in atlases. Default to use the first available atlas.
Sprite roguelikeSheet_transparent_532 matches more than one built-in atlases. Default to use the first available atlas.
Sprite roguelikeSheet_transparent_1207 matches more than one built-in atlases. Default to use the first available atlas.
Sprite roguelikeSheet_transparent_284 matches more than one built-in atlases. Default to use the first available atlas.
Sprite roguelikeSheet_transparent_1332 matches more than one built-in atlases. Default to use the first available atlas.
Sprite roguelikeSheet_transparent_1204 matches more than one built-in atlases. Default to use the first available atlas.
Sprite roguelikeSheet_transparent_1333 matches more than one built-in atlases. Default to use the first available atlas.
Sprite roguelikeSheet_transparent_1205 matches more than one built-in atlases. Default to use the first available atlas.
Sprite roguelikeSheet_transparent_278 matches more than one built-in atlases. Default to use the first available atlas.
Sprite roguelikeSheet_transparent_1330 matches more than one built-in atlases. Default to use the first available atlas.
Sprite roguelikeSheet_transparent_289 matches more than one built-in atlases. Default to use the first available atlas.
Sprite roguelikeSheet_transparent_209 matches more than one built-in atlases. Default to use the first available atlas.
Sprite roguelikeSheet_transparent_279 matches more than one built-in atlases. Default to use the first available atlas.
Sprite roguelikeSheet_transparent_1331 matches more than one built-in atlases. Default to use the first available atlas.
Sprite roguelikeSheet_transparent_288 matches more than one built-in atlases. Default to use the first available atlas.
Sprite roguelikeSheet_transparent_208 matches more than one built-in atlases. Default to use the first available atlas.
Sprite roguelikeSheet_transparent_1208 matches more than one built-in atlases. Default to use the first available atlas.
Sprite roguelikeSheet_transparent_1209 matches more than one built-in atlases. Default to use the first available atlas.
Sprite roguelikeSheet_transparent_210 matches more than one built-in atlases. Default to use the first available atlas.
Sprite roguelikeSheet_transparent_211 matches more than one built-in atlases. Default to use the first available atlas.
Sprite roguelikeSheet_transparent_269 matches more than one built-in atlases. Default to use the first available atlas.
Sprite roguelikeSheet_transparent_212 matches more than one built-in atlases. Default to use the first available atlas.
Sprite roguelikeSheet_transparent_272 matches more than one built-in atlases. Default to use the first available atlas.
Sprite roguelikeSheet_transparent_268 matches more than one built-in atlases. Default to use the first available atlas.
Sprite roguelikeSheet_transparent_1228 matches more than one built-in atlases. Default to use the first available atlas.
Sprite roguelikeSheet_transparent_213 matches more than one built-in atlases. Default to use the first available atlas.
Sprite roguelikeSheet_transparent_203 matches more than one built-in atlases. Default to use the first available atlas.
Sprite roguelikeSheet_transparent_273 matches more than one built-in atlases. Default to use the first available atlas.
Sprite roguelikeSheet_transparent_896 matches more than one built-in atlases. Default to use the first available atlas.
Sprite roguelikeSheet_transparent_1229 matches more than one built-in atlases. Default to use the first available atlas.
Sprite roguelikeSheet_transparent_214 matches more than one built-in atlases. Default to use the first available atlas.
Sprite roguelikeSheet_transparent_202 matches more than one built-in atlases. Default to use the first available atlas.
Sprite roguelikeSheet_transparent_238 matches more than one built-in atlases. Default to use the first available atlas.
Sprite roguelikeSheet_transparent_270 matches more than one built-in atlases. Default to use the first available atlas.
Sprite roguelikeSheet_transparent_897 matches more than one built-in atlases. Default to use the first available atlas.
Sprite roguelikeSheet_transparent_215 matches more than one built-in atlases. Default to use the first available atlas.
Sprite roguelikeSheet_transparent_201 matches more than one built-in atlases. Default to use the first available atlas.
Sprite roguelikeSheet_transparent_239 matches more than one built-in atlases. Default to use the first available atlas.
Sprite roguelikeSheet_transparent_271 matches more than one built-in atlases. Default to use the first available atlas.
Sprite roguelikeSheet_transparent_265 matches more than one built-in atlases. Default to use the first available atlas.
Sprite roguelikeSheet_transparent_894 matches more than one built-in atlases. Default to use the first available atlas.
Sprite roguelikeSheet_transparent_838 matches more than one built-in atlases. Default to use the first available atlas.
Sprite roguelikeSheet_transparent_216 matches more than one built-in atlases. Default to use the first available atlas.
Sprite roguelikeSheet_transparent_200 matches more than one built-in atlases. Default to use the first available atlas.
Sprite roguelikeSheet_transparent_236 matches more than one built-in atlases. Default to use the first available atlas.
Sprite roguelikeSheet_transparent_276 matches more than one built-in atlases. Default to use the first available atlas.
Sprite roguelikeSheet_transparent_264 matches more than one built-in atlases. Default to use the first available atlas.
Sprite roguelikeSheet_transparent_1130 matches more than one built-in atlases. Default to use the first available atlas.
Sprite roguelikeSheet_transparent_373 matches more than one built-in atlases. Default to use the first available atlas.
Sprite roguelikeSheet_transparent_895 matches more than one built-in atlases. Default to use the first available atlas.
Sprite roguelikeSheet_transparent_889 matches more than one built-in atlases. Default to use the first available atlas.
Sprite roguelikeSheet_transparent_839 matches more than one built-in atlases. Default to use the first available atlas.
Sprite roguelikeSheet_transparent_1224 matches more than one built-in atlases. Default to use the first available atlas.
Sprite roguelikeSheet_transparent_217 matches more than one built-in atlases. Default to use the first available atlas.
Sprite roguelikeSheet_transparent_207 matches more than one built-in atlases. Default to use the first available atlas.
Sprite roguelikeSheet_transparent_237 matches more than one built-in atlases. Default to use the first available atlas.
Sprite roguelikeSheet_transparent_277 matches more than one built-in atlases. Default to use the first available atlas.
Sprite roguelikeSheet_transparent_267 matches more than one built-in atlases. Default to use the first available atlas.
Sprite roguelikeSheet_transparent_1131 matches more than one built-in atlases. Default to use the first available atlas.
Sprite roguelikeSheet_transparent_1181 matches more than one built-in atlases. Default to use the first available atlas.
Sprite roguelikeSheet_transparent_372 matches more than one built-in atlases. Default to use the first available atlas.
Sprite roguelikeSheet_transparent_892 matches more than one built-in atlases. Default to use the first available atlas.
Sprite roguelikeSheet_transparent_888 matches more than one built-in atlases. Default to use the first available atlas.
Sprite roguelikeSheet_transparent_1225 matches more than one built-in atlases. Default to use the first available atlas.
Sprite roguelikeSheet_transparent_1239 matches more than one built-in atlases. Default to use the first available atlas.
Sprite roguelikeSheet_transparent_206 matches more than one built-in atlases. Default to use the first available atlas.
Sprite roguelikeSheet_transparent_234 matches more than one built-in atlases. Default to use the first available atlas.
Sprite roguelikeSheet_transparent_274 matches more than one built-in atlases. Default to use the first available atlas.
Sprite roguelikeSheet_transparent_266 matches more than one built-in atlases. Default to use the first available atlas.
Sprite roguelikeSheet_transparent_1132 matches more than one built-in atlases. Default to use the first available atlas.
Sprite roguelikeSheet_transparent_1152 matches more than one built-in atlases. Default to use the first available atlas.
Sprite roguelikeSheet_transparent_1180 matches more than one built-in atlases. Default to use the first available atlas.
Sprite roguelikeSheet_transparent_371 matches more than one built-in atlases. Default to use the first available atlas.
Sprite roguelikeSheet_transparent_893 matches more than one built-in atlases. Default to use the first available atlas.
Sprite roguelikeSheet_transparent_1226 matches more than one built-in atlases. Default to use the first available atlas.
Sprite roguelikeSheet_transparent_1238 matches more than one built-in atlases. Default to use the first available atlas.
Sprite roguelikeSheet_transparent_205 matches more than one built-in atlases. Default to use the first available atlas.
Sprite roguelikeSheet_transparent_235 matches more than one built-in atlases. Default to use the first available atlas.
Sprite roguelikeSheet_transparent_275 matches more than one built-in atlases. Default to use the first available atlas.
Sprite roguelikeSheet_transparent_261 matches more than one built-in atlases. Default to use the first available atlas.
Sprite roguelikeSheet_transparent_1133 matches more than one built-in atlases. Default to use the first available atlas.
Sprite roguelikeSheet_transparent_1153 matches more than one built-in atlases. Default to use the first available atlas.
Sprite roguelikeSheet_transparent_1183 matches more than one built-in atlases. Default to use the first available atlas.
Sprite roguelikeSheet_transparent_370 matches more than one built-in atlases. Default to use the first available atlas.
Sprite roguelikeSheet_transparent_346 matches more than one built-in atlases. Default to use the first available atlas.
Sprite roguelikeSheet_transparent_890 matches more than one built-in atlases. Default to use the first available atlas.
Sprite roguelikeSheet_transparent_1227 matches more than one built-in atlases. Default to use the first available atlas.
Sprite roguelikeSheet_transparent_1237 matches more than one built-in atlases. Default to use the first available atlas.
Sprite roguelikeSheet_transparent_204 matches more than one built-in atlases. Default to use the first available atlas.
Sprite roguelikeSheet_transparent_232 matches more than one built-in atlases. Default to use the first available atlas.
Sprite roguelikeSheet_transparent_260 matches more than one built-in atlases. Default to use the first available atlas.
Sprite roguelikeSheet_transparent_1134 matches more than one built-in atlases. Default to use the first available atlas.
Sprite roguelikeSheet_transparent_1150 matches more than one built-in atlases. Default to use the first available atlas.
Sprite roguelikeSheet_transparent_1182 matches more than one built-in atlases. Default to use the first available atlas.
Sprite roguelikeSheet_transparent_377 matches more than one built-in atlases. Default to use the first available atlas.
Sprite roguelikeSheet_transparent_347 matches more than one built-in atlases. Default to use the first available atlas.
Sprite roguelikeSheet_transparent_891 matches more than one built-in atlases. Default to use the first available atlas.
Sprite roguelikeSheet_transparent_829 matches more than one built-in atlases. Default to use the first available atlas.
Sprite roguelikeSheet_transparent_1220 matches more than one built-in atlases. Default to use the first available atlas.
Sprite roguelikeSheet_transparent_1236 matches more than one built-in atlases. Default to use the first available atlas.
Sprite roguelikeSheet_transparent_233 matches more than one built-in atlases. Default to use the first available atlas.
Sprite roguelikeSheet_transparent_263 matches more than one built-in atlases. Default to use the first available atlas.
Sprite roguelikeSheet_transparent_1135 matches more than one built-in atlases. Default to use the first available atlas.
Sprite roguelikeSheet_transparent_1151 matches more than one built-in atlases. Default to use the first available atlas.
Sprite roguelikeSheet_transparent_1145 matches more than one built-in atlases. Default to use the first available atlas.
Sprite roguelikeSheet_transparent_1185 matches more than one built-in atlases. Default to use the first available atlas.
Sprite roguelikeSheet_transparent_376 matches more than one built-in atlases. Default to use the first available atlas.
Sprite roguelikeSheet_transparent_344 matches more than one built-in atlases. Default to use the first available atlas.
Sprite roguelikeSheet_transparent_828 matches more than one built-in atlases. Default to use the first available atlas.
Sprite roguelikeSheet_transparent_1221 matches more than one built-in atlases. Default to use the first available atlas.
Sprite roguelikeSheet_transparent_1235 matches more than one built-in atlases. Default to use the first available atlas.
Sprite roguelikeSheet_transparent_230 matches more than one built-in atlases. Default to use the first available atlas.
Sprite roguelikeSheet_transparent_262 matches more than one built-in atlases. Default to use the first available atlas.
Sprite roguelikeSheet_transparent_1136 matches more than one built-in atlases. Default to use the first available atlas.
Sprite roguelikeSheet_transparent_1156 matches more than one built-in atlases. Default to use the first available atlas.
Sprite roguelikeSheet_transparent_1144 matches more than one built-in atlases. Default to use the first available atlas.
Sprite roguelikeSheet_transparent_1184 matches more than one built-in atlases. Default to use the first available atlas.
Sprite roguelikeSheet_transparent_375 matches more than one built-in atlases. Default to use the first available atlas.
Sprite roguelikeSheet_transparent_345 matches more than one built-in atlases. Default to use the first available atlas.
Sprite roguelikeSheet_transparent_359 matches more than one built-in atlases. Default to use the first available atlas.
Sprite roguelikeSheet_transparent_1222 matches more than one built-in atlases. Default to use the first available atlas.
Sprite roguelikeSheet_transparent_1234 matches more than one built-in atlases. Default to use the first available atlas.
Sprite roguelikeSheet_transparent_231 matches more than one built-in atlases. Default to use the first available atlas.
Sprite roguelikeSheet_transparent_1137 matches more than one built-in atlases. Default to use the first available atlas.
Sprite roguelikeSheet_transparent_1157 matches more than one built-in atlases. Default to use the first available atlas.
Sprite roguelikeSheet_transparent_1147 matches more than one built-in atlases. Default to use the first available atlas.
Sprite roguelikeSheet_transparent_1187 matches more than one built-in atlases. Default to use the first available atlas.
Sprite roguelikeSheet_transparent_374 matches more than one built-in atlases. Default to use the first available atlas.
Sprite roguelikeSheet_transparent_342 matches more than one built-in atlases. Default to use the first available atlas.
Sprite roguelikeSheet_transparent_358 matches more than one built-in atlases. Default to use the first available atlas.
Sprite roguelikeSheet_transparent_830 matches more than one built-in atlases. Default to use the first available atlas.
Sprite roguelikeSheet_transparent_1223 matches more than one built-in atlases. Default to use the first available atlas.
Sprite roguelikeSheet_transparent_1233 matches more than one built-in atlases. Default to use the first available atlas.
Sprite roguelikeSheet_transparent_1138 matches more than one built-in atlases. Default to use the first available atlas.
Sprite roguelikeSheet_transparent_1154 matches more than one built-in atlases. Default to use the first available atlas.
Sprite roguelikeSheet_transparent_1146 matches more than one built-in atlases. Default to use the first available atlas.
Sprite roguelikeSheet_transparent_1186 matches more than one built-in atlases. Default to use the first available atlas.
Sprite roguelikeSheet_transparent_343 matches more than one built-in atlases. Default to use the first available atlas.
Sprite roguelikeSheet_transparent_881 matches more than one built-in atlases. Default to use the first available atlas.
Sprite roguelikeSheet_transparent_831 matches more than one built-in atlases. Default to use the first available atlas.
Sprite roguelikeSheet_transparent_849 matches more than one built-in atlases. Default to use the first available atlas.
Sprite roguelikeSheet_transparent_1232 matches more than one built-in atlases. Default to use the first available atlas.
Sprite roguelikeSheet_transparent_1139 matches more than one built-in atlases. Default to use the first available atlas.
Sprite roguelikeSheet_transparent_1155 matches more than one built-in atlases. Default to use the first available atlas.
Sprite roguelikeSheet_transparent_1141 matches more than one built-in atlases. Default to use the first available atlas.
Sprite roguelikeSheet_transparent_1189 matches more than one built-in atlases. Default to use the first available atlas.
Sprite roguelikeSheet_transparent_340 matches more than one built-in atlases. Default to use the first available atlas.
Sprite roguelikeSheet_transparent_880 matches more than one built-in atlases. Default to use the first available atlas.
Sprite roguelikeSheet_transparent_832 matches more than one built-in atlases. Default to use the first available atlas.
Sprite roguelikeSheet_transparent_848 matches more than one built-in atlases. Default to use the first available atlas.
Sprite roguelikeSheet_transparent_1231 matches more than one built-in atlases. Default to use the first available atlas.
Sprite roguelikeSheet_transparent_1140 matches more than one built-in atlases. Default to use the first available atlas.
Sprite roguelikeSheet_transparent_1188 matches more than one built-in atlases. Default to use the first available atlas.
Sprite roguelikeSheet_transparent_379 matches more than one built-in atlases. Default to use the first available atlas.
Sprite roguelikeSheet_transparent_341 matches more than one built-in atlases. Default to use the first available atlas.
Sprite roguelikeSheet_transparent_883 matches more than one built-in atlases. Default to use the first available atlas.
Sprite roguelikeSheet_transparent_833 matches more than one built-in atlases. Default to use the first available atlas.
Sprite roguelikeSheet_transparent_823 matches more than one built-in atlases. Default to use the first available atlas.
Sprite roguelikeSheet_transparent_1230 matches more than one built-in atlases. Default to use the first available atlas.
Sprite roguelikeSheet_transparent_1143 matches more than one built-in atlases. Default to use the first available atlas.
Sprite roguelikeSheet_transparent_378 matches more than one built-in atlases. Default to use the first available atlas.
Sprite roguelikeSheet_transparent_898 matches more than one built-in atlases. Default to use the first available atlas.
Sprite roguelikeSheet_transparent_882 matches more than one built-in atlases. Default to use the first available atlas.
Sprite roguelikeSheet_transparent_834 matches more than one built-in atlases. Default to use the first available atlas.
Sprite roguelikeSheet_transparent_822 matches more than one built-in atlases. Default to use the first available atlas.
Sprite roguelikeSheet_transparent_818 matches more than one built-in atlases. Default to use the first available atlas.
Sprite roguelikeSheet_transparent_931 matches more than one built-in atlases. Default to use the first available atlas.
Sprite roguelikeSheet_transparent_1158 matches more than one built-in atlases. Default to use the first available atlas.
Sprite roguelikeSheet_transparent_1142 matches more than one built-in atlases. Default to use the first available atlas.
Sprite roguelikeSheet_transparent_899 matches more than one built-in atlases. Default to use the first available atlas.
Sprite roguelikeSheet_transparent_885 matches more than one built-in atlases. Default to use the first available atlas.
Sprite roguelikeSheet_transparent_835 matches more than one built-in atlases. Default to use the first available atlas.
Sprite roguelikeSheet_transparent_821 matches more than one built-in atlases. Default to use the first available atlas.
Sprite roguelikeSheet_transparent_819 matches more than one built-in atlases. Default to use the first available atlas.
Sprite roguelikeSheet_transparent_845 matches more than one built-in atlases. Default to use the first available atlas.
Sprite roguelikeSheet_transparent_930 matches more than one built-in atlases. Default to use the first available atlas.
Sprite roguelikeSheet_transparent_1159 matches more than one built-in atlases. Default to use the first available atlas.
Sprite roguelikeSheet_transparent_328 matches more than one built-in atlases. Default to use the first available atlas.
Sprite roguelikeSheet_transparent_884 matches more than one built-in atlases. Default to use the first available atlas.
Sprite roguelikeSheet_transparent_836 matches more than one built-in atlases. Default to use the first available atlas.
Sprite roguelikeSheet_transparent_820 matches more than one built-in atlases. Default to use the first available atlas.
Sprite roguelikeSheet_transparent_816 matches more than one built-in atlases. Default to use the first available atlas.
Sprite roguelikeSheet_transparent_844 matches more than one built-in atlases. Default to use the first available atlas.
Sprite roguelikeSheet_transparent_933 matches more than one built-in atlases. Default to use the first available atlas.
Sprite roguelikeSheet_transparent_351 matches more than one built-in atlases. Default to use the first available atlas.
Sprite roguelikeSheet_transparent_329 matches more than one built-in atlases. Default to use the first available atlas.
Sprite roguelikeSheet_transparent_399 matches more than one built-in atlases. Default to use the first available atlas.
Sprite roguelikeSheet_transparent_887 matches more than one built-in atlases. Default to use the first available atlas.
Sprite roguelikeSheet_transparent_837 matches more than one built-in atlases. Default to use the first available atlas.
Sprite roguelikeSheet_transparent_827 matches more than one built-in atlases. Default to use the first available atlas.
Sprite roguelikeSheet_transparent_817 matches more than one built-in atlases. Default to use the first available atlas.
Sprite roguelikeSheet_transparent_847 matches more than one built-in atlases. Default to use the first available atlas.
Sprite roguelikeSheet_transparent_932 matches more than one built-in atlases. Default to use the first available atlas.
Sprite roguelikeSheet_transparent_350 matches more than one built-in atlases. Default to use the first available atlas.
Sprite roguelikeSheet_transparent_398 matches more than one built-in atlases. Default to use the first available atlas.
Sprite roguelikeSheet_transparent_886 matches more than one built-in atlases. Default to use the first available atlas.
Sprite roguelikeSheet_transparent_826 matches more than one built-in atlases. Default to use the first available atlas.
Sprite roguelikeSheet_transparent_814 matches more than one built-in atlases. Default to use the first available atlas.
Sprite roguelikeSheet_transparent_846 matches more than one built-in atlases. Default to use the first available atlas.
Sprite roguelikeSheet_transparent_935 matches more than one built-in atlases. Default to use the first available atlas.
Sprite roguelikeSheet_transparent_353 matches more than one built-in atlases. Default to use the first available atlas.
Sprite roguelikeSheet_transparent_825 matches more than one built-in atlases. Default to use the first available atlas.
Sprite roguelikeSheet_transparent_815 matches more than one built-in atlases. Default to use the first available atlas.
Sprite roguelikeSheet_transparent_841 matches more than one built-in atlases. Default to use the first available atlas.
Sprite roguelikeSheet_transparent_934 matches more than one built-in atlases. Default to use the first available atlas.
Sprite roguelikeSheet_transparent_1149 matches more than one built-in atlases. Default to use the first available atlas.
Sprite roguelikeSheet_transparent_348 matches more than one built-in atlases. Default to use the first available atlas.
Sprite roguelikeSheet_transparent_352 matches more than one built-in atlases. Default to use the first available atlas.
Sprite roguelikeSheet_transparent_324 matches more than one built-in atlases. Default to use the first available atlas.
Sprite roguelikeSheet_transparent_824 matches more than one built-in atlases. Default to use the first available atlas.
Sprite roguelikeSheet_transparent_812 matches more than one built-in atlases. Default to use the first available atlas.
Sprite roguelikeSheet_transparent_840 matches more than one built-in atlases. Default to use the first available atlas.
Sprite roguelikeSheet_transparent_937 matches more than one built-in atlases. Default to use the first available atlas.
Sprite roguelikeSheet_transparent_1148 matches more than one built-in atlases. Default to use the first available atlas.
Sprite roguelikeSheet_transparent_349 matches more than one built-in atlases. Default to use the first available atlas.
Sprite roguelikeSheet_transparent_355 matches more than one built-in atlases. Default to use the first available atlas.
Sprite roguelikeSheet_transparent_325 matches more than one built-in atlases. Default to use the first available atlas.
Sprite roguelikeSheet_transparent_395 matches more than one built-in atlases. Default to use the first available atlas.
Sprite roguelikeSheet_transparent_813 matches more than one built-in atlases. Default to use the first available atlas.
Sprite roguelikeSheet_transparent_843 matches more than one built-in atlases. Default to use the first available atlas.
Sprite roguelikeSheet_transparent_936 matches more than one built-in atlases. Default to use the first available atlas.
Sprite roguelikeSheet_transparent_354 matches more than one built-in atlases. Default to use the first available atlas.
Sprite roguelikeSheet_transparent_326 matches more than one built-in atlases. Default to use the first available atlas.
Sprite roguelikeSheet_transparent_394 matches more than one built-in atlases. Default to use the first available atlas.
Sprite roguelikeSheet_transparent_1000 matches more than one built-in atlases. Default to use the first available atlas.
Sprite roguelikeSheet_transparent_810 matches more than one built-in atlases. Default to use the first available atlas.
Sprite roguelikeSheet_transparent_842 matches more than one built-in atlases. Default to use the first available atlas.
Sprite roguelikeSheet_transparent_939 matches more than one built-in atlases. Default to use the first available atlas.
Sprite roguelikeSheet_transparent_357 matches more than one built-in atlases. Default to use the first available atlas.
Sprite roguelikeSheet_transparent_327 matches more than one built-in atlases. Default to use the first available atlas.
Sprite roguelikeSheet_transparent_397 matches more than one built-in atlases. Default to use the first available atlas.
Sprite roguelikeSheet_transparent_1001 matches more than one built-in atlases. Default to use the first available atlas.
Sprite roguelikeSheet_transparent_811 matches more than one built-in atlases. Default to use the first available atlas.
Sprite roguelikeSheet_transparent_938 matches more than one built-in atlases. Default to use the first available atlas.
Sprite roguelikeSheet_transparent_1169 matches more than one built-in atlases. Default to use the first available atlas.
Sprite roguelikeSheet_transparent_356 matches more than one built-in atlases. Default to use the first available atlas.
Sprite roguelikeSheet_transparent_320 matches more than one built-in atlases. Default to use the first available atlas.
Sprite roguelikeSheet_transparent_396 matches more than one built-in atlases. Default to use the first available atlas.
Sprite roguelikeSheet_transparent_1002 matches more than one built-in atlases. Default to use the first available atlas.
Sprite roguelikeSheet_transparent_1062 matches more than one built-in atlases. Default to use the first available atlas.
Sprite roguelikeSheet_transparent_1168 matches more than one built-in atlases. Default to use the first available atlas.
Sprite roguelikeSheet_transparent_321 matches more than one built-in atlases. Default to use the first available atlas.
Sprite roguelikeSheet_transparent_391 matches more than one built-in atlases. Default to use the first available atlas.
Sprite roguelikeSheet_transparent_1003 matches more than one built-in atlases. Default to use the first available atlas.
Sprite roguelikeSheet_transparent_1013 matches more than one built-in atlases. Default to use the first available atlas.
Sprite roguelikeSheet_transparent_1063 matches more than one built-in atlases. Default to use the first available atlas.
Sprite roguelikeSheet_transparent_1167 matches more than one built-in atlases. Default to use the first available atlas.
Sprite roguelikeSheet_transparent_322 matches more than one built-in atlases. Default to use the first available atlas.
Sprite roguelikeSheet_transparent_390 matches more than one built-in atlases. Default to use the first available atlas.
Sprite roguelikeSheet_transparent_1004 matches more than one built-in atlases. Default to use the first available atlas.
Sprite roguelikeSheet_transparent_1012 matches more than one built-in atlases. Default to use the first available atlas.
Sprite roguelikeSheet_transparent_1060 matches more than one built-in atlases. Default to use the first available atlas.
Sprite roguelikeSheet_transparent_919 matches more than one built-in atlases. Default to use the first available atlas.
Sprite roguelikeSheet_transparent_1166 matches more than one built-in atlases. Default to use the first available atlas.
Sprite roguelikeSheet_transparent_323 matches more than one built-in atlases. Default to use the first available atlas.
Sprite roguelikeSheet_transparent_393 matches more than one built-in atlases. Default to use the first available atlas.
Sprite roguelikeSheet_transparent_1005 matches more than one built-in atlases. Default to use the first available atlas.
Sprite roguelikeSheet_transparent_1011 matches more than one built-in atlases. Default to use the first available atlas.
Sprite roguelikeSheet_transparent_1061 matches more than one built-in atlases. Default to use the first available atlas.
Sprite roguelikeSheet_transparent_1075 matches more than one built-in atlases. Default to use the first available atlas.
Sprite roguelikeSheet_transparent_918 matches more than one built-in atlases. Default to use the first available atlas.
Sprite roguelikeSheet_transparent_1165 matches more than one built-in atlases. Default to use the first available atlas.
Sprite roguelikeSheet_transparent_392 matches more than one built-in atlases. Default to use the first available atlas.
Sprite roguelikeSheet_transparent_1006 matches more than one built-in atlases. Default to use the first available atlas.
Sprite roguelikeSheet_transparent_1010 matches more than one built-in atlases. Default to use the first available atlas.
Sprite roguelikeSheet_transparent_1066 matches more than one built-in atlases. Default to use the first available atlas.
Sprite roguelikeSheet_transparent_1074 matches more than one built-in atlases. Default to use the first available atlas.
Sprite roguelikeSheet_transparent_1164 matches more than one built-in atlases. Default to use the first available atlas.
Sprite roguelikeSheet_transparent_1007 matches more than one built-in atlases. Default to use the first available atlas.
Sprite roguelikeSheet_transparent_1017 matches more than one built-in atlases. Default to use the first available atlas.
Sprite roguelikeSheet_transparent_1067 matches more than one built-in atlases. Default to use the first available atlas.
Sprite roguelikeSheet_transparent_1077 matches more than one built-in atlases. Default to use the first available atlas.
Sprite roguelikeSheet_transparent_1163 matches more than one built-in atlases. Default to use the first available atlas.
Sprite roguelikeSheet_transparent_1008 matches more than one built-in atlases. Default to use the first available atlas.
Sprite roguelikeSheet_transparent_1016 matches more than one built-in atlases. Default to use the first available atlas.
Sprite roguelikeSheet_transparent_1064 matches more than one built-in atlases. Default to use the first available atlas.
Sprite roguelikeSheet_transparent_1076 matches more than one built-in atlases. Default to use the first available atlas.
Sprite roguelikeSheet_transparent_1088 matches more than one built-in atlases. Default to use the first available atlas.
Sprite roguelikeSheet_transparent_1162 matches more than one built-in atlases. Default to use the first available atlas.
Sprite roguelikeSheet_transparent_1009 matches more than one built-in atlases. Default to use the first available atlas.
Sprite roguelikeSheet_transparent_1015 matches more than one built-in atlases. Default to use the first available atlas.
Sprite roguelikeSheet_transparent_1065 matches more than one built-in atlases. Default to use the first available atlas.
Sprite roguelikeSheet_transparent_1071 matches more than one built-in atlases. Default to use the first available atlas.
Sprite roguelikeSheet_transparent_1089 matches more than one built-in atlases. Default to use the first available atlas.
Sprite roguelikeSheet_transparent_1161 matches more than one built-in atlases. Default to use the first available atlas.
Sprite roguelikeSheet_transparent_1014 matches more than one built-in atlases. Default to use the first available atlas.
Sprite roguelikeSheet_transparent_1070 matches more than one built-in atlases. Default to use the first available atlas.
Sprite roguelikeSheet_transparent_913 matches more than one built-in atlases. Default to use the first available atlas.
Sprite roguelikeSheet_transparent_1160 matches more than one built-in atlases. Default to use the first available atlas.
Sprite roguelikeSheet_transparent_1073 matches more than one built-in atlases. Default to use the first available atlas.
Sprite roguelikeSheet_transparent_912 matches more than one built-in atlases. Default to use the first available atlas.
Sprite roguelikeSheet_transparent_928 matches more than one built-in atlases. Default to use the first available atlas.
Sprite roguelikeSheet_transparent_1068 matches more than one built-in atlases. Default to use the first available atlas.
Sprite roguelikeSheet_transparent_1072 matches more than one built-in atlases. Default to use the first available atlas.
Sprite roguelikeSheet_transparent_911 matches more than one built-in atlases. Default to use the first available atlas.
Sprite roguelikeSheet_transparent_929 matches more than one built-in atlases. Default to use the first available atlas.
Sprite roguelikeSheet_transparent_1019 matches more than one built-in atlases. Default to use the first available atlas.
Sprite roguelikeSheet_transparent_1069 matches more than one built-in atlases. Default to use the first available atlas.
Sprite roguelikeSheet_transparent_910 matches more than one built-in atlases. Default to use the first available atlas.
Sprite roguelikeSheet_transparent_926 matches more than one built-in atlases. Default to use the first available atlas.
Sprite roguelikeSheet_transparent_1620 matches more than one built-in atlases. Default to use the first available atlas.
Sprite roguelikeSheet_transparent_1018 matches more than one built-in atlases. Default to use the first available atlas.
Sprite roguelikeSheet_transparent_917 matches more than one built-in atlases. Default to use the first available atlas.
Sprite roguelikeSheet_transparent_927 matches more than one built-in atlases. Default to use the first available atlas.
Sprite roguelikeSheet_transparent_1621 matches more than one built-in atlases. Default to use the first available atlas.
Sprite roguelikeSheet_transparent_694 matches more than one built-in atlases. Default to use the first available atlas.
Sprite roguelikeSheet_transparent_916 matches more than one built-in atlases. Default to use the first available atlas.
Sprite roguelikeSheet_transparent_924 matches more than one built-in atlases. Default to use the first available atlas.
Sprite roguelikeSheet_transparent_1622 matches more than one built-in atlases. Default to use the first available atlas.
Sprite roguelikeSheet_transparent_1642 matches more than one built-in atlases. Default to use the first available atlas.
Sprite roguelikeSheet_transparent_695 matches more than one built-in atlases. Default to use the first available atlas.
Sprite roguelikeSheet_transparent_1080 matches more than one built-in atlases. Default to use the first available atlas.
Sprite roguelikeSheet_transparent_915 matches more than one built-in atlases. Default to use the first available atlas.
Sprite roguelikeSheet_transparent_925 matches more than one built-in atlases. Default to use the first available atlas.
Sprite roguelikeSheet_transparent_1623 matches more than one built-in atlases. Default to use the first available atlas.
Sprite roguelikeSheet_transparent_1633 matches more than one built-in atlases. Default to use the first available atlas.
Sprite roguelikeSheet_transparent_1643 matches more than one built-in atlases. Default to use the first available atlas.
Sprite roguelikeSheet_transparent_696 matches more than one built-in atlases. Default to use the first available atlas.
Sprite roguelikeSheet_transparent_1079 matches more than one built-in atlases. Default to use the first available atlas.
Sprite roguelikeSheet_transparent_1081 matches more than one built-in atlases. Default to use the first available atlas.
Sprite roguelikeSheet_transparent_914 matches more than one built-in atlases. Default to use the first available atlas.
Sprite roguelikeSheet_transparent_922 matches more than one built-in atlases. Default to use the first available atlas.
Sprite roguelikeSheet_transparent_1624 matches more than one built-in atlases. Default to use the first available atlas.
Sprite roguelikeSheet_transparent_1632 matches more than one built-in atlases. Default to use the first available atlas.
Sprite roguelikeSheet_transparent_1640 matches more than one built-in atlases. Default to use the first available atlas.
Sprite roguelikeSheet_transparent_697 matches more than one built-in atlases. Default to use the first available atlas.
Sprite roguelikeSheet_transparent_1078 matches more than one built-in atlases. Default to use the first available atlas.
Sprite roguelikeSheet_transparent_1082 matches more than one built-in atlases. Default to use the first available atlas.
Sprite roguelikeSheet_transparent_923 matches more than one built-in atlases. Default to use the first available atlas.
Sprite roguelikeSheet_transparent_1625 matches more than one built-in atlases. Default to use the first available atlas.
Sprite roguelikeSheet_transparent_1631 matches more than one built-in atlases. Default to use the first available atlas.
Sprite roguelikeSheet_transparent_1641 matches more than one built-in atlases. Default to use the first available atlas.
Sprite roguelikeSheet_transparent_1655 matches more than one built-in atlases. Default to use the first available atlas.
Sprite roguelikeSheet_transparent_690 matches more than one built-in atlases. Default to use the first available atlas.
Sprite roguelikeSheet_transparent_1083 matches more than one built-in atlases. Default to use the first available atlas.
Sprite roguelikeSheet_transparent_920 matches more than one built-in atlases. Default to use the first available atlas.
Sprite roguelikeSheet_transparent_1626 matches more than one built-in atlases. Default to use the first available atlas.
Sprite roguelikeSheet_transparent_1630 matches more than one built-in atlases. Default to use the first available atlas.
Sprite roguelikeSheet_transparent_1606 matches more than one built-in atlases. Default to use the first available atlas.
Sprite roguelikeSheet_transparent_1646 matches more than one built-in atlases. Default to use the first available atlas.
Sprite roguelikeSheet_transparent_1654 matches more than one built-in atlases. Default to use the first available atlas.
Sprite roguelikeSheet_transparent_669 matches more than one built-in atlases. Default to use the first available atlas.
Sprite roguelikeSheet_transparent_691 matches more than one built-in atlases. Default to use the first available atlas.
Sprite roguelikeSheet_transparent_1084 matches more than one built-in atlases. Default to use the first available atlas.
Sprite roguelikeSheet_transparent_921 matches more than one built-in atlases. Default to use the first available atlas.
Sprite roguelikeSheet_transparent_1627 matches more than one built-in atlases. Default to use the first available atlas.
Sprite roguelikeSheet_transparent_1637 matches more than one built-in atlases. Default to use the first available atlas.
Sprite roguelikeSheet_transparent_1607 matches more than one built-in atlases. Default to use the first available atlas.
Sprite roguelikeSheet_transparent_1647 matches more than one built-in atlases. Default to use the first available atlas.
Sprite roguelikeSheet_transparent_1657 matches more than one built-in atlases. Default to use the first available atlas.
Sprite roguelikeSheet_transparent_668 matches more than one built-in atlases. Default to use the first available atlas.
Sprite roguelikeSheet_transparent_692 matches more than one built-in atlases. Default to use the first available atlas.
Sprite roguelikeSheet_transparent_1085 matches more than one built-in atlases. Default to use the first available atlas.
Sprite roguelikeSheet_transparent_1628 matches more than one built-in atlases. Default to use the first available atlas.
Sprite roguelikeSheet_transparent_1636 matches more than one built-in atlases. Default to use the first available atlas.
Sprite roguelikeSheet_transparent_1604 matches more than one built-in atlases. Default to use the first available atlas.
Sprite roguelikeSheet_transparent_1644 matches more than one built-in atlases. Default to use the first available atlas.
Sprite roguelikeSheet_transparent_1656 matches more than one built-in atlases. Default to use the first available atlas.
Sprite roguelikeSheet_transparent_693 matches more than one built-in atlases. Default to use the first available atlas.
Sprite roguelikeSheet_transparent_1086 matches more than one built-in atlases. Default to use the first available atlas.
Sprite roguelikeSheet_transparent_1629 matches more than one built-in atlases. Default to use the first available atlas.
Sprite roguelikeSheet_transparent_1635 matches more than one built-in atlases. Default to use the first available atlas.
Sprite roguelikeSheet_transparent_1605 matches more than one built-in atlases. Default to use the first available atlas.
Sprite roguelikeSheet_transparent_1645 matches more than one built-in atlases. Default to use the first available atlas.
Sprite roguelikeSheet_transparent_1651 matches more than one built-in atlases. Default to use the first available atlas.
Sprite roguelikeSheet_transparent_1087 matches more than one built-in atlases. Default to use the first available atlas.
Sprite roguelikeSheet_transparent_1634 matches more than one built-in atlases. Default to use the first available atlas.
Sprite roguelikeSheet_transparent_1602 matches more than one built-in atlases. Default to use the first available atlas.
Sprite roguelikeSheet_transparent_1650 matches more than one built-in atlases. Default to use the first available atlas.
Sprite roguelikeSheet_transparent_1603 matches more than one built-in atlases. Default to use the first available atlas.
Sprite roguelikeSheet_transparent_1653 matches more than one built-in atlases. Default to use the first available atlas.
Sprite roguelikeSheet_transparent_139 matches more than one built-in atlases. Default to use the first available atlas.
Sprite roguelikeSheet_transparent_1600 matches more than one built-in atlases. Default to use the first available atlas.
Sprite roguelikeSheet_transparent_1648 matches more than one built-in atlases. Default to use the first available atlas.
Sprite roguelikeSheet_transparent_1652 matches more than one built-in atlases. Default to use the first available atlas.
Sprite roguelikeSheet_transparent_138 matches more than one built-in atlases. Default to use the first available atlas.
Sprite roguelikeSheet_transparent_1639 matches more than one built-in atlases. Default to use the first available atlas.
Sprite roguelikeSheet_transparent_1601 matches more than one built-in atlases. Default to use the first available atlas.
Sprite roguelikeSheet_transparent_1649 matches more than one built-in atlases. Default to use the first available atlas.
Sprite roguelikeSheet_transparent_618 matches more than one built-in atlases. Default to use the first available atlas.
Sprite roguelikeSheet_transparent_698 matches more than one built-in atlases. Default to use the first available atlas.
Sprite roguelikeSheet_transparent_1638 matches more than one built-in atlases. Default to use the first available atlas.
Sprite roguelikeSheet_transparent_661 matches more than one built-in atlases. Default to use the first available atlas.
Sprite roguelikeSheet_transparent_619 matches more than one built-in atlases. Default to use the first available atlas.
Sprite roguelikeSheet_transparent_699 matches more than one built-in atlases. Default to use the first available atlas.
Sprite roguelikeSheet_transparent_660 matches more than one built-in atlases. Default to use the first available atlas.
Sprite roguelikeSheet_transparent_663 matches more than one built-in atlases. Default to use the first available atlas.
Sprite roguelikeSheet_transparent_791 matches more than one built-in atlases. Default to use the first available atlas.
Sprite roguelikeSheet_transparent_1659 matches more than one built-in atlases. Default to use the first available atlas.
Sprite roguelikeSheet_transparent_662 matches more than one built-in atlases. Default to use the first available atlas.
Sprite roguelikeSheet_transparent_614 matches more than one built-in atlases. Default to use the first available atlas.
Sprite roguelikeSheet_transparent_742 matches more than one built-in atlases. Default to use the first available atlas.
Sprite roguelikeSheet_transparent_790 matches more than one built-in atlases. Default to use the first available atlas.
Sprite roguelikeSheet_transparent_1658 matches more than one built-in atlases. Default to use the first available atlas.
Sprite roguelikeSheet_transparent_665 matches more than one built-in atlases. Default to use the first available atlas.
Sprite roguelikeSheet_transparent_615 matches more than one built-in atlases. Default to use the first available atlas.
Sprite roguelikeSheet_transparent_609 matches more than one built-in atlases. Default to use the first available atlas.
Sprite roguelikeSheet_transparent_743 matches more than one built-in atlases. Default to use the first available atlas.
Sprite roguelikeSheet_transparent_793 matches more than one built-in atlases. Default to use the first available atlas.
Sprite roguelikeSheet_transparent_148 matches more than one built-in atlases. Default to use the first available atlas.
Sprite roguelikeSheet_transparent_664 matches more than one built-in atlases. Default to use the first available atlas.
Sprite roguelikeSheet_transparent_616 matches more than one built-in atlases. Default to use the first available atlas.
Sprite roguelikeSheet_transparent_608 matches more than one built-in atlases. Default to use the first available atlas.
Sprite roguelikeSheet_transparent_740 matches more than one built-in atlases. Default to use the first available atlas.
Sprite roguelikeSheet_transparent_792 matches more than one built-in atlases. Default to use the first available atlas.
Sprite roguelikeSheet_transparent_1541 matches more than one built-in atlases. Default to use the first available atlas.
Sprite roguelikeSheet_transparent_131 matches more than one built-in atlases. Default to use the first available atlas.
Sprite roguelikeSheet_transparent_149 matches more than one built-in atlases. Default to use the first available atlas.
Sprite roguelikeSheet_transparent_1608 matches more than one built-in atlases. Default to use the first available atlas.
Sprite roguelikeSheet_transparent_667 matches more than one built-in atlases. Default to use the first available atlas.
Sprite roguelikeSheet_transparent_617 matches more than one built-in atlases. Default to use the first available atlas.
Sprite roguelikeSheet_transparent_607 matches more than one built-in atlases. Default to use the first available atlas.
Sprite roguelikeSheet_transparent_741 matches more than one built-in atlases. Default to use the first available atlas.
Sprite roguelikeSheet_transparent_795 matches more than one built-in atlases. Default to use the first available atlas.
Sprite roguelikeSheet_transparent_1592 matches more than one built-in atlases. Default to use the first available atlas.
Sprite roguelikeSheet_transparent_1540 matches more than one built-in atlases. Default to use the first available atlas.
Sprite roguelikeSheet_transparent_130 matches more than one built-in atlases. Default to use the first available atlas.
Sprite roguelikeSheet_transparent_1609 matches more than one built-in atlases. Default to use the first available atlas.
Sprite roguelikeSheet_transparent_666 matches more than one built-in atlases. Default to use the first available atlas.
Sprite roguelikeSheet_transparent_610 matches more than one built-in atlases. Default to use the first available atlas.
Sprite roguelikeSheet_transparent_606 matches more than one built-in atlases. Default to use the first available atlas.
Sprite roguelikeSheet_transparent_746 matches more than one built-in atlases. Default to use the first available atlas.
Sprite roguelikeSheet_transparent_794 matches more than one built-in atlases. Default to use the first available atlas.
Sprite roguelikeSheet_transparent_1593 matches more than one built-in atlases. Default to use the first available atlas.
Sprite roguelikeSheet_transparent_1543 matches more than one built-in atlases. Default to use the first available atlas.
Sprite roguelikeSheet_transparent_133 matches more than one built-in atlases. Default to use the first available atlas.
Sprite roguelikeSheet_transparent_611 matches more than one built-in atlases. Default to use the first available atlas.
Sprite roguelikeSheet_transparent_605 matches more than one built-in atlases. Default to use the first available atlas.
Sprite roguelikeSheet_transparent_747 matches more than one built-in atlases. Default to use the first available atlas.
Sprite roguelikeSheet_transparent_797 matches more than one built-in atlases. Default to use the first available atlas.
Sprite roguelikeSheet_transparent_1590 matches more than one built-in atlases. Default to use the first available atlas.
Sprite roguelikeSheet_transparent_1542 matches more than one built-in atlases. Default to use the first available atlas.
Sprite roguelikeSheet_transparent_1534 matches more than one built-in atlases. Default to use the first available atlas.
Sprite roguelikeSheet_transparent_132 matches more than one built-in atlases. Default to use the first available atlas.
Sprite roguelikeSheet_transparent_144 matches more than one built-in atlases. Default to use the first available atlas.
Sprite roguelikeSheet_transparent_612 matches more than one built-in atlases. Default to use the first available atlas.
Sprite roguelikeSheet_transparent_604 matches more than one built-in atlases. Default to use the first available atlas.
Sprite roguelikeSheet_transparent_744 matches more than one built-in atlases. Default to use the first available atlas.
Sprite roguelikeSheet_transparent_796 matches more than one built-in atlases. Default to use the first available atlas.
Sprite roguelikeSheet_transparent_1591 matches more than one built-in atlases. Default to use the first available atlas.
Sprite roguelikeSheet_transparent_1585 matches more than one built-in atlases. Default to use the first available atlas.
Sprite roguelikeSheet_transparent_1545 matches more than one built-in atlases. Default to use the first available atlas.
Sprite roguelikeSheet_transparent_1535 matches more than one built-in atlases. Default to use the first available atlas.
Sprite roguelikeSheet_transparent_135 matches more than one built-in atlases. Default to use the first available atlas.
Sprite roguelikeSheet_transparent_145 matches more than one built-in atlases. Default to use the first available atlas.
Sprite roguelikeSheet_transparent_159 matches more than one built-in atlases. Default to use the first available atlas.
Sprite roguelikeSheet_transparent_613 matches more than one built-in atlases. Default to use the first available atlas.
Sprite roguelikeSheet_transparent_603 matches more than one built-in atlases. Default to use the first available atlas.
Sprite roguelikeSheet_transparent_745 matches more than one built-in atlases. Default to use the first available atlas.
Sprite roguelikeSheet_transparent_799 matches more than one built-in atlases. Default to use the first available atlas.
Sprite roguelikeSheet_transparent_1596 matches more than one built-in atlases. Default to use the first available atlas.
Sprite roguelikeSheet_transparent_1584 matches more than one built-in atlases. Default to use the first available atlas.
Sprite roguelikeSheet_transparent_1544 matches more than one built-in atlases. Default to use the first available atlas.
Sprite roguelikeSheet_transparent_1536 matches more than one built-in atlases. Default to use the first available atlas.
Sprite roguelikeSheet_transparent_134 matches more than one built-in atlases. Default to use the first available atlas.
Sprite roguelikeSheet_transparent_146 matches more than one built-in atlases. Default to use the first available atlas.
Sprite roguelikeSheet_transparent_158 matches more than one built-in atlases. Default to use the first available atlas.
Sprite roguelikeSheet_transparent_602 matches more than one built-in atlases. Default to use the first available atlas.
Sprite roguelikeSheet_transparent_798 matches more than one built-in atlases. Default to use the first available atlas.
Sprite roguelikeSheet_transparent_1597 matches more than one built-in atlases. Default to use the first available atlas.
Sprite roguelikeSheet_transparent_1587 matches more than one built-in atlases. Default to use the first available atlas.
Sprite roguelikeSheet_transparent_1547 matches more than one built-in atlases. Default to use the first available atlas.
Sprite roguelikeSheet_transparent_1537 matches more than one built-in atlases. Default to use the first available atlas.
Sprite roguelikeSheet_transparent_1527 matches more than one built-in atlases. Default to use the first available atlas.
Sprite roguelikeSheet_transparent_137 matches more than one built-in atlases. Default to use the first available atlas.
Sprite roguelikeSheet_transparent_147 matches more than one built-in atlases. Default to use the first available atlas.
Sprite roguelikeSheet_transparent_157 matches more than one built-in atlases. Default to use the first available atlas.
Sprite roguelikeSheet_transparent_601 matches more than one built-in atlases. Default to use the first available atlas.
Sprite roguelikeSheet_transparent_1594 matches more than one built-in atlases. Default to use the first available atlas.
Sprite roguelikeSheet_transparent_1586 matches more than one built-in atlases. Default to use the first available atlas.
Sprite roguelikeSheet_transparent_1546 matches more than one built-in atlases. Default to use the first available atlas.
Sprite roguelikeSheet_transparent_1530 matches more than one built-in atlases. Default to use the first available atlas.
Sprite roguelikeSheet_transparent_1526 matches more than one built-in atlases. Default to use the first available atlas.
Sprite roguelikeSheet_transparent_136 matches more than one built-in atlases. Default to use the first available atlas.
Sprite roguelikeSheet_transparent_140 matches more than one built-in atlases. Default to use the first available atlas.
Sprite roguelikeSheet_transparent_156 matches more than one built-in atlases. Default to use the first available atlas.
Sprite roguelikeSheet_transparent_600 matches more than one built-in atlases. Default to use the first available atlas.
Sprite roguelikeSheet_transparent_748 matches more than one built-in atlases. Default to use the first available atlas.
Sprite roguelikeSheet_transparent_1595 matches more than one built-in atlases. Default to use the first available atlas.
Sprite roguelikeSheet_transparent_1581 matches more than one built-in atlases. Default to use the first available atlas.
Sprite roguelikeSheet_transparent_1549 matches more than one built-in atlases. Default to use the first available atlas.
Sprite roguelikeSheet_transparent_1531 matches more than one built-in atlases. Default to use the first available atlas.
Sprite roguelikeSheet_transparent_1525 matches more than one built-in atlases. Default to use the first available atlas.
Sprite roguelikeSheet_transparent_141 matches more than one built-in atlases. Default to use the first available atlas.
Sprite roguelikeSheet_transparent_155 matches more than one built-in atlases. Default to use the first available atlas.
Sprite roguelikeSheet_transparent_749 matches more than one built-in atlases. Default to use the first available atlas.
Sprite roguelikeSheet_transparent_1580 matches more than one built-in atlases. Default to use the first available atlas.
Sprite roguelikeSheet_transparent_1548 matches more than one built-in atlases. Default to use the first available atlas.
Sprite roguelikeSheet_transparent_1532 matches more than one built-in atlases. Default to use the first available atlas.
Sprite roguelikeSheet_transparent_1524 matches more than one built-in atlases. Default to use the first available atlas.
Sprite roguelikeSheet_transparent_10 matches more than one built-in atlases. Default to use the first available atlas.
Sprite roguelikeSheet_transparent_142 matches more than one built-in atlases. Default to use the first available atlas.
Sprite roguelikeSheet_transparent_154 matches more than one built-in atlases. Default to use the first available atlas.
Sprite roguelikeSheet_transparent_1583 matches more than one built-in atlases. Default to use the first available atlas.
Sprite roguelikeSheet_transparent_1533 matches more than one built-in atlases. Default to use the first available atlas.
Sprite roguelikeSheet_transparent_1523 matches more than one built-in atlases. Default to use the first available atlas.
Sprite roguelikeSheet_transparent_11 matches more than one built-in atlases. Default to use the first available atlas.
Sprite roguelikeSheet_transparent_143 matches more than one built-in atlases. Default to use the first available atlas.
Sprite roguelikeSheet_transparent_153 matches more than one built-in atlases. Default to use the first available atlas.
Sprite roguelikeSheet_transparent_1598 matches more than one built-in atlases. Default to use the first available atlas.
Sprite roguelikeSheet_transparent_1582 matches more than one built-in atlases. Default to use the first available atlas.
Sprite roguelikeSheet_transparent_1522 matches more than one built-in atlases. Default to use the first available atlas.
Sprite roguelikeSheet_transparent_1518 matches more than one built-in atlases. Default to use the first available atlas.
Sprite roguelikeSheet_transparent_12 matches more than one built-in atlases. Default to use the first available atlas.
Sprite roguelikeSheet_transparent_152 matches more than one built-in atlases. Default to use the first available atlas.
Sprite roguelikeSheet_transparent_768 matches more than one built-in atlases. Default to use the first available atlas.
Sprite roguelikeSheet_transparent_1599 matches more than one built-in atlases. Default to use the first available atlas.
Sprite roguelikeSheet_transparent_1521 matches more than one built-in atlases. Default to use the first available atlas.
Sprite roguelikeSheet_transparent_1519 matches more than one built-in atlases. Default to use the first available atlas.
Sprite roguelikeSheet_transparent_13 matches more than one built-in atlases. Default to use the first available atlas.
Sprite roguelikeSheet_transparent_151 matches more than one built-in atlases. Default to use the first available atlas.
Sprite roguelikeSheet_transparent_769 matches more than one built-in atlases. Default to use the first available atlas.
Sprite roguelikeSheet_transparent_1520 matches more than one built-in atlases. Default to use the first available atlas.
Sprite roguelikeSheet_transparent_14 matches more than one built-in atlases. Default to use the first available atlas.
Sprite roguelikeSheet_transparent_150 matches more than one built-in atlases. Default to use the first available atlas.
Sprite roguelikeSheet_transparent_15 matches more than one built-in atlases. Default to use the first available atlas.
Sprite roguelikeSheet_transparent_65 matches more than one built-in atlases. Default to use the first available atlas.
Sprite roguelikeSheet_transparent_1538 matches more than one built-in atlases. Default to use the first available atlas.
Sprite roguelikeSheet_transparent_16 matches more than one built-in atlases. Default to use the first available atlas.
Sprite roguelikeSheet_transparent_36 matches more than one built-in atlases. Default to use the first available atlas.
Sprite roguelikeSheet_transparent_64 matches more than one built-in atlases. Default to use the first available atlas.
Sprite roguelikeSheet_transparent_764 matches more than one built-in atlases. Default to use the first available atlas.
Sprite roguelikeSheet_transparent_1589 matches more than one built-in atlases. Default to use the first available atlas.
Sprite roguelikeSheet_transparent_1539 matches more than one built-in atlases. Default to use the first available atlas.
Sprite roguelikeSheet_transparent_17 matches more than one built-in atlases. Default to use the first available atlas.
Sprite roguelikeSheet_transparent_37 matches more than one built-in atlases. Default to use the first available atlas.
Sprite roguelikeSheet_transparent_67 matches more than one built-in atlases. Default to use the first available atlas.
Sprite roguelikeSheet_transparent_441 matches more than one built-in atlases. Default to use the first available atlas.
Sprite roguelikeSheet_transparent_765 matches more than one built-in atlases. Default to use the first available atlas.
Sprite roguelikeSheet_transparent_779 matches more than one built-in atlases. Default to use the first available atlas.
Sprite roguelikeSheet_transparent_1588 matches more than one built-in atlases. Default to use the first available atlas.
Sprite roguelikeSheet_transparent_1512 matches more than one built-in atlases. Default to use the first available atlas.
Sprite roguelikeSheet_transparent_18 matches more than one built-in atlases. Default to use the first available atlas.
Sprite roguelikeSheet_transparent_34 matches more than one built-in atlases. Default to use the first available atlas.
Sprite roguelikeSheet_transparent_66 matches more than one built-in atlases. Default to use the first available atlas.
Sprite roguelikeSheet_transparent_98 matches more than one built-in atlases. Default to use the first available atlas.
Sprite roguelikeSheet_transparent_440 matches more than one built-in atlases. Default to use the first available atlas.
Sprite roguelikeSheet_transparent_766 matches more than one built-in atlases. Default to use the first available atlas.
Sprite roguelikeSheet_transparent_778 matches more than one built-in atlases. Default to use the first available atlas.
Sprite roguelikeSheet_transparent_1513 matches more than one built-in atlases. Default to use the first available atlas.
Sprite roguelikeSheet_transparent_19 matches more than one built-in atlases. Default to use the first available atlas.
Sprite roguelikeSheet_transparent_35 matches more than one built-in atlases. Default to use the first available atlas.
Sprite roguelikeSheet_transparent_29 matches more than one built-in atlases. Default to use the first available atlas.
Sprite roguelikeSheet_transparent_61 matches more than one built-in atlases. Default to use the first available atlas.
Sprite roguelikeSheet_transparent_99 matches more than one built-in atlases. Default to use the first available atlas.
Sprite roguelikeSheet_transparent_443 matches more than one built-in atlases. Default to use the first available atlas.
Sprite roguelikeSheet_transparent_767 matches more than one built-in atlases. Default to use the first available atlas.
Sprite roguelikeSheet_transparent_777 matches more than one built-in atlases. Default to use the first available atlas.
Sprite roguelikeSheet_transparent_1510 matches more than one built-in atlases. Default to use the first available atlas.
Sprite roguelikeSheet_transparent_32 matches more than one built-in atlases. Default to use the first available atlas.
Sprite roguelikeSheet_transparent_28 matches more than one built-in atlases. Default to use the first available atlas.
Sprite roguelikeSheet_transparent_60 matches more than one built-in atlases. Default to use the first available atlas.
Sprite roguelikeSheet_transparent_442 matches more than one built-in atlases. Default to use the first available atlas.
Sprite roguelikeSheet_transparent_760 matches more than one built-in atlases. Default to use the first available atlas.
Sprite roguelikeSheet_transparent_776 matches more than one built-in atlases. Default to use the first available atlas.
Sprite roguelikeSheet_transparent_1529 matches more than one built-in atlases. Default to use the first available atlas.
Sprite roguelikeSheet_transparent_1511 matches more than one built-in atlases. Default to use the first available atlas.
Sprite roguelikeSheet_transparent_33 matches more than one built-in atlases. Default to use the first available atlas.
Sprite roguelikeSheet_transparent_63 matches more than one built-in atlases. Default to use the first available atlas.
Sprite roguelikeSheet_transparent_445 matches more than one built-in atlases. Default to use the first available atlas.
Sprite roguelikeSheet_transparent_761 matches more than one built-in atlases. Default to use the first available atlas.
Sprite roguelikeSheet_transparent_775 matches more than one built-in atlases. Default to use the first available atlas.
Sprite roguelikeSheet_transparent_1528 matches more than one built-in atlases. Default to use the first available atlas.
Sprite roguelikeSheet_transparent_1516 matches more than one built-in atlases. Default to use the first available atlas.
Sprite roguelikeSheet_transparent_30 matches more than one built-in atlases. Default to use the first available atlas.
Sprite roguelikeSheet_transparent_62 matches more than one built-in atlases. Default to use the first available atlas.
Sprite roguelikeSheet_transparent_444 matches more than one built-in atlases. Default to use the first available atlas.
Sprite roguelikeSheet_transparent_762 matches more than one built-in atlases. Default to use the first available atlas.
Sprite roguelikeSheet_transparent_774 matches more than one built-in atlases. Default to use the first available atlas.
Sprite roguelikeSheet_transparent_1517 matches more than one built-in atlases. Default to use the first available atlas.
Sprite roguelikeSheet_transparent_31 matches more than one built-in atlases. Default to use the first available atlas.
Sprite roguelikeSheet_transparent_89 matches more than one built-in atlases. Default to use the first available atlas.
Sprite roguelikeSheet_transparent_1404 matches more than one built-in atlases. Default to use the first available atlas.
Sprite roguelikeSheet_transparent_447 matches more than one built-in atlases. Default to use the first available atlas.
Sprite roguelikeSheet_transparent_763 matches more than one built-in atlases. Default to use the first available atlas.
Sprite roguelikeSheet_transparent_773 matches more than one built-in atlases. Default to use the first available atlas.
Sprite roguelikeSheet_transparent_1514 matches more than one built-in atlases. Default to use the first available atlas.
Sprite roguelikeSheet_transparent_88 matches more than one built-in atlases. Default to use the first available atlas.
Sprite roguelikeSheet_transparent_1405 matches more than one built-in atlases. Default to use the first available atlas.
Sprite roguelikeSheet_transparent_446 matches more than one built-in atlases. Default to use the first available atlas.
Sprite roguelikeSheet_transparent_772 matches more than one built-in atlases. Default to use the first available atlas.
Sprite roguelikeSheet_transparent_1515 matches more than one built-in atlases. Default to use the first available atlas.
Sprite roguelikeSheet_transparent_1406 matches more than one built-in atlases. Default to use the first available atlas.
Sprite roguelikeSheet_transparent_449 matches more than one built-in atlases. Default to use the first available atlas.
Sprite roguelikeSheet_transparent_771 matches more than one built-in atlases. Default to use the first available atlas.
Sprite roguelikeSheet_transparent_90 matches more than one built-in atlases. Default to use the first available atlas.
Sprite roguelikeSheet_transparent_1407 matches more than one built-in atlases. Default to use the first available atlas.
Sprite roguelikeSheet_transparent_1417 matches more than one built-in atlases. Default to use the first available atlas.
Sprite roguelikeSheet_transparent_448 matches more than one built-in atlases. Default to use the first available atlas.
Sprite roguelikeSheet_transparent_770 matches more than one built-in atlases. Default to use the first available atlas.
Sprite roguelikeSheet_transparent_21 matches more than one built-in atlases. Default to use the first available atlas.
Sprite roguelikeSheet_transparent_69 matches more than one built-in atlases. Default to use the first available atlas.
Sprite roguelikeSheet_transparent_91 matches more than one built-in atlases. Default to use the first available atlas.
Sprite roguelikeSheet_transparent_1448 matches more than one built-in atlases. Default to use the first available atlas.
Sprite roguelikeSheet_transparent_1400 matches more than one built-in atlases. Default to use the first available atlas.
Sprite roguelikeSheet_transparent_1416 matches more than one built-in atlases. Default to use the first available atlas.
Sprite roguelikeSheet_transparent_20 matches more than one built-in atlases. Default to use the first available atlas.
Sprite roguelikeSheet_transparent_68 matches more than one built-in atlases. Default to use the first available atlas.
Sprite roguelikeSheet_transparent_92 matches more than one built-in atlases. Default to use the first available atlas.
Sprite roguelikeSheet_transparent_1449 matches more than one built-in atlases. Default to use the first available atlas.
Sprite roguelikeSheet_transparent_1401 matches more than one built-in atlases. Default to use the first available atlas.
Sprite roguelikeSheet_transparent_1415 matches more than one built-in atlases. Default to use the first available atlas.
Sprite roguelikeSheet_transparent_23 matches more than one built-in atlases. Default to use the first available atlas.
Sprite roguelikeSheet_transparent_93 matches more than one built-in atlases. Default to use the first available atlas.
Sprite roguelikeSheet_transparent_83 matches more than one built-in atlases. Default to use the first available atlas.
Sprite roguelikeSheet_transparent_1402 matches more than one built-in atlases. Default to use the first available atlas.
Sprite roguelikeSheet_transparent_1414 matches more than one built-in atlases. Default to use the first available atlas.
Sprite roguelikeSheet_transparent_469 matches more than one built-in atlases. Default to use the first available atlas.
Sprite roguelikeSheet_transparent_38 matches more than one built-in atlases. Default to use the first available atlas.
Sprite roguelikeSheet_transparent_22 matches more than one built-in atlases. Default to use the first available atlas.
Sprite roguelikeSheet_transparent_94 matches more than one built-in atlases. Default to use the first available atlas.
Sprite roguelikeSheet_transparent_82 matches more than one built-in atlases. Default to use the first available atlas.
Sprite roguelikeSheet_transparent_1403 matches more than one built-in atlases. Default to use the first available atlas.
Sprite roguelikeSheet_transparent_1413 matches more than one built-in atlases. Default to use the first available atlas.
Sprite roguelikeSheet_transparent_468 matches more than one built-in atlases. Default to use the first available atlas.
Sprite roguelikeSheet_transparent_39 matches more than one built-in atlases. Default to use the first available atlas.
Sprite roguelikeSheet_transparent_25 matches more than one built-in atlases. Default to use the first available atlas.
Sprite roguelikeSheet_transparent_95 matches more than one built-in atlases. Default to use the first available atlas.
Sprite roguelikeSheet_transparent_81 matches more than one built-in atlases. Default to use the first available atlas.
Sprite roguelikeSheet_transparent_1412 matches more than one built-in atlases. Default to use the first available atlas.
Sprite roguelikeSheet_transparent_1428 matches more than one built-in atlases. Default to use the first available atlas.
Sprite roguelikeSheet_transparent_24 matches more than one built-in atlases. Default to use the first available atlas.
Sprite roguelikeSheet_transparent_96 matches more than one built-in atlases. Default to use the first available atlas.
Sprite roguelikeSheet_transparent_80 matches more than one built-in atlases. Default to use the first available atlas.
Sprite roguelikeSheet_transparent_1411 matches more than one built-in atlases. Default to use the first available atlas.
Sprite roguelikeSheet_transparent_1429 matches more than one built-in atlases. Default to use the first available atlas.
Sprite roguelikeSheet_transparent_27 matches more than one built-in atlases. Default to use the first available atlas.
Sprite roguelikeSheet_transparent_97 matches more than one built-in atlases. Default to use the first available atlas.
Sprite roguelikeSheet_transparent_87 matches more than one built-in atlases. Default to use the first available atlas.
Sprite roguelikeSheet_transparent_1410 matches more than one built-in atlases. Default to use the first available atlas.
Sprite roguelikeSheet_transparent_26 matches more than one built-in atlases. Default to use the first available atlas.
Sprite roguelikeSheet_transparent_86 matches more than one built-in atlases. Default to use the first available atlas.
Sprite roguelikeSheet_transparent_85 matches more than one built-in atlases. Default to use the first available atlas.
Sprite roguelikeSheet_transparent_1440 matches more than one built-in atlases. Default to use the first available atlas.
Sprite roguelikeSheet_transparent_1408 matches more than one built-in atlases. Default to use the first available atlas.
Sprite roguelikeSheet_transparent_463 matches more than one built-in atlases. Default to use the first available atlas.
Sprite roguelikeSheet_transparent_84 matches more than one built-in atlases. Default to use the first available atlas.
Sprite roguelikeSheet_transparent_1441 matches more than one built-in atlases. Default to use the first available atlas.
Sprite roguelikeSheet_transparent_1409 matches more than one built-in atlases. Default to use the first available atlas.
Sprite roguelikeSheet_transparent_1439 matches more than one built-in atlases. Default to use the first available atlas.
Sprite roguelikeSheet_transparent_462 matches more than one built-in atlases. Default to use the first available atlas.
Sprite roguelikeSheet_transparent_458 matches more than one built-in atlases. Default to use the first available atlas.
Sprite roguelikeSheet_transparent_571 matches more than one built-in atlases. Default to use the first available atlas.
Sprite roguelikeSheet_transparent_1442 matches more than one built-in atlases. Default to use the first available atlas.
Sprite roguelikeSheet_transparent_1422 matches more than one built-in atlases. Default to use the first available atlas.
Sprite roguelikeSheet_transparent_1438 matches more than one built-in atlases. Default to use the first available atlas.
Sprite roguelikeSheet_transparent_461 matches more than one built-in atlases. Default to use the first available atlas.
Sprite roguelikeSheet_transparent_459 matches more than one built-in atlases. Default to use the first available atlas.
Sprite roguelikeSheet_transparent_570 matches more than one built-in atlases. Default to use the first available atlas.
Sprite roguelikeSheet_transparent_1443 matches more than one built-in atlases. Default to use the first available atlas.
Sprite roguelikeSheet_transparent_1423 matches more than one built-in atlases. Default to use the first available atlas.
Sprite roguelikeSheet_transparent_460 matches more than one built-in atlases. Default to use the first available atlas.
Sprite roguelikeSheet_transparent_456 matches more than one built-in atlases. Default to use the first available atlas.
Sprite roguelikeSheet_transparent_1390 matches more than one built-in atlases. Default to use the first available atlas.
Sprite roguelikeSheet_transparent_573 matches more than one built-in atlases. Default to use the first available atlas.
Sprite roguelikeSheet_transparent_1444 matches more than one built-in atlases. Default to use the first available atlas.
Sprite roguelikeSheet_transparent_1420 matches more than one built-in atlases. Default to use the first available atlas.
Sprite roguelikeSheet_transparent_467 matches more than one built-in atlases. Default to use the first available atlas.
Sprite roguelikeSheet_transparent_457 matches more than one built-in atlases. Default to use the first available atlas.
Sprite roguelikeSheet_transparent_1391 matches more than one built-in atlases. Default to use the first available atlas.
Sprite roguelikeSheet_transparent_572 matches more than one built-in atlases. Default to use the first available atlas.
Sprite roguelikeSheet_transparent_504 matches more than one built-in atlases. Default to use the first available atlas.
Sprite roguelikeSheet_transparent_1445 matches more than one built-in atlases. Default to use the first available atlas.
Sprite roguelikeSheet_transparent_1419 matches more than one built-in atlases. Default to use the first available atlas.
Sprite roguelikeSheet_transparent_1421 matches more than one built-in atlases. Default to use the first available atlas.
Sprite roguelikeSheet_transparent_1435 matches more than one built-in atlases. Default to use the first available atlas.
Sprite roguelikeSheet_transparent_466 matches more than one built-in atlases. Default to use the first available atlas.
Sprite roguelikeSheet_transparent_454 matches more than one built-in atlases. Default to use the first available atlas.
Sprite roguelikeSheet_transparent_1392 matches more than one built-in atlases. Default to use the first available atlas.
Sprite roguelikeSheet_transparent_575 matches more than one built-in atlases. Default to use the first available atlas.
Sprite roguelikeSheet_transparent_505 matches more than one built-in atlases. Default to use the first available atlas.
Sprite roguelikeSheet_transparent_1446 matches more than one built-in atlases. Default to use the first available atlas.
Sprite roguelikeSheet_transparent_1418 matches more than one built-in atlases. Default to use the first available atlas.
Sprite roguelikeSheet_transparent_1426 matches more than one built-in atlases. Default to use the first available atlas.
Sprite roguelikeSheet_transparent_1434 matches more than one built-in atlases. Default to use the first available atlas.
Sprite roguelikeSheet_transparent_465 matches more than one built-in atlases. Default to use the first available atlas.
Sprite roguelikeSheet_transparent_455 matches more than one built-in atlases. Default to use the first available atlas.
Sprite roguelikeSheet_transparent_1393 matches more than one built-in atlases. Default to use the first available atlas.
Sprite roguelikeSheet_transparent_1383 matches more than one built-in atlases. Default to use the first available atlas.
Sprite roguelikeSheet_transparent_574 matches more than one built-in atlases. Default to use the first available atlas.
Sprite roguelikeSheet_transparent_506 matches more than one built-in atlases. Default to use the first available atlas.
Sprite roguelikeSheet_transparent_1447 matches more than one built-in atlases. Default to use the first available atlas.
Sprite roguelikeSheet_transparent_1427 matches more than one built-in atlases. Default to use the first available atlas.
Sprite roguelikeSheet_transparent_1437 matches more than one built-in atlases. Default to use the first available atlas.
Sprite roguelikeSheet_transparent_464 matches more than one built-in atlases. Default to use the first available atlas.
Sprite roguelikeSheet_transparent_452 matches more than one built-in atlases. Default to use the first available atlas.
Sprite roguelikeSheet_transparent_1394 matches more than one built-in atlases. Default to use the first available atlas.
Sprite roguelikeSheet_transparent_1382 matches more than one built-in atlases. Default to use the first available atlas.
Sprite roguelikeSheet_transparent_577 matches more than one built-in atlases. Default to use the first available atlas.
Sprite roguelikeSheet_transparent_507 matches more than one built-in atlases. Default to use the first available atlas.
Sprite roguelikeSheet_transparent_1424 matches more than one built-in atlases. Default to use the first available atlas.
Sprite roguelikeSheet_transparent_1436 matches more than one built-in atlases. Default to use the first available atlas.
Sprite roguelikeSheet_transparent_453 matches more than one built-in atlases. Default to use the first available atlas.
Sprite roguelikeSheet_transparent_1395 matches more than one built-in atlases. Default to use the first available atlas.
Sprite roguelikeSheet_transparent_1381 matches more than one built-in atlases. Default to use the first available atlas.
Sprite roguelikeSheet_transparent_576 matches more than one built-in atlases. Default to use the first available atlas.
Sprite roguelikeSheet_transparent_500 matches more than one built-in atlases. Default to use the first available atlas.
Sprite roguelikeSheet_transparent_1425 matches more than one built-in atlases. Default to use the first available atlas.
Sprite roguelikeSheet_transparent_1431 matches more than one built-in atlases. Default to use the first available atlas.
Sprite roguelikeSheet_transparent_450 matches more than one built-in atlases. Default to use the first available atlas.
Sprite roguelikeSheet_transparent_1396 matches more than one built-in atlases. Default to use the first available atlas.
Sprite roguelikeSheet_transparent_1380 matches more than one built-in atlases. Default to use the first available atlas.
Sprite roguelikeSheet_transparent_579 matches more than one built-in atlases. Default to use the first available atlas.
Sprite roguelikeSheet_transparent_501 matches more than one built-in atlases. Default to use the first available atlas.
Sprite roguelikeSheet_transparent_1430 matches more than one built-in atlases. Default to use the first available atlas.
Sprite roguelikeSheet_transparent_451 matches more than one built-in atlases. Default to use the first available atlas.
Sprite roguelikeSheet_transparent_1397 matches more than one built-in atlases. Default to use the first available atlas.
Sprite roguelikeSheet_transparent_1387 matches more than one built-in atlases. Default to use the first available atlas.
Sprite roguelikeSheet_transparent_1347 matches more than one built-in atlases. Default to use the first available atlas.
Sprite roguelikeSheet_transparent_578 matches more than one built-in atlases. Default to use the first available atlas.
Sprite roguelikeSheet_transparent_502 matches more than one built-in atlases. Default to use the first available atlas.
Sprite roguelikeSheet_transparent_1433 matches more than one built-in atlases. Default to use the first available atlas.
Sprite roguelikeSheet_transparent_1398 matches more than one built-in atlases. Default to use the first available atlas.
Sprite roguelikeSheet_transparent_1386 matches more than one built-in atlases. Default to use the first available atlas.
Sprite roguelikeSheet_transparent_1318 matches more than one built-in atlases. Default to use the first available atlas.
Sprite roguelikeSheet_transparent_1346 matches more than one built-in atlases. Default to use the first available atlas.
Sprite roguelikeSheet_transparent_503 matches more than one built-in atlases. Default to use the first available atlas.
Sprite roguelikeSheet_transparent_1432 matches more than one built-in atlases. Default to use the first available atlas.
Sprite roguelikeSheet_transparent_1399 matches more than one built-in atlases. Default to use the first available atlas.
Sprite roguelikeSheet_transparent_1385 matches more than one built-in atlases. Default to use the first available atlas.
Sprite roguelikeSheet_transparent_1319 matches more than one built-in atlases. Default to use the first available atlas.
Sprite roguelikeSheet_transparent_1345 matches more than one built-in atlases. Default to use the first available atlas.
Sprite roguelikeSheet_transparent_1384 matches more than one built-in atlases. Default to use the first available atlas.
Sprite roguelikeSheet_transparent_1344 matches more than one built-in atlases. Default to use the first available atlas.
Sprite roguelikeSheet_transparent_1343 matches more than one built-in atlases. Default to use the first available atlas.
Sprite roguelikeSheet_transparent_1342 matches more than one built-in atlases. Default to use the first available atlas.
Sprite roguelikeSheet_transparent_1378 matches more than one built-in atlases. Default to use the first available atlas.
Sprite roguelikeSheet_transparent_1389 matches more than one built-in atlases. Default to use the first available atlas.
Sprite roguelikeSheet_transparent_1309 matches more than one built-in atlases. Default to use the first available atlas.
Sprite roguelikeSheet_transparent_1341 matches more than one built-in atlases. Default to use the first available atlas.
Sprite roguelikeSheet_transparent_1379 matches more than one built-in atlases. Default to use the first available atlas.
Sprite roguelikeSheet_transparent_588 matches more than one built-in atlases. Default to use the first available atlas.
Sprite roguelikeSheet_transparent_508 matches more than one built-in atlases. Default to use the first available atlas.
Sprite roguelikeSheet_transparent_1388 matches more than one built-in atlases. Default to use the first available atlas.
Sprite roguelikeSheet_transparent_1308 matches more than one built-in atlases. Default to use the first available atlas.
Sprite roguelikeSheet_transparent_1340 matches more than one built-in atlases. Default to use the first available atlas.
Sprite roguelikeSheet_transparent_589 matches more than one built-in atlases. Default to use the first available atlas.
Sprite roguelikeSheet_transparent_509 matches more than one built-in atlases. Default to use the first available atlas.
Sprite roguelikeSheet_transparent_1310 matches more than one built-in atlases. Default to use the first available atlas.
Sprite roguelikeSheet_transparent_221 matches more than one built-in atlases. Default to use the first available atlas.
Sprite roguelikeSheet_transparent_1311 matches more than one built-in atlases. Default to use the first available atlas.
Sprite roguelikeSheet_transparent_584 matches more than one built-in atlases. Default to use the first available atlas.
Sprite roguelikeSheet_transparent_1369 matches more than one built-in atlases. Default to use the first available atlas.
Sprite roguelikeSheet_transparent_568 matches more than one built-in atlases. Default to use the first available atlas.
Sprite roguelikeSheet_transparent_220 matches more than one built-in atlases. Default to use the first available atlas.
Sprite roguelikeSheet_transparent_1312 matches more than one built-in atlases. Default to use the first available atlas.
Sprite roguelikeSheet_transparent_1372 matches more than one built-in atlases. Default to use the first available atlas.
Sprite roguelikeSheet_transparent_585 matches more than one built-in atlases. Default to use the first available atlas.
Sprite roguelikeSheet_transparent_1368 matches more than one built-in atlases. Default to use the first available atlas.
Sprite roguelikeSheet_transparent_599 matches more than one built-in atlases. Default to use the first available atlas.
Sprite roguelikeSheet_transparent_569 matches more than one built-in atlases. Default to use the first available atlas.
Sprite roguelikeSheet_transparent_1260 matches more than one built-in atlases. Default to use the first available atlas.
Sprite roguelikeSheet_transparent_223 matches more than one built-in atlases. Default to use the first available atlas.
Sprite roguelikeSheet_transparent_1313 matches more than one built-in atlases. Default to use the first available atlas.
Sprite roguelikeSheet_transparent_1303 matches more than one built-in atlases. Default to use the first available atlas.
Sprite roguelikeSheet_transparent_1373 matches more than one built-in atlases. Default to use the first available atlas.
Sprite roguelikeSheet_transparent_586 matches more than one built-in atlases. Default to use the first available atlas.
Sprite roguelikeSheet_transparent_598 matches more than one built-in atlases. Default to use the first available atlas.
Sprite roguelikeSheet_transparent_566 matches more than one built-in atlases. Default to use the first available atlas.
Sprite roguelikeSheet_transparent_1261 matches more than one built-in atlases. Default to use the first available atlas.
Sprite roguelikeSheet_transparent_222 matches more than one built-in atlases. Default to use the first available atlas.
Sprite roguelikeSheet_transparent_254 matches more than one built-in atlases. Default to use the first available atlas.
Sprite roguelikeSheet_transparent_1314 matches more than one built-in atlases. Default to use the first available atlas.
Sprite roguelikeSheet_transparent_1302 matches more than one built-in atlases. Default to use the first available atlas.
Sprite roguelikeSheet_transparent_1370 matches more than one built-in atlases. Default to use the first available atlas.
Sprite roguelikeSheet_transparent_587 matches more than one built-in atlases. Default to use the first available atlas.
Sprite roguelikeSheet_transparent_597 matches more than one built-in atlases. Default to use the first available atlas.
Sprite roguelikeSheet_transparent_567 matches more than one built-in atlases. Default to use the first available atlas.
Sprite roguelikeSheet_transparent_1262 matches more than one built-in atlases. Default to use the first available atlas.
Sprite roguelikeSheet_transparent_225 matches more than one built-in atlases. Default to use the first available atlas.
Sprite roguelikeSheet_transparent_255 matches more than one built-in atlases. Default to use the first available atlas.
Sprite roguelikeSheet_transparent_1315 matches more than one built-in atlases. Default to use the first available atlas.
Sprite roguelikeSheet_transparent_1301 matches more than one built-in atlases. Default to use the first available atlas.
Sprite roguelikeSheet_transparent_1349 matches more than one built-in atlases. Default to use the first available atlas.
Sprite roguelikeSheet_transparent_1371 matches more than one built-in atlases. Default to use the first available atlas.
Sprite roguelikeSheet_transparent_580 matches more than one built-in atlases. Default to use the first available atlas.
Sprite roguelikeSheet_transparent_1365 matches more than one built-in atlases. Default to use the first available atlas.
Sprite roguelikeSheet_transparent_596 matches more than one built-in atlases. Default to use the first available atlas.
Sprite roguelikeSheet_transparent_1263 matches more than one built-in atlases. Default to use the first available atlas.
Sprite roguelikeSheet_transparent_1273 matches more than one built-in atlases. Default to use the first available atlas.
Sprite roguelikeSheet_transparent_224 matches more than one built-in atlases. Default to use the first available atlas.
Sprite roguelikeSheet_transparent_256 matches more than one built-in atlases. Default to use the first available atlas.
Sprite roguelikeSheet_transparent_1316 matches more than one built-in atlases. Default to use the first available atlas.
Sprite roguelikeSheet_transparent_1300 matches more than one built-in atlases. Default to use the first available atlas.
Sprite roguelikeSheet_transparent_1348 matches more than one built-in atlases. Default to use the first available atlas.
Sprite roguelikeSheet_transparent_1376 matches more than one built-in atlases. Default to use the first available atlas.
Sprite roguelikeSheet_transparent_581 matches more than one built-in atlases. Default to use the first available atlas.
Sprite roguelikeSheet_transparent_1364 matches more than one built-in atlases. Default to use the first available atlas.
Sprite roguelikeSheet_transparent_595 matches more than one built-in atlases. Default to use the first available atlas.
Sprite roguelikeSheet_transparent_1264 matches more than one built-in atlases. Default to use the first available atlas.
Sprite roguelikeSheet_transparent_1272 matches more than one built-in atlases. Default to use the first available atlas.
Sprite roguelikeSheet_transparent_227 matches more than one built-in atlases. Default to use the first available atlas.
Sprite roguelikeSheet_transparent_257 matches more than one built-in atlases. Default to use the first available atlas.
Sprite roguelikeSheet_transparent_247 matches more than one built-in atlases. Default to use the first available atlas.
Sprite roguelikeSheet_transparent_1317 matches more than one built-in atlases. Default to use the first available atlas.
Sprite roguelikeSheet_transparent_1307 matches more than one built-in atlases. Default to use the first available atlas.
Sprite roguelikeSheet_transparent_1377 matches more than one built-in atlases. Default to use the first available atlas.
Sprite roguelikeSheet_transparent_582 matches more than one built-in atlases. Default to use the first available atlas.
Sprite roguelikeSheet_transparent_1367 matches more than one built-in atlases. Default to use the first available atlas.
Sprite roguelikeSheet_transparent_594 matches more than one built-in atlases. Default to use the first available atlas.
Sprite roguelikeSheet_transparent_1265 matches more than one built-in atlases. Default to use the first available atlas.
Sprite roguelikeSheet_transparent_1271 matches more than one built-in atlases. Default to use the first available atlas.
Sprite roguelikeSheet_transparent_1215 matches more than one built-in atlases. Default to use the first available atlas.
Sprite roguelikeSheet_transparent_226 matches more than one built-in atlases. Default to use the first available atlas.
Sprite roguelikeSheet_transparent_250 matches more than one built-in atlases. Default to use the first available atlas.
Sprite roguelikeSheet_transparent_246 matches more than one built-in atlases. Default to use the first available atlas.
Sprite roguelikeSheet_transparent_1306 matches more than one built-in atlases. Default to use the first available atlas.
Sprite roguelikeSheet_transparent_1374 matches more than one built-in atlases. Default to use the first available atlas.
Sprite roguelikeSheet_transparent_583 matches more than one built-in atlases. Default to use the first available atlas.
Sprite roguelikeSheet_transparent_1366 matches more than one built-in atlases. Default to use the first available atlas.
Sprite roguelikeSheet_transparent_593 matches more than one built-in atlases. Default to use the first available atlas.
Sprite roguelikeSheet_transparent_1266 matches more than one built-in atlases. Default to use the first available atlas.
Sprite roguelikeSheet_transparent_1270 matches more than one built-in atlases. Default to use the first available atlas.
Sprite roguelikeSheet_transparent_1246 matches more than one built-in atlases. Default to use the first available atlas.
Sprite roguelikeSheet_transparent_1214 matches more than one built-in atlases. Default to use the first available atlas.
Sprite roguelikeSheet_transparent_229 matches more than one built-in atlases. Default to use the first available atlas.
Sprite roguelikeSheet_transparent_251 matches more than one built-in atlases. Default to use the first available atlas.
Sprite roguelikeSheet_transparent_245 matches more than one built-in atlases. Default to use the first available atlas.
Sprite roguelikeSheet_transparent_1305 matches more than one built-in atlases. Default to use the first available atlas.
Sprite roguelikeSheet_transparent_1375 matches more than one built-in atlases. Default to use the first available atlas.
Sprite roguelikeSheet_transparent_1361 matches more than one built-in atlases. Default to use the first available atlas.
Sprite roguelikeSheet_transparent_592 matches more than one built-in atlases. Default to use the first available atlas.
Sprite roguelikeSheet_transparent_1267 matches more than one built-in atlases. Default to use the first available atlas.
Sprite roguelikeSheet_transparent_1277 matches more than one built-in atlases. Default to use the first available atlas.
Sprite roguelikeSheet_transparent_1247 matches more than one built-in atlases. Default to use the first available atlas.
Sprite roguelikeSheet_transparent_1217 matches more than one built-in atlases. Default to use the first available atlas.
Sprite roguelikeSheet_transparent_228 matches more than one built-in atlases. Default to use the first available atlas.
Sprite roguelikeSheet_transparent_252 matches more than one built-in atlases. Default to use the first available atlas.
Sprite roguelikeSheet_transparent_244 matches more than one built-in atlases. Default to use the first available atlas.
Sprite roguelikeSheet_transparent_1304 matches more than one built-in atlases. Default to use the first available atlas.
Sprite roguelikeSheet_transparent_1360 matches more than one built-in atlases. Default to use the first available atlas.
Sprite roguelikeSheet_transparent_591 matches more than one built-in atlases. Default to use the first available atlas.
Sprite roguelikeSheet_transparent_1268 matches more than one built-in atlases. Default to use the first available atlas.
Sprite roguelikeSheet_transparent_1276 matches more than one built-in atlases. Default to use the first available atlas.
Sprite roguelikeSheet_transparent_1244 matches more than one built-in atlases. Default to use the first available atlas.
Sprite roguelikeSheet_transparent_1216 matches more than one built-in atlases. Default to use the first available atlas.
Sprite roguelikeSheet_transparent_253 matches more than one built-in atlases. Default to use the first available atlas.
Sprite roguelikeSheet_transparent_243 matches more than one built-in atlases. Default to use the first available atlas.
Sprite roguelikeSheet_transparent_1363 matches more than one built-in atlases. Default to use the first available atlas.
Sprite roguelikeSheet_transparent_590 matches more than one built-in atlases. Default to use the first available atlas.
Sprite roguelikeSheet_transparent_1269 matches more than one built-in atlases. Default to use the first available atlas.
Sprite roguelikeSheet_transparent_1275 matches more than one built-in atlases. Default to use the first available atlas.
Sprite roguelikeSheet_transparent_1245 matches more than one built-in atlases. Default to use the first available atlas.
Sprite roguelikeSheet_transparent_1259 matches more than one built-in atlases. Default to use the first available atlas.
Sprite roguelikeSheet_transparent_1211 matches more than one built-in atlases. Default to use the first available atlas.
Sprite roguelikeSheet_transparent_242 matches more than one built-in atlases. Default to use the first available atlas.
Sprite roguelikeSheet_transparent_1362 matches more than one built-in atlases. Default to use the first available atlas.
Sprite roguelikeSheet_transparent_1274 matches more than one built-in atlases. Default to use the first available atlas.
Sprite roguelikeSheet_transparent_1242 matches more than one built-in atlases. Default to use the first available atlas.
Sprite roguelikeSheet_transparent_1258 matches more than one built-in atlases. Default to use the first available atlas.
Sprite roguelikeSheet_transparent_1210 matches more than one built-in atlases. Default to use the first available atlas.
Sprite roguelikeSheet_transparent_241 matches more than one built-in atlases. Default to use the first available atlas.
Sprite roguelikeSheet_transparent_1243 matches more than one built-in atlases. Default to use the first available atlas.
Sprite roguelikeSheet_transparent_1213 matches more than one built-in atlases. Default to use the first available atlas.
Sprite roguelikeSheet_transparent_240 matches more than one built-in atlases. Default to use the first available atlas.
Sprite roguelikeSheet_transparent_801 matches more than one built-in atlases. Default to use the first available atlas.
Sprite roguelikeSheet_transparent_1240 matches more than one built-in atlases. Default to use the first available atlas.
Sprite roguelikeSheet_transparent_1212 matches more than one built-in atlases. Default to use the first available atlas.
Sprite roguelikeSheet_transparent_1288 matches more than one built-in atlases. Default to use the first available atlas.
Sprite roguelikeSheet_transparent_800 matches more than one built-in atlases. Default to use the first available atlas.
Sprite roguelikeSheet_transparent_1279 matches more than one built-in atlases. Default to use the first available atlas.
Sprite roguelikeSheet_transparent_1241 matches more than one built-in atlases. Default to use the first available atlas.
Sprite roguelikeSheet_transparent_1289 matches more than one built-in atlases. Default to use the first available atlas.
Sprite roguelikeSheet_transparent_258 matches more than one built-in atlases. Default to use the first available atlas.
Sprite roguelikeSheet_transparent_803 matches more than one built-in atlases. Default to use the first available atlas.
Sprite roguelikeSheet_transparent_1278 matches more than one built-in atlases. Default to use the first available atlas.
Sprite roguelikeSheet_transparent_259 matches more than one built-in atlases. Default to use the first available atlas.
Sprite roguelikeSheet_transparent_802 matches more than one built-in atlases. Default to use the first available atlas.
Sprite roguelikeSheet_transparent_874 matches more than one built-in atlases. Default to use the first available atlas.
Sprite roguelikeSheet_transparent_805 matches more than one built-in atlases. Default to use the first available atlas.
Sprite roguelikeSheet_transparent_875 matches more than one built-in atlases. Default to use the first available atlas.
Sprite roguelikeSheet_transparent_360 matches more than one built-in atlases. Default to use the first available atlas.
Sprite roguelikeSheet_transparent_804 matches more than one built-in atlases. Default to use the first available atlas.
Sprite roguelikeSheet_transparent_876 matches more than one built-in atlases. Default to use the first available atlas.
Sprite roguelikeSheet_transparent_1251 matches more than one built-in atlases. Default to use the first available atlas.
Sprite roguelikeSheet_transparent_1219 matches more than one built-in atlases. Default to use the first available atlas.
Sprite roguelikeSheet_transparent_1299 matches more than one built-in atlases. Default to use the first available atlas.
Sprite roguelikeSheet_transparent_361 matches more than one built-in atlases. Default to use the first available atlas.
Sprite roguelikeSheet_transparent_807 matches more than one built-in atlases. Default to use the first available atlas.
Sprite roguelikeSheet_transparent_877 matches more than one built-in atlases. Default to use the first available atlas.
Sprite roguelikeSheet_transparent_867 matches more than one built-in atlases. Default to use the first available atlas.
Sprite roguelikeSheet_transparent_1250 matches more than one built-in atlases. Default to use the first available atlas.
Sprite roguelikeSheet_transparent_1218 matches more than one built-in atlases. Default to use the first available atlas.
Sprite roguelikeSheet_transparent_1282 matches more than one built-in atlases. Default to use the first available atlas.
Sprite roguelikeSheet_transparent_1298 matches more than one built-in atlases. Default to use the first available atlas.
Sprite roguelikeSheet_transparent_249 matches more than one built-in atlases. Default to use the first available atlas.
Sprite roguelikeSheet_transparent_362 matches more than one built-in atlases. Default to use the first available atlas.
Sprite roguelikeSheet_transparent_302 matches more than one built-in atlases. Default to use the first available atlas.
Sprite roguelikeSheet_transparent_806 matches more than one built-in atlases. Default to use the first available atlas.
Sprite roguelikeSheet_transparent_870 matches more than one built-in atlases. Default to use the first available atlas.
Sprite roguelikeSheet_transparent_866 matches more than one built-in atlases. Default to use the first available atlas.
Sprite roguelikeSheet_transparent_1253 matches more than one built-in atlases. Default to use the first available atlas.
Sprite roguelikeSheet_transparent_1283 matches more than one built-in atlases. Default to use the first available atlas.
Sprite roguelikeSheet_transparent_248 matches more than one built-in atlases. Default to use the first available atlas.
Sprite roguelikeSheet_transparent_363 matches more than one built-in atlases. Default to use the first available atlas.
Sprite roguelikeSheet_transparent_303 matches more than one built-in atlases. Default to use the first available atlas.
Sprite roguelikeSheet_transparent_809 matches more than one built-in atlases. Default to use the first available atlas.
Sprite roguelikeSheet_transparent_871 matches more than one built-in atlases. Default to use the first available atlas.
Sprite roguelikeSheet_transparent_865 matches more than one built-in atlases. Default to use the first available atlas.
Sprite roguelikeSheet_transparent_1248 matches more than one built-in atlases. Default to use the first available atlas.
Sprite roguelikeSheet_transparent_1252 matches more than one built-in atlases. Default to use the first available atlas.
Sprite roguelikeSheet_transparent_1280 matches more than one built-in atlases. Default to use the first available atlas.
Sprite roguelikeSheet_transparent_364 matches more than one built-in atlases. Default to use the first available atlas.
Sprite roguelikeSheet_transparent_300 matches more than one built-in atlases. Default to use the first available atlas.
Sprite roguelikeSheet_transparent_808 matches more than one built-in atlases. Default to use the first available atlas.
Sprite roguelikeSheet_transparent_872 matches more than one built-in atlases. Default to use the first available atlas.
Sprite roguelikeSheet_transparent_864 matches more than one built-in atlases. Default to use the first available atlas.
Sprite roguelikeSheet_transparent_1249 matches more than one built-in atlases. Default to use the first available atlas.
Sprite roguelikeSheet_transparent_1255 matches more than one built-in atlases. Default to use the first available atlas.
Sprite roguelikeSheet_transparent_1281 matches more than one built-in atlases. Default to use the first available atlas.
Sprite roguelikeSheet_transparent_1295 matches more than one built-in atlases. Default to use the first available atlas.
Sprite roguelikeSheet_transparent_365 matches more than one built-in atlases. Default to use the first available atlas.
Sprite roguelikeSheet_transparent_301 matches more than one built-in atlases. Default to use the first available atlas.
Sprite roguelikeSheet_transparent_315 matches more than one built-in atlases. Default to use the first available atlas.
Sprite roguelikeSheet_transparent_873 matches more than one built-in atlases. Default to use the first available atlas.
Sprite roguelikeSheet_transparent_863 matches more than one built-in atlases. Default to use the first available atlas.
Sprite roguelikeSheet_transparent_1254 matches more than one built-in atlases. Default to use the first available atlas.
Sprite roguelikeSheet_transparent_1286 matches more than one built-in atlases. Default to use the first available atlas.
Sprite roguelikeSheet_transparent_1294 matches more than one built-in atlases. Default to use the first available atlas.
Sprite roguelikeSheet_transparent_1123 matches more than one built-in atlases. Default to use the first available atlas.
Sprite roguelikeSheet_transparent_366 matches more than one built-in atlases. Default to use the first available atlas.
Sprite roguelikeSheet_transparent_306 matches more than one built-in atlases. Default to use the first available atlas.
Sprite roguelikeSheet_transparent_314 matches more than one built-in atlases. Default to use the first available atlas.
Sprite roguelikeSheet_transparent_862 matches more than one built-in atlases. Default to use the first available atlas.
Sprite roguelikeSheet_transparent_858 matches more than one built-in atlases. Default to use the first available atlas.
Sprite roguelikeSheet_transparent_1257 matches more than one built-in atlases. Default to use the first available atlas.
Sprite roguelikeSheet_transparent_1287 matches more than one built-in atlases. Default to use the first available atlas.
Sprite roguelikeSheet_transparent_1297 matches more than one built-in atlases. Default to use the first available atlas.
Sprite roguelikeSheet_transparent_1122 matches more than one built-in atlases. Default to use the first available atlas.
Sprite roguelikeSheet_transparent_367 matches more than one built-in atlases. Default to use the first available atlas.
Sprite roguelikeSheet_transparent_307 matches more than one built-in atlases. Default to use the first available atlas.
Sprite roguelikeSheet_transparent_317 matches more than one built-in atlases. Default to use the first available atlas.
Sprite roguelikeSheet_transparent_861 matches more than one built-in atlases. Default to use the first available atlas.
Sprite roguelikeSheet_transparent_859 matches more than one built-in atlases. Default to use the first available atlas.
Sprite roguelikeSheet_transparent_1256 matches more than one built-in atlases. Default to use the first available atlas.
Sprite roguelikeSheet_transparent_1284 matches more than one built-in atlases. Default to use the first available atlas.
Sprite roguelikeSheet_transparent_1296 matches more than one built-in atlases. Default to use the first available atlas.
Sprite roguelikeSheet_transparent_1121 matches more than one built-in atlases. Default to use the first available atlas.
Sprite roguelikeSheet_transparent_368 matches more than one built-in atlases. Default to use the first available atlas.
Sprite roguelikeSheet_transparent_304 matches more than one built-in atlases. Default to use the first available atlas.
Sprite roguelikeSheet_transparent_316 matches more than one built-in atlases. Default to use the first available atlas.
Sprite roguelikeSheet_transparent_860 matches more than one built-in atlases. Default to use the first available atlas.
Sprite roguelikeSheet_transparent_1285 matches more than one built-in atlases. Default to use the first available atlas.
Sprite roguelikeSheet_transparent_1291 matches more than one built-in atlases. Default to use the first available atlas.
Sprite roguelikeSheet_transparent_1120 matches more than one built-in atlases. Default to use the first available atlas.
Sprite roguelikeSheet_transparent_1116 matches more than one built-in atlases. Default to use the first available atlas.
Sprite roguelikeSheet_transparent_369 matches more than one built-in atlases. Default to use the first available atlas.
Sprite roguelikeSheet_transparent_305 matches more than one built-in atlases. Default to use the first available atlas.
Sprite roguelikeSheet_transparent_311 matches more than one built-in atlases. Default to use the first available atlas.
Sprite roguelikeSheet_transparent_1290 matches more than one built-in atlases. Default to use the first available atlas.
Sprite roguelikeSheet_transparent_1127 matches more than one built-in atlases. Default to use the first available atlas.
Sprite roguelikeSheet_transparent_1117 matches more than one built-in atlases. Default to use the first available atlas.
Sprite roguelikeSheet_transparent_310 matches more than one built-in atlases. Default to use the first available atlas.
Sprite roguelikeSheet_transparent_878 matches more than one built-in atlases. Default to use the first available atlas.
Sprite roguelikeSheet_transparent_1293 matches more than one built-in atlases. Default to use the first available atlas.
Sprite roguelikeSheet_transparent_1126 matches more than one built-in atlases. Default to use the first available atlas.
Sprite roguelikeSheet_transparent_1114 matches more than one built-in atlases. Default to use the first available atlas.
Sprite roguelikeSheet_transparent_313 matches more than one built-in atlases. Default to use the first available atlas.
Sprite roguelikeSheet_transparent_879 matches more than one built-in atlases. Default to use the first available atlas.
Sprite roguelikeSheet_transparent_1292 matches more than one built-in atlases. Default to use the first available atlas.
Sprite roguelikeSheet_transparent_1125 matches more than one built-in atlases. Default to use the first available atlas.
Sprite roguelikeSheet_transparent_1115 matches more than one built-in atlases. Default to use the first available atlas.
Sprite roguelikeSheet_transparent_1109 matches more than one built-in atlases. Default to use the first available atlas.
Sprite roguelikeSheet_transparent_308 matches more than one built-in atlases. Default to use the first available atlas.
Sprite roguelikeSheet_transparent_312 matches more than one built-in atlases. Default to use the first available atlas.
Sprite roguelikeSheet_transparent_388 matches more than one built-in atlases. Default to use the first available atlas.
Sprite roguelikeSheet_transparent_852 matches more than one built-in atlases. Default to use the first available atlas.
Sprite roguelikeSheet_transparent_1124 matches more than one built-in atlases. Default to use the first available atlas.
Sprite roguelikeSheet_transparent_1112 matches more than one built-in atlases. Default to use the first available atlas.
Sprite roguelikeSheet_transparent_1108 matches more than one built-in atlases. Default to use the first available atlas.
Sprite roguelikeSheet_transparent_309 matches more than one built-in atlases. Default to use the first available atlas.
Sprite roguelikeSheet_transparent_389 matches more than one built-in atlases. Default to use the first available atlas.
Sprite roguelikeSheet_transparent_853 matches more than one built-in atlases. Default to use the first available atlas.
Sprite roguelikeSheet_transparent_980 matches more than one built-in atlases. Default to use the first available atlas.
Sprite roguelikeSheet_transparent_1113 matches more than one built-in atlases. Default to use the first available atlas.
Sprite roguelikeSheet_transparent_850 matches more than one built-in atlases. Default to use the first available atlas.
Sprite roguelikeSheet_transparent_981 matches more than one built-in atlases. Default to use the first available atlas.
Sprite roguelikeSheet_transparent_1110 matches more than one built-in atlases. Default to use the first available atlas.
Sprite roguelikeSheet_transparent_869 matches more than one built-in atlases. Default to use the first available atlas.
Sprite roguelikeSheet_transparent_851 matches more than one built-in atlases. Default to use the first available atlas.
Sprite roguelikeSheet_transparent_982 matches more than one built-in atlases. Default to use the first available atlas.
Sprite roguelikeSheet_transparent_1129 matches more than one built-in atlases. Default to use the first available atlas.
Sprite roguelikeSheet_transparent_1111 matches more than one built-in atlases. Default to use the first available atlas.
Sprite roguelikeSheet_transparent_868 matches more than one built-in atlases. Default to use the first available atlas.
Sprite roguelikeSheet_transparent_856 matches more than one built-in atlases. Default to use the first available atlas.
Sprite roguelikeSheet_transparent_983 matches more than one built-in atlases. Default to use the first available atlas.
Sprite roguelikeSheet_transparent_993 matches more than one built-in atlases. Default to use the first available atlas.
Sprite roguelikeSheet_transparent_1128 matches more than one built-in atlases. Default to use the first available atlas.
Sprite roguelikeSheet_transparent_319 matches more than one built-in atlases. Default to use the first available atlas.
Sprite roguelikeSheet_transparent_857 matches more than one built-in atlases. Default to use the first available atlas.
Sprite roguelikeSheet_transparent_984 matches more than one built-in atlases. Default to use the first available atlas.
Sprite roguelikeSheet_transparent_992 matches more than one built-in atlases. Default to use the first available atlas.
Sprite roguelikeSheet_transparent_944 matches more than one built-in atlases. Default to use the first available atlas.
Sprite roguelikeSheet_transparent_318 matches more than one built-in atlases. Default to use the first available atlas.
Sprite roguelikeSheet_transparent_382 matches more than one built-in atlases. Default to use the first available atlas.
Sprite roguelikeSheet_transparent_854 matches more than one built-in atlases. Default to use the first available atlas.
Sprite roguelikeSheet_transparent_985 matches more than one built-in atlases. Default to use the first available atlas.
Sprite roguelikeSheet_transparent_991 matches more than one built-in atlases. Default to use the first available atlas.
Sprite roguelikeSheet_transparent_945 matches more than one built-in atlases. Default to use the first available atlas.
Sprite roguelikeSheet_transparent_1178 matches more than one built-in atlases. Default to use the first available atlas.
Sprite roguelikeSheet_transparent_383 matches more than one built-in atlases. Default to use the first available atlas.
Sprite roguelikeSheet_transparent_855 matches more than one built-in atlases. Default to use the first available atlas.
Sprite roguelikeSheet_transparent_986 matches more than one built-in atlases. Default to use the first available atlas.
Sprite roguelikeSheet_transparent_990 matches more than one built-in atlases. Default to use the first available atlas.
Sprite roguelikeSheet_transparent_946 matches more than one built-in atlases. Default to use the first available atlas.
Sprite roguelikeSheet_transparent_1101 matches more than one built-in atlases. Default to use the first available atlas.
Sprite roguelikeSheet_transparent_1179 matches more than one built-in atlases. Default to use the first available atlas.
Sprite roguelikeSheet_transparent_380 matches more than one built-in atlases. Default to use the first available atlas.
Sprite roguelikeSheet_transparent_987 matches more than one built-in atlases. Default to use the first available atlas.
Sprite roguelikeSheet_transparent_997 matches more than one built-in atlases. Default to use the first available atlas.
Sprite roguelikeSheet_transparent_947 matches more than one built-in atlases. Default to use the first available atlas.
Sprite roguelikeSheet_transparent_957 matches more than one built-in atlases. Default to use the first available atlas.
Sprite roguelikeSheet_transparent_1100 matches more than one built-in atlases. Default to use the first available atlas.
Sprite roguelikeSheet_transparent_339 matches more than one built-in atlases. Default to use the first available atlas.
Sprite roguelikeSheet_transparent_381 matches more than one built-in atlases. Default to use the first available atlas.
Sprite roguelikeSheet_transparent_988 matches more than one built-in atlases. Default to use the first available atlas.
Sprite roguelikeSheet_transparent_996 matches more than one built-in atlases. Default to use the first available atlas.
Sprite roguelikeSheet_transparent_908 matches more than one built-in atlases. Default to use the first available atlas.
Sprite roguelikeSheet_transparent_940 matches more than one built-in atlases. Default to use the first available atlas.
Sprite roguelikeSheet_transparent_956 matches more than one built-in atlases. Default to use the first available atlas.
Sprite roguelikeSheet_transparent_1103 matches more than one built-in atlases. Default to use the first available atlas.
Sprite roguelikeSheet_transparent_338 matches more than one built-in atlases. Default to use the first available atlas.
Sprite roguelikeSheet_transparent_386 matches more than one built-in atlases. Default to use the first available atlas.
Sprite roguelikeSheet_transparent_989 matches more than one built-in atlases. Default to use the first available atlas.
Sprite roguelikeSheet_transparent_995 matches more than one built-in atlases. Default to use the first available atlas.
Sprite roguelikeSheet_transparent_909 matches more than one built-in atlases. Default to use the first available atlas.
Sprite roguelikeSheet_transparent_941 matches more than one built-in atlases. Default to use the first available atlas.
Sprite roguelikeSheet_transparent_955 matches more than one built-in atlases. Default to use the first available atlas.
Sprite roguelikeSheet_transparent_1118 matches more than one built-in atlases. Default to use the first available atlas.
Sprite roguelikeSheet_transparent_1102 matches more than one built-in atlases. Default to use the first available atlas.
Sprite roguelikeSheet_transparent_1174 matches more than one built-in atlases. Default to use the first available atlas.
Sprite roguelikeSheet_transparent_1198 matches more than one built-in atlases. Default to use the first available atlas.
Sprite roguelikeSheet_transparent_337 matches more than one built-in atlases. Default to use the first available atlas.
Sprite roguelikeSheet_transparent_387 matches more than one built-in atlases. Default to use the first available atlas.
Sprite roguelikeSheet_transparent_994 matches more than one built-in atlases. Default to use the first available atlas.
Sprite roguelikeSheet_transparent_942 matches more than one built-in atlases. Default to use the first available atlas.
Sprite roguelikeSheet_transparent_954 matches more than one built-in atlases. Default to use the first available atlas.
Sprite roguelikeSheet_transparent_1119 matches more than one built-in atlases. Default to use the first available atlas.
Sprite roguelikeSheet_transparent_1105 matches more than one built-in atlases. Default to use the first available atlas.
Sprite roguelikeSheet_transparent_1175 matches more than one built-in atlases. Default to use the first available atlas.
Sprite roguelikeSheet_transparent_1199 matches more than one built-in atlases. Default to use the first available atlas.
Sprite roguelikeSheet_transparent_336 matches more than one built-in atlases. Default to use the first available atlas.
Sprite roguelikeSheet_transparent_384 matches more than one built-in atlases. Default to use the first available atlas.
Sprite roguelikeSheet_transparent_943 matches more than one built-in atlases. Default to use the first available atlas.
Sprite roguelikeSheet_transparent_953 matches more than one built-in atlases. Default to use the first available atlas.
Sprite roguelikeSheet_transparent_1104 matches more than one built-in atlases. Default to use the first available atlas.
Sprite roguelikeSheet_transparent_1176 matches more than one built-in atlases. Default to use the first available atlas.
Sprite roguelikeSheet_transparent_1196 matches more than one built-in atlases. Default to use the first available atlas.
Sprite roguelikeSheet_transparent_335 matches more than one built-in atlases. Default to use the first available atlas.
Sprite roguelikeSheet_transparent_385 matches more than one built-in atlases. Default to use the first available atlas.
Sprite roguelikeSheet_transparent_952 matches more than one built-in atlases. Default to use the first available atlas.
Sprite roguelikeSheet_transparent_968 matches more than one built-in atlases. Default to use the first available atlas.
Sprite roguelikeSheet_transparent_1107 matches more than one built-in atlases. Default to use the first available atlas.
Sprite roguelikeSheet_transparent_1177 matches more than one built-in atlases. Default to use the first available atlas.
Sprite roguelikeSheet_transparent_1197 matches more than one built-in atlases. Default to use the first available atlas.
Sprite roguelikeSheet_transparent_334 matches more than one built-in atlases. Default to use the first available atlas.
Sprite roguelikeSheet_transparent_999 matches more than one built-in atlases. Default to use the first available atlas.
Sprite roguelikeSheet_transparent_951 matches more than one built-in atlases. Default to use the first available atlas.
Sprite roguelikeSheet_transparent_969 matches more than one built-in atlases. Default to use the first available atlas.
Sprite roguelikeSheet_transparent_1106 matches more than one built-in atlases. Default to use the first available atlas.
Sprite roguelikeSheet_transparent_1170 matches more than one built-in atlases. Default to use the first available atlas.
Sprite roguelikeSheet_transparent_1194 matches more than one built-in atlases. Default to use the first available atlas.
Sprite roguelikeSheet_transparent_333 matches more than one built-in atlases. Default to use the first available atlas.
Sprite roguelikeSheet_transparent_998 matches more than one built-in atlases. Default to use the first available atlas.
Sprite roguelikeSheet_transparent_950 matches more than one built-in atlases. Default to use the first available atlas.
Sprite roguelikeSheet_transparent_1171 matches more than one built-in atlases. Default to use the first available atlas.
Sprite roguelikeSheet_transparent_1195 matches more than one built-in atlases. Default to use the first available atlas.
Sprite roguelikeSheet_transparent_332 matches more than one built-in atlases. Default to use the first available atlas.
Sprite roguelikeSheet_transparent_1026 matches more than one built-in atlases. Default to use the first available atlas.
Sprite roguelikeSheet_transparent_1172 matches more than one built-in atlases. Default to use the first available atlas.
Sprite roguelikeSheet_transparent_1192 matches more than one built-in atlases. Default to use the first available atlas.
Sprite roguelikeSheet_transparent_331 matches more than one built-in atlases. Default to use the first available atlas.
Sprite roguelikeSheet_transparent_1027 matches more than one built-in atlases. Default to use the first available atlas.
Sprite roguelikeSheet_transparent_900 matches more than one built-in atlases. Default to use the first available atlas.
Sprite roguelikeSheet_transparent_948 matches more than one built-in atlases. Default to use the first available atlas.
Sprite roguelikeSheet_transparent_1173 matches more than one built-in atlases. Default to use the first available atlas.
Sprite roguelikeSheet_transparent_1193 matches more than one built-in atlases. Default to use the first available atlas.
Sprite roguelikeSheet_transparent_330 matches more than one built-in atlases. Default to use the first available atlas.
Sprite roguelikeSheet_transparent_1024 matches more than one built-in atlases. Default to use the first available atlas.
Sprite roguelikeSheet_transparent_901 matches more than one built-in atlases. Default to use the first available atlas.
Sprite roguelikeSheet_transparent_949 matches more than one built-in atlases. Default to use the first available atlas.
Sprite roguelikeSheet_transparent_979 matches more than one built-in atlases. Default to use the first available atlas.
Sprite roguelikeSheet_transparent_1190 matches more than one built-in atlases. Default to use the first available atlas.
Sprite roguelikeSheet_transparent_1025 matches more than one built-in atlases. Default to use the first available atlas.
Sprite roguelikeSheet_transparent_1039 matches more than one built-in atlases. Default to use the first available atlas.
Sprite roguelikeSheet_transparent_902 matches more than one built-in atlases. Default to use the first available atlas.
Sprite roguelikeSheet_transparent_962 matches more than one built-in atlases. Default to use the first available atlas.
Sprite roguelikeSheet_transparent_978 matches more than one built-in atlases. Default to use the first available atlas.
Sprite roguelikeSheet_transparent_1191 matches more than one built-in atlases. Default to use the first available atlas.
Sprite roguelikeSheet_transparent_1022 matches more than one built-in atlases. Default to use the first available atlas.
Sprite roguelikeSheet_transparent_1038 matches more than one built-in atlases. Default to use the first available atlas.
Sprite roguelikeSheet_transparent_903 matches more than one built-in atlases. Default to use the first available atlas.
Sprite roguelikeSheet_transparent_963 matches more than one built-in atlases. Default to use the first available atlas.
Sprite roguelikeSheet_transparent_650 matches more than one built-in atlases. Default to use the first available atlas.
Sprite roguelikeSheet_transparent_1023 matches more than one built-in atlases. Default to use the first available atlas.
Sprite roguelikeSheet_transparent_904 matches more than one built-in atlases. Default to use the first available atlas.
Sprite roguelikeSheet_transparent_960 matches more than one built-in atlases. Default to use the first available atlas.
Sprite roguelikeSheet_transparent_651 matches more than one built-in atlases. Default to use the first available atlas.
Sprite roguelikeSheet_transparent_1020 matches more than one built-in atlases. Default to use the first available atlas.
Sprite roguelikeSheet_transparent_905 matches more than one built-in atlases. Default to use the first available atlas.
Sprite roguelikeSheet_transparent_959 matches more than one built-in atlases. Default to use the first available atlas.
Sprite roguelikeSheet_transparent_961 matches more than one built-in atlases. Default to use the first available atlas.
Sprite roguelikeSheet_transparent_975 matches more than one built-in atlases. Default to use the first available atlas.
Sprite roguelikeSheet_transparent_652 matches more than one built-in atlases. Default to use the first available atlas.
Sprite roguelikeSheet_transparent_632 matches more than one built-in atlases. Default to use the first available atlas.
Sprite roguelikeSheet_transparent_1021 matches more than one built-in atlases. Default to use the first available atlas.
Sprite roguelikeSheet_transparent_1099 matches more than one built-in atlases. Default to use the first available atlas.
Sprite roguelikeSheet_transparent_906 matches more than one built-in atlases. Default to use the first available atlas.
Sprite roguelikeSheet_transparent_958 matches more than one built-in atlases. Default to use the first available atlas.
Sprite roguelikeSheet_transparent_966 matches more than one built-in atlases. Default to use the first available atlas.
Sprite roguelikeSheet_transparent_974 matches more than one built-in atlases. Default to use the first available atlas.
Sprite roguelikeSheet_transparent_653 matches more than one built-in atlases. Default to use the first available atlas.
Sprite roguelikeSheet_transparent_643 matches more than one built-in atlases. Default to use the first available atlas.
Sprite roguelikeSheet_transparent_633 matches more than one built-in atlases. Default to use the first available atlas.
Sprite roguelikeSheet_transparent_1098 matches more than one built-in atlases. Default to use the first available atlas.
Sprite roguelikeSheet_transparent_907 matches more than one built-in atlases. Default to use the first available atlas.
Sprite roguelikeSheet_transparent_967 matches more than one built-in atlases. Default to use the first available atlas.
Sprite roguelikeSheet_transparent_977 matches more than one built-in atlases. Default to use the first available atlas.
Sprite roguelikeSheet_transparent_654 matches more than one built-in atlases. Default to use the first available atlas.
Sprite roguelikeSheet_transparent_642 matches more than one built-in atlases. Default to use the first available atlas.
Sprite roguelikeSheet_transparent_630 matches more than one built-in atlases. Default to use the first available atlas.
Sprite roguelikeSheet_transparent_964 matches more than one built-in atlases. Default to use the first available atlas.
Sprite roguelikeSheet_transparent_976 matches more than one built-in atlases. Default to use the first available atlas.
Sprite roguelikeSheet_transparent_655 matches more than one built-in atlases. Default to use the first available atlas.
Sprite roguelikeSheet_transparent_641 matches more than one built-in atlases. Default to use the first available atlas.
Sprite roguelikeSheet_transparent_631 matches more than one built-in atlases. Default to use the first available atlas.
Sprite roguelikeSheet_transparent_625 matches more than one built-in atlases. Default to use the first available atlas.
Sprite roguelikeSheet_transparent_1048 matches more than one built-in atlases. Default to use the first available atlas.
Sprite roguelikeSheet_transparent_965 matches more than one built-in atlases. Default to use the first available atlas.
Sprite roguelikeSheet_transparent_971 matches more than one built-in atlases. Default to use the first available atlas.
Sprite roguelikeSheet_transparent_100 matches more than one built-in atlases. Default to use the first available atlas.
Sprite roguelikeSheet_transparent_656 matches more than one built-in atlases. Default to use the first available atlas.
Sprite roguelikeSheet_transparent_640 matches more than one built-in atlases. Default to use the first available atlas.
Sprite roguelikeSheet_transparent_676 matches more than one built-in atlases. Default to use the first available atlas.
Sprite roguelikeSheet_transparent_636 matches more than one built-in atlases. Default to use the first available atlas.
Sprite roguelikeSheet_transparent_624 matches more than one built-in atlases. Default to use the first available atlas.
Sprite roguelikeSheet_transparent_1031 matches more than one built-in atlases. Default to use the first available atlas.
Sprite roguelikeSheet_transparent_1049 matches more than one built-in atlases. Default to use the first available atlas.
Sprite roguelikeSheet_transparent_970 matches more than one built-in atlases. Default to use the first available atlas.
Sprite roguelikeSheet_transparent_101 matches more than one built-in atlases. Default to use the first available atlas.
Sprite roguelikeSheet_transparent_657 matches more than one built-in atlases. Default to use the first available atlas.
Sprite roguelikeSheet_transparent_647 matches more than one built-in atlases. Default to use the first available atlas.
Sprite roguelikeSheet_transparent_677 matches more than one built-in atlases. Default to use the first available atlas.
Sprite roguelikeSheet_transparent_637 matches more than one built-in atlases. Default to use the first available atlas.
Sprite roguelikeSheet_transparent_627 matches more than one built-in atlases. Default to use the first available atlas.
Sprite roguelikeSheet_transparent_687 matches more than one built-in atlases. Default to use the first available atlas.
Sprite roguelikeSheet_transparent_1030 matches more than one built-in atlases. Default to use the first available atlas.
Sprite roguelikeSheet_transparent_973 matches more than one built-in atlases. Default to use the first available atlas.
Sprite roguelikeSheet_transparent_102 matches more than one built-in atlases. Default to use the first available atlas.
Sprite roguelikeSheet_transparent_162 matches more than one built-in atlases. Default to use the first available atlas.
Sprite roguelikeSheet_transparent_658 matches more than one built-in atlases. Default to use the first available atlas.
Sprite roguelikeSheet_transparent_646 matches more than one built-in atlases. Default to use the first available atlas.
Sprite roguelikeSheet_transparent_674 matches more than one built-in atlases. Default to use the first available atlas.
Sprite roguelikeSheet_transparent_634 matches more than one built-in atlases. Default to use the first available atlas.
Sprite roguelikeSheet_transparent_626 matches more than one built-in atlases. Default to use the first available atlas.
Sprite roguelikeSheet_transparent_686 matches more than one built-in atlases. Default to use the first available atlas.
Sprite roguelikeSheet_transparent_1033 matches more than one built-in atlases. Default to use the first available atlas.
Sprite roguelikeSheet_transparent_1093 matches more than one built-in atlases. Default to use the first available atlas.
Sprite roguelikeSheet_transparent_972 matches more than one built-in atlases. Default to use the first available atlas.
Sprite roguelikeSheet_transparent_103 matches more than one built-in atlases. Default to use the first available atlas.
Sprite roguelikeSheet_transparent_113 matches more than one built-in atlases. Default to use the first available atlas.
Sprite roguelikeSheet_transparent_163 matches more than one built-in atlases. Default to use the first available atlas.
Sprite roguelikeSheet_transparent_659 matches more than one built-in atlases. Default to use the first available atlas.
Sprite roguelikeSheet_transparent_645 matches more than one built-in atlases. Default to use the first available atlas.
Sprite roguelikeSheet_transparent_675 matches more than one built-in atlases. Default to use the first available atlas.
Sprite roguelikeSheet_transparent_635 matches more than one built-in atlases. Default to use the first available atlas.
Sprite roguelikeSheet_transparent_621 matches more than one built-in atlases. Default to use the first available atlas.
Sprite roguelikeSheet_transparent_685 matches more than one built-in atlases. Default to use the first available atlas.
Sprite roguelikeSheet_transparent_1028 matches more than one built-in atlases. Default to use the first available atlas.
Sprite roguelikeSheet_transparent_1032 matches more than one built-in atlases. Default to use the first available atlas.
Sprite roguelikeSheet_transparent_1044 matches more than one built-in atlases. Default to use the first available atlas.
Sprite roguelikeSheet_transparent_1092 matches more than one built-in atlases. Default to use the first available atlas.
Sprite roguelikeSheet_transparent_104 matches more than one built-in atlases. Default to use the first available atlas.
Sprite roguelikeSheet_transparent_112 matches more than one built-in atlases. Default to use the first available atlas.
Sprite roguelikeSheet_transparent_160 matches more than one built-in atlases. Default to use the first available atlas.
Sprite roguelikeSheet_transparent_644 matches more than one built-in atlases. Default to use the first available atlas.
Sprite roguelikeSheet_transparent_672 matches more than one built-in atlases. Default to use the first available atlas.
Sprite roguelikeSheet_transparent_620 matches more than one built-in atlases. Default to use the first available atlas.
Sprite roguelikeSheet_transparent_684 matches more than one built-in atlases. Default to use the first available atlas.
Sprite roguelikeSheet_transparent_1029 matches more than one built-in atlases. Default to use the first available atlas.
Sprite roguelikeSheet_transparent_1035 matches more than one built-in atlases. Default to use the first available atlas.
Sprite roguelikeSheet_transparent_1045 matches more than one built-in atlases. Default to use the first available atlas.
Sprite roguelikeSheet_transparent_1059 matches more than one built-in atlases. Default to use the first available atlas.
Sprite roguelikeSheet_transparent_1091 matches more than one built-in atlases. Default to use the first available atlas.
Sprite roguelikeSheet_transparent_105 matches more than one built-in atlases. Default to use the first available atlas.
Sprite roguelikeSheet_transparent_111 matches more than one built-in atlases. Default to use the first available atlas.
Sprite roguelikeSheet_transparent_161 matches more than one built-in atlases. Default to use the first available atlas.
Sprite roguelikeSheet_transparent_175 matches more than one built-in atlases. Default to use the first available atlas.
Sprite roguelikeSheet_transparent_673 matches more than one built-in atlases. Default to use the first available atlas.
Sprite roguelikeSheet_transparent_623 matches more than one built-in atlases. Default to use the first available atlas.
Sprite roguelikeSheet_transparent_683 matches more than one built-in atlases. Default to use the first available atlas.
Sprite roguelikeSheet_transparent_1034 matches more than one built-in atlases. Default to use the first available atlas.
Sprite roguelikeSheet_transparent_1046 matches more than one built-in atlases. Default to use the first available atlas.
Sprite roguelikeSheet_transparent_1058 matches more than one built-in atlases. Default to use the first available atlas.
Sprite roguelikeSheet_transparent_1090 matches more than one built-in atlases. Default to use the first available atlas.
Sprite roguelikeSheet_transparent_106 matches more than one built-in atlases. Default to use the first available atlas.
Sprite roguelikeSheet_transparent_110 matches more than one built-in atlases. Default to use the first available atlas.
Sprite roguelikeSheet_transparent_126 matches more than one built-in atlases. Default to use the first available atlas.
Sprite roguelikeSheet_transparent_166 matches more than one built-in atlases. Default to use the first available atlas.
Sprite roguelikeSheet_transparent_174 matches more than one built-in atlases. Default to use the first available atlas.
Sprite roguelikeSheet_transparent_1619 matches more than one built-in atlases. Default to use the first available atlas.
Sprite roguelikeSheet_transparent_670 matches more than one built-in atlases. Default to use the first available atlas.
Sprite roguelikeSheet_transparent_638 matches more than one built-in atlases. Default to use the first available atlas.
Sprite roguelikeSheet_transparent_622 matches more than one built-in atlases. Default to use the first available atlas.
Sprite roguelikeSheet_transparent_682 matches more than one built-in atlases. Default to use the first available atlas.
Sprite roguelikeSheet_transparent_1037 matches more than one built-in atlases. Default to use the first available atlas.
Sprite roguelikeSheet_transparent_1047 matches more than one built-in atlases. Default to use the first available atlas.
Sprite roguelikeSheet_transparent_1057 matches more than one built-in atlases. Default to use the first available atlas.
Sprite roguelikeSheet_transparent_1097 matches more than one built-in atlases. Default to use the first available atlas.
Sprite roguelikeSheet_transparent_107 matches more than one built-in atlases. Default to use the first available atlas.
Sprite roguelikeSheet_transparent_117 matches more than one built-in atlases. Default to use the first available atlas.
Sprite roguelikeSheet_transparent_127 matches more than one built-in atlases. Default to use the first available atlas.
Sprite roguelikeSheet_transparent_167 matches more than one built-in atlases. Default to use the first available atlas.
Sprite roguelikeSheet_transparent_177 matches more than one built-in atlases. Default to use the first available atlas.
Sprite roguelikeSheet_transparent_1618 matches more than one built-in atlases. Default to use the first available atlas.
Sprite roguelikeSheet_transparent_649 matches more than one built-in atlases. Default to use the first available atlas.
Sprite roguelikeSheet_transparent_671 matches more than one built-in atlases. Default to use the first available atlas.
Sprite roguelikeSheet_transparent_639 matches more than one built-in atlases. Default to use the first available atlas.
Sprite roguelikeSheet_transparent_681 matches more than one built-in atlases. Default to use the first available atlas.
Sprite roguelikeSheet_transparent_1036 matches more than one built-in atlases. Default to use the first available atlas.
Sprite roguelikeSheet_transparent_1040 matches more than one built-in atlases. Default to use the first available atlas.
Sprite roguelikeSheet_transparent_1056 matches more than one built-in atlases. Default to use the first available atlas.
Sprite roguelikeSheet_transparent_1096 matches more than one built-in atlases. Default to use the first available atlas.
Sprite roguelikeSheet_transparent_108 matches more than one built-in atlases. Default to use the first available atlas.
Sprite roguelikeSheet_transparent_116 matches more than one built-in atlases. Default to use the first available atlas.
Sprite roguelikeSheet_transparent_124 matches more than one built-in atlases. Default to use the first available atlas.
Sprite roguelikeSheet_transparent_164 matches more than one built-in atlases. Default to use the first available atlas.
Sprite roguelikeSheet_transparent_176 matches more than one built-in atlases. Default to use the first available atlas.
Sprite roguelikeSheet_transparent_188 matches more than one built-in atlases. Default to use the first available atlas.
Sprite roguelikeSheet_transparent_648 matches more than one built-in atlases. Default to use the first available atlas.
Sprite roguelikeSheet_transparent_680 matches more than one built-in atlases. Default to use the first available atlas.
Sprite roguelikeSheet_transparent_1041 matches more than one built-in atlases. Default to use the first available atlas.
Sprite roguelikeSheet_transparent_1055 matches more than one built-in atlases. Default to use the first available atlas.
Sprite roguelikeSheet_transparent_1095 matches more than one built-in atlases. Default to use the first available atlas.
Sprite roguelikeSheet_transparent_109 matches more than one built-in atlases. Default to use the first available atlas.
Sprite roguelikeSheet_transparent_115 matches more than one built-in atlases. Default to use the first available atlas.
Sprite roguelikeSheet_transparent_125 matches more than one built-in atlases. Default to use the first available atlas.
Sprite roguelikeSheet_transparent_165 matches more than one built-in atlases. Default to use the first available atlas.
Sprite roguelikeSheet_transparent_171 matches more than one built-in atlases. Default to use the first available atlas.
Sprite roguelikeSheet_transparent_189 matches more than one built-in atlases. Default to use the first available atlas.
Sprite roguelikeSheet_transparent_1042 matches more than one built-in atlases. Default to use the first available atlas.
Sprite roguelikeSheet_transparent_1054 matches more than one built-in atlases. Default to use the first available atlas.
Sprite roguelikeSheet_transparent_1094 matches more than one built-in atlases. Default to use the first available atlas.
Sprite roguelikeSheet_transparent_114 matches more than one built-in atlases. Default to use the first available atlas.
Sprite roguelikeSheet_transparent_122 matches more than one built-in atlases. Default to use the first available atlas.
Sprite roguelikeSheet_transparent_170 matches more than one built-in atlases. Default to use the first available atlas.
Sprite roguelikeSheet_transparent_1043 matches more than one built-in atlases. Default to use the first available atlas.
Sprite roguelikeSheet_transparent_1053 matches more than one built-in atlases. Default to use the first available atlas.
Sprite Sand_Ground_Tile_10 matches more than one built-in atlases. Default to use the first available atlas.
Sprite Sand_Ground_Tile_11 matches more than one built-in atlases. Default to use the first available atlas.
Sprite Sand_Ground_Tile_12 matches more than one built-in atlases. Default to use the first available atlas.
Sprite Sand_Ground_Tile_13 matches more than one built-in atlases. Default to use the first available atlas.
Sprite Sand_Ground_Tile_14 matches more than one built-in atlases. Default to use the first available atlas.
Sprite Sand_Ground_Tile_9 matches more than one built-in atlases. Default to use the first available atlas.
Sprite Sand_Ground_Tile_8 matches more than one built-in atlases. Default to use the first available atlas.
Sprite Sand_Ground_Tile_1 matches more than one built-in atlases. Default to use the first available atlas.
Sprite Sand_Ground_Tile_0 matches more than one built-in atlases. Default to use the first available atlas.
Sprite Sand_Ground_Tile_3 matches more than one built-in atlases. Default to use the first available atlas.
Sprite Sand_Ground_Tile_2 matches more than one built-in atlases. Default to use the first available atlas.
Sprite Sand_Ground_Tile_5 matches more than one built-in atlases. Default to use the first available atlas.
Sprite Sand_Ground_Tile_4 matches more than one built-in atlases. Default to use the first available atlas.
Sprite Sand_Ground_Tile_7 matches more than one built-in atlases. Default to use the first available atlas.
Sprite Sand_Ground_Tile_6 matches more than one built-in atlases. Default to use the first available atlas.
Sprite Hill_Ground_9 matches more than one built-in atlases. Default to use the first available atlas.
Sprite Hill_Ground_8 matches more than one built-in atlases. Default to use the first available atlas.
Sprite Hill_Ground_5 matches more than one built-in atlases. Default to use the first available atlas.
Sprite Hill_Ground_4 matches more than one built-in atlases. Default to use the first available atlas.
Sprite Hill_Ground_7 matches more than one built-in atlases. Default to use the first available atlas.
Sprite Hill_Ground_6 matches more than one built-in atlases. Default to use the first available atlas.
Sprite Hill_Ground_1 matches more than one built-in atlases. Default to use the first available atlas.
Sprite Hill_Ground_0 matches more than one built-in atlases. Default to use the first available atlas.
Sprite Hill_Ground_3 matches more than one built-in atlases. Default to use the first available atlas.
Sprite Hill_Ground_2 matches more than one built-in atlases. Default to use the first available atlas.
Sprite Hill_Ground_14 matches more than one built-in atlases. Default to use the first available atlas.
Sprite Hill_Ground_10 matches more than one built-in atlases. Default to use the first available atlas.
Sprite Hill_Ground_11 matches more than one built-in atlases. Default to use the first available atlas.
Sprite Hill_Ground_12 matches more than one built-in atlases. Default to use the first available atlas.
Sprite Hill_Ground_13 matches more than one built-in atlases. Default to use the first available atlas.
Sprite Palm_0 matches more than one built-in atlases. Default to use the first available atlas.
Sprite Bridge_1 matches more than one built-in atlases. Default to use the first available atlas.
Sprite Bridge_0 matches more than one built-in atlases. Default to use the first available atlas.
Sprite Bridge_2 matches more than one built-in atlases. Default to use the first available atlas.
Sprite Ground_Tile_DG_2 matches more than one built-in atlases. Default to use the first available atlas.
Sprite Ground_Tile_DG_3 matches more than one built-in atlases. Default to use the first available atlas.
Sprite Ground_Tile_DG_0 matches more than one built-in atlases. Default to use the first available atlas.
Sprite Ground_Tile_DG_1 matches more than one built-in atlases. Default to use the first available atlas.
Sprite Ground_Tile_DG_6 matches more than one built-in atlases. Default to use the first available atlas.
Sprite Ground_Tile_DG_7 matches more than one built-in atlases. Default to use the first available atlas.
Sprite Ground_Tile_DG_4 matches more than one built-in atlases. Default to use the first available atlas.
Sprite Ground_Tile_DG_5 matches more than one built-in atlases. Default to use the first available atlas.
Sprite Ground_Tile_DG_8 matches more than one built-in atlases. Default to use the first available atlas.
Sprite Ground_Tile_DG_9 matches more than one built-in atlases. Default to use the first available atlas.
Sprite Ground_Tile_DG_11 matches more than one built-in atlases. Default to use the first available atlas.
Sprite Ground_Tile_DG_10 matches more than one built-in atlases. Default to use the first available atlas.
Sprite Ground_Tile_DG_13 matches more than one built-in atlases. Default to use the first available atlas.
Sprite Ground_Tile_DG_12 matches more than one built-in atlases. Default to use the first available atlas.
Sprite Ground_Tile_DG_14 matches more than one built-in atlases. Default to use the first available atlas.
Sprite Wals_border_Ground_4 matches more than one built-in atlases. Default to use the first available atlas.
Sprite Wals_border_Ground_5 matches more than one built-in atlases. Default to use the first available atlas.
Sprite Wals_border_Ground_6 matches more than one built-in atlases. Default to use the first available atlas.
Sprite Wals_border_Ground_7 matches more than one built-in atlases. Default to use the first available atlas.
Sprite Wals_border_Ground_0 matches more than one built-in atlases. Default to use the first available atlas.
Sprite Wals_border_Ground_1 matches more than one built-in atlases. Default to use the first available atlas.
Sprite Wals_border_Ground_2 matches more than one built-in atlases. Default to use the first available atlas.
Sprite Wals_border_Ground_3 matches more than one built-in atlases. Default to use the first available atlas.
Sprite Wals_border_Ground_8 matches more than one built-in atlases. Default to use the first available atlas.
Sprite Wals_border_Ground_9 matches more than one built-in atlases. Default to use the first available atlas.
Sprite Wals_border_Ground_22 matches more than one built-in atlases. Default to use the first available atlas.
Sprite Wals_border_Ground_23 matches more than one built-in atlases. Default to use the first available atlas.
Sprite Wals_border_Ground_20 matches more than one built-in atlases. Default to use the first available atlas.
Sprite Wals_border_Ground_21 matches more than one built-in atlases. Default to use the first available atlas.
Sprite Wals_border_Ground_26 matches more than one built-in atlases. Default to use the first available atlas.
Sprite Wals_border_Ground_34 matches more than one built-in atlases. Default to use the first available atlas.
Sprite Wals_border_Ground_27 matches more than one built-in atlases. Default to use the first available atlas.
Sprite Wals_border_Ground_24 matches more than one built-in atlases. Default to use the first available atlas.
Sprite Wals_border_Ground_25 matches more than one built-in atlases. Default to use the first available atlas.
Sprite Wals_border_Ground_31 matches more than one built-in atlases. Default to use the first available atlas.
Sprite Wals_border_Ground_30 matches more than one built-in atlases. Default to use the first available atlas.
Sprite Wals_border_Ground_33 matches more than one built-in atlases. Default to use the first available atlas.
Sprite Wals_border_Ground_28 matches more than one built-in atlases. Default to use the first available atlas.
Sprite Wals_border_Ground_32 matches more than one built-in atlases. Default to use the first available atlas.
Sprite Wals_border_Ground_29 matches more than one built-in atlases. Default to use the first available atlas.
Sprite Wals_border_Ground_19 matches more than one built-in atlases. Default to use the first available atlas.
Sprite Wals_border_Ground_18 matches more than one built-in atlases. Default to use the first available atlas.
Sprite Wals_border_Ground_17 matches more than one built-in atlases. Default to use the first available atlas.
Sprite Wals_border_Ground_16 matches more than one built-in atlases. Default to use the first available atlas.
Sprite Wals_border_Ground_15 matches more than one built-in atlases. Default to use the first available atlas.
Sprite Wals_border_Ground_14 matches more than one built-in atlases. Default to use the first available atlas.
Sprite Wals_border_Ground_13 matches more than one built-in atlases. Default to use the first available atlas.
Sprite Wals_border_Ground_12 matches more than one built-in atlases. Default to use the first available atlas.
Sprite Wals_border_Ground_11 matches more than one built-in atlases. Default to use the first available atlas.
Sprite Wals_border_Ground_10 matches more than one built-in atlases. Default to use the first available atlas.
Refreshing native plugins compatible for Editor in 11.97 ms, found 5 plugins.
Preloading 0 native plugins for Editor in 0.00 ms.
 -> (artifact id: '2e4741cc16ea7f3a30af6a5b1ddc6e84') in 1.3698529 seconds
Number of updated asset objects reloaded before import = 0Number of asset objects unloaded after import = 6224

========================================================================
Received Prepare
[Licensing::Client] Successfully resolved entitlement details
Begin MonoManager ReloadAssembly
[Licensing::Client] Successfully resolved entitlement details
ADTM: Control thread waiting for realtime thread timed out, have to lock...
Duplicate assembly 'log4net.dll' with different versions detected, using 'Packages/com.unity.package-validation-suite/Lib/Editor/log4net.dll, AssemblyName=log4net, Version=2.0.8.0, Culture=neutral, PublicKeyToken=669e0ddf0bb1aa2a' and ignoring 'Packages/com.unity.collab-proxy/Lib/Editor/log4netPlastic.dll, AssemblyName=log4net, Version=1.2.15.0, Culture=neutral, PublicKeyToken=669e0ddf0bb1aa2a'.Symbol file LoadedFromMemory is not a mono symbol file
- Loaded All Assemblies, in  2.464 seconds
Refreshing native plugins compatible for Editor in 15.58 ms, found 5 plugins.
Native extension for Android target not found
Native extension for WindowsStandalone target not found
[Package Manager] Failed to launch server process. Reason: Unity was launched with the -noUpm command-line argument
[Package Manager] Unable to send message (not connected to server process).
[Package Manager] Cannot connect to Unity Package Manager local server
[Package Manager] Failed to launch server process. Reason: Unity was launched with the -noUpm command-line argument
[Package Manager] Unable to send message (not connected to server process).
[Package Manager] Cannot connect to Unity Package Manager local server
[Package Manager] Failed to launch server process. Reason: Unity was launched with the -noUpm command-line argument
[Package Manager] Unable to send message (not connected to server process).
[Package Manager] Cannot connect to Unity Package Manager local server
ScheduleIndexationOnStartup MainProcess:False IndexOnStartup:True
Mono: successfully reloaded assembly
- Finished resetting the current domain, in  1.322 seconds
Domain Reload Profiling: 3787ms
	BeginReloadAssembly (1411ms)
		ExecutionOrderSort (0ms)
		DisableScriptedObjects (52ms)
		BackupInstance (0ms)
		ReleaseScriptingObjects (0ms)
		CreateAndSetChildDomain (1114ms)
	RebuildCommonClasses (55ms)
	RebuildNativeTypeToScriptingClass (22ms)
	initialDomainReloadingComplete (54ms)
	LoadAllAssembliesAndSetupDomain (923ms)
		LoadAssemblies (697ms)
		RebuildTransferFunctionScriptingTraits (0ms)
		AnalyzeDomain (382ms)
			TypeCache.Refresh (10ms)
				TypeCache.ScanAssembly (0ms)
			BuildScriptInfoCaches (344ms)
			ResolveRequiredComponents (23ms)
	FinalizeReload (1322ms)
		ReleaseScriptCaches (0ms)
		RebuildScriptCaches (0ms)
		SetupLoadedEditorAssemblies (1066ms)
			LogAssemblyErrors (0ms)
			InitializePlatformSupportModulesInManaged (12ms)
			SetLoadedEditorAssemblies (8ms)
			BeforeProcessingInitializeOnLoad (266ms)
			ProcessInitializeOnLoadAttributes (538ms)
			ProcessInitializeOnLoadMethodAttributes (237ms)
			AfterProcessingInitializeOnLoad (4ms)
			EditorAssembliesLoaded (1ms)
		ExecutionOrderSort2 (0ms)
		AwakeInstancesAfterBackupRestoration (20ms)
Refreshing native plugins compatible for Editor in 11.94 ms, found 5 plugins.
Preloading 0 native plugins for Editor in 0.00 ms.
Unloading 17 Unused Serialized files (Serialized files now loaded: 0)
Unloading 9112 unused Assets / (5.9 MB). Loaded Objects now: 9971.
Memory consumption went from 178.8 MB to 172.9 MB.
Total: 14.469900 ms (FindLiveObjects: 1.304700 ms CreateObjectMapping: 0.829300 ms MarkObjects: 7.724900 ms  DeleteObjects: 4.609000 ms)

Prepare: number of updated asset objects reloaded= 0
========================================================================
Received Prepare
Begin MonoManager ReloadAssembly
ADTM: Control thread waiting for realtime thread timed out, have to lock...
Duplicate assembly 'log4net.dll' with different versions detected, using 'Packages/com.unity.package-validation-suite/Lib/Editor/log4net.dll, AssemblyName=log4net, Version=2.0.8.0, Culture=neutral, PublicKeyToken=669e0ddf0bb1aa2a' and ignoring 'Packages/com.unity.collab-proxy/Lib/Editor/log4netPlastic.dll, AssemblyName=log4net, Version=1.2.15.0, Culture=neutral, PublicKeyToken=669e0ddf0bb1aa2a'.Symbol file LoadedFromMemory is not a mono symbol file
- Loaded All Assemblies, in  2.520 seconds
Refreshing native plugins compatible for Editor in 12.28 ms, found 5 plugins.
Native extension for Android target not found
Native extension for WindowsStandalone target not found
[Package Manager] Failed to launch server process. Reason: Unity was launched with the -noUpm command-line argument
[Package Manager] Unable to send message (not connected to server process).
[Package Manager] Cannot connect to Unity Package Manager local server
[Package Manager] Failed to launch server process. Reason: Unity was launched with the -noUpm command-line argument
[Package Manager] Unable to send message (not connected to server process).
[Package Manager] Cannot connect to Unity Package Manager local server
[Package Manager] Failed to launch server process. Reason: Unity was launched with the -noUpm command-line argument
[Package Manager] Unable to send message (not connected to server process).
[Package Manager] Cannot connect to Unity Package Manager local server
ScheduleIndexationOnStartup MainProcess:False IndexOnStartup:True
Mono: successfully reloaded assembly
- Finished resetting the current domain, in  1.305 seconds
Domain Reload Profiling: 3826ms
	BeginReloadAssembly (1417ms)
		ExecutionOrderSort (0ms)
		DisableScriptedObjects (23ms)
		BackupInstance (0ms)
		ReleaseScriptingObjects (0ms)
		CreateAndSetChildDomain (1117ms)
	RebuildCommonClasses (85ms)
	RebuildNativeTypeToScriptingClass (28ms)
	initialDomainReloadingComplete (49ms)
	LoadAllAssembliesAndSetupDomain (942ms)
		LoadAssemblies (726ms)
		RebuildTransferFunctionScriptingTraits (0ms)
		AnalyzeDomain (393ms)
			TypeCache.Refresh (10ms)
				TypeCache.ScanAssembly (0ms)
			BuildScriptInfoCaches (356ms)
			ResolveRequiredComponents (22ms)
	FinalizeReload (1305ms)
		ReleaseScriptCaches (0ms)
		RebuildScriptCaches (0ms)
		SetupLoadedEditorAssemblies (1030ms)
			LogAssemblyErrors (0ms)
			InitializePlatformSupportModulesInManaged (11ms)
			SetLoadedEditorAssemblies (7ms)
			BeforeProcessingInitializeOnLoad (253ms)
			ProcessInitializeOnLoadAttributes (522ms)
			ProcessInitializeOnLoadMethodAttributes (233ms)
			AfterProcessingInitializeOnLoad (4ms)
			EditorAssembliesLoaded (1ms)
		ExecutionOrderSort2 (0ms)
		AwakeInstancesAfterBackupRestoration (21ms)
Refreshing native plugins compatible for Editor in 11.91 ms, found 5 plugins.
Preloading 0 native plugins for Editor in 0.00 ms.
Unloading 17 Unused Serialized files (Serialized files now loaded: 0)
Unloading 9109 unused Assets / (4.7 MB). Loaded Objects now: 9977.
Memory consumption went from 178.6 MB to 173.9 MB.
Total: 16.288800 ms (FindLiveObjects: 1.274800 ms CreateObjectMapping: 1.126900 ms MarkObjects: 8.650100 ms  DeleteObjects: 5.235400 ms)

Prepare: number of updated asset objects reloaded= 0
