[Licensing::Module] Trying to connect to existing licensing client channel...
Built from '6000.3/staging' branch; Version is '6000.3.13f1 (8c4f11e4fb20) revision 9195281'; Using compiler version '194234433'; Build Type 'Release'
OS: 'Windows 10  (10.0.19045) 64bit Professional' Language: 'uk' Physical Memory: 16334 MB
[Licensing::IpcConnector] Successfully connected to: "LicenseClient-limon" at "2026-06-13T14:51:52.4487549Z"
BatchMode: 1, IsHumanControllingUs: 0, StartBugReporterOnCrash: 0, Is64bit: 1
System  architecture: x64
Process architecture: x64
Date: 2026-06-13T14:51:52Z

COMMAND LINE ARGUMENTS:
D:\Unity\6000.3.13f1\Editor\Unity.exe
-adb2
-batchMode
-noUpm
-name
AssetImportWorker24
-projectPath
D:/GameDev/DarkPixels
-logFile
Logs/AssetImportWorker24.log
-srvPort
50184
-licensingIpc
LicenseClient-limon
-job-worker-count
5
-background-job-worker-count
8
-gc-helper-count
1
-name
AssetImport
Successfully changed project path to: D:/GameDev/DarkPixels
D:/GameDev/DarkPixels
[UnityMemory] Configuration Parameters - Can be set up in boot.config
    "memorysetup-temp-allocator-size-nav-mesh-worker=65536"
    "memorysetup-temp-allocator-size-audio-worker=65536"
    "memorysetup-temp-allocator-size-gfx=262144"
    "memorysetup-allocator-temp-initial-block-size-main=262144"
    "memorysetup-allocator-temp-initial-block-size-worker=262144"
    "memorysetup-temp-allocator-size-background-worker=32768"
    "memorysetup-temp-allocator-size-job-worker=262144"
    "memorysetup-temp-allocator-size-preload-manager=33554432"
    "memorysetup-temp-allocator-size-gi-baking-worker=262144"
    "memorysetup-temp-allocator-size-gi-baking-worker=262144"
    "memorysetup-temp-allocator-size-gi-baking-worker=262144"
    "memorysetup-temp-allocator-size-gi-baking-worker=262144"
    "memorysetup-temp-allocator-size-gi-baking-worker=262144"
    "memorysetup-bucket-allocator-granularity=16"
    "memorysetup-bucket-allocator-bucket-count=8"
    "memorysetup-bucket-allocator-block-size=33554432"
    "memorysetup-bucket-allocator-block-count=8"
    "memorysetup-main-allocator-block-size=16777216"
    "memorysetup-thread-allocator-block-size=16777216"
    "memorysetup-gfx-main-allocator-block-size=16777216"
    "memorysetup-gfx-thread-allocator-block-size=16777216"
    "memorysetup-cache-allocator-block-size=4194304"
    "memorysetup-typetree-allocator-block-size=2097152"
    "memorysetup-profiler-bucket-allocator-granularity=16"
    "memorysetup-profiler-bucket-allocator-bucket-count=8"
    "memorysetup-profiler-bucket-allocator-block-size=33554432"
    "memorysetup-profiler-bucket-allocator-block-count=8"
    "memorysetup-profiler-allocator-block-size=16777216"
    "memorysetup-profiler-editor-allocator-block-size=1048576"
    "memorysetup-temp-allocator-size-main=16777216"
    "memorysetup-job-temp-allocator-block-size=2097152"
    "memorysetup-job-temp-allocator-block-size-background=1048576"
    "memorysetup-job-temp-allocator-reduction-small-platforms=262144"
    "memorysetup-temp-allocator-size-cloud-worker=32768"
Player connection [5488]  Target information:

Player connection [5488]  * "[IP] 192.168.0.28 [Port] 0 [Flags] 2 [Guid] 3589638614 [EditorId] 3589638614 [Version] 1048832 [Id] WindowsEditor(7,DESKTOP-4DD92S9) [Debug] 1 [PackageName] WindowsEditor [ProjectName] Editor" 

Player connection [5488] Host joined multi-casting on [225.0.0.222:54997]...
Player connection [5488] Host joined alternative multi-casting on [225.0.0.222:34997]...
JobSystem: Creating JobQueue using job-worker-count value 5
Input System module state changed to: Initialized.
[Physics::Module] Initialized fallback backend.
[Physics::Module] Id: 0xdecafbad
Library Redirect Path: Library/
[Physics::Module] Selected backend.
[Physics::Module] Name: PhysX
[Physics::Module] Id: 0xf2b8ea05
[Physics::Module] SDK Version: 4.1.2
[Physics::Module] Integration Version: 1.0.0
[Physics::Module] Threading Mode: Multi-Threaded
[Licensing::Module] Licensing is not yet initialized.
[Licensing::Client] Error: HandshakeResponse reported an error:
	ResponseCode: 505
	ResponseStatus: Unsupported protocol version '1.18.1'.
[Licensing::Module] Error: Failed to handshake to channel: "LicenseClient-limon"
[Licensing::IpcConnector] LicenseClient-limon channel disconnected successfully.
[Licensing::IpcConnector] Successfully connected to: "LicenseClient-limon-6000.3.13" at "2026-06-13T14:51:53.8030035Z"
[Licensing::Client] Handshaking with LicensingClient:
  Version:                 1.18.1+9fbee8e
  Session Id:              0ff47cbfafff4cd9981c0b57742dfed8
  Correlation Id:          161932b8a59d27e5e212d6a1440c5954
  External correlation Id: 7471710877073393104
  Machine Id:              4D8GW8ETA38K6LsA7GOMWmqZxN4=
[Licensing::Module] Successfully connected to LicensingClient on channel: "LicenseClient-limon-6000.3.13" (connect: 0.00s, validation: 0.00s, handshake: 1.19s)
[Licensing::IpcConnector] Successfully connected to: "LicenseClient-limon-6000.3.13-notifications" at "2026-06-13T14:51:54.9976441Z"
[Licensing::Module] Licensing Background thread has ended after 2.55s
[Licensing::Module] Licensing is initialized (took 2.22s).
[Licensing::Client] Successfully resolved entitlement details
[Licensing::Module] License group:
  Id: 7971680487528-UnityPersXXXX
  Product: Unity Personal
  Type: Assigned
  Expiration: Unlimited
Refreshing native plugins compatible for Editor in 17.33 ms, found 5 plugins.
Preloading 0 native plugins for Editor in 0.00 ms.
Initialize engine version: 6000.3.13f1 (8c4f11e4fb20)
[Subsystems] Discovering subsystems at path D:/Unity/6000.3.13f1/Editor/Data/Resources/UnitySubsystems
[Subsystems] Discovering subsystems at path D:/GameDev/DarkPixels/Assets
GfxDevice: creating device client; kGfxThreadingModeNonThreaded
Direct3D:
    Version:  Direct3D 11.0 [level 11.1]
    Renderer: Radeon RX 590 Series (ID=0x67df)
    Vendor:   ATI
    VRAM:     8170 MB
    Driver:   31.0.21923.1000
Initialize mono
Mono path[0] = 'D:/Unity/6000.3.13f1/Editor/Data/Managed'
Mono path[1] = 'D:/Unity/6000.3.13f1/Editor/Data/MonoBleedingEdge/lib/mono/unityjit-win32'
Mono config path = 'D:/Unity/6000.3.13f1/Editor/Data/MonoBleedingEdge/etc'
Using monoOptions --debugger-agent=transport=dt_socket,embedding=1,server=y,suspend=n,address=127.0.0.1:56444
Begin MonoManager ReloadAssembly
Registering precompiled unity dll's ...
Register platform support module: D:/Unity/6000.3.13f1/Editor/Data/PlaybackEngines/WindowsStandaloneSupport/UnityEditor.WindowsStandalone.Extensions.dll
Register platform support module: D:/Unity/6000.3.13f1/Editor/Data/PlaybackEngines/AndroidPlayer/UnityEditor.Android.Extensions.dll
Registered in 0.002681 seconds.
- Loaded All Assemblies, in  0.546 seconds
Native extension for Android target not found
Native extension for WindowsStandalone target not found
Package Manager log level set to [2]
[Package Manager] Failed to launch server process. Reason: Unity was launched with the -noUpm command-line argument
[Package Manager] Unable to send message (not connected to server process).
[Package Manager] Cannot connect to Unity Package Manager local server
ScheduleIndexationOnStartup MainProcess:False IndexOnStartup:True
Mono: successfully reloaded assembly
- Finished resetting the current domain, in  0.569 seconds
Domain Reload Profiling: 1114ms
	BeginReloadAssembly (165ms)
		ExecutionOrderSort (0ms)
		DisableScriptedObjects (0ms)
		BackupInstance (0ms)
		ReleaseScriptingObjects (0ms)
		CreateAndSetChildDomain (1ms)
	RebuildCommonClasses (53ms)
	RebuildNativeTypeToScriptingClass (20ms)
	initialDomainReloadingComplete (59ms)
	LoadAllAssembliesAndSetupDomain (248ms)
		LoadAssemblies (164ms)
		RebuildTransferFunctionScriptingTraits (0ms)
		AnalyzeDomain (243ms)
			TypeCache.Refresh (240ms)
				TypeCache.ScanAssembly (223ms)
			BuildScriptInfoCaches (0ms)
			ResolveRequiredComponents (1ms)
	FinalizeReload (569ms)
		ReleaseScriptCaches (0ms)
		RebuildScriptCaches (0ms)
		SetupLoadedEditorAssemblies (498ms)
			LogAssemblyErrors (0ms)
			InitializePlatformSupportModulesInManaged (88ms)
			SetLoadedEditorAssemblies (5ms)
			BeforeProcessingInitializeOnLoad (115ms)
			ProcessInitializeOnLoadAttributes (191ms)
			ProcessInitializeOnLoadMethodAttributes (99ms)
			AfterProcessingInitializeOnLoad (0ms)
			EditorAssembliesLoaded (0ms)
		ExecutionOrderSort2 (0ms)
		AwakeInstancesAfterBackupRestoration (0ms)
========================================================================
Worker process is ready to serve import requests
Import Worker Mode flag is 0x00
Begin MonoManager ReloadAssembly
[Licensing::Client] Successfully resolved entitlement details
Duplicate assembly 'log4net.dll' with different versions detected, using 'Packages/com.unity.package-validation-suite/Lib/Editor/log4net.dll, AssemblyName=log4net, Version=2.0.8.0, Culture=neutral, PublicKeyToken=669e0ddf0bb1aa2a' and ignoring 'Packages/com.unity.collab-proxy/Lib/Editor/log4netPlastic.dll, AssemblyName=log4net, Version=1.2.15.0, Culture=neutral, PublicKeyToken=669e0ddf0bb1aa2a'.Symbol file LoadedFromMemory is not a mono symbol file
- Loaded All Assemblies, in  1.365 seconds
Refreshing native plugins compatible for Editor in 11.43 ms, found 5 plugins.
Native extension for Android target not found
Native extension for WindowsStandalone target not found
[Package Manager] Failed to launch server process. Reason: Unity was launched with the -noUpm command-line argument
[Package Manager] Unable to send message (not connected to server process).
[Package Manager] Cannot connect to Unity Package Manager local server
[Package Manager] Failed to launch server process. Reason: Unity was launched with the -noUpm command-line argument
[Package Manager] Unable to send message (not connected to server process).
[Package Manager] Cannot connect to Unity Package Manager local server
Refreshing native plugins compatible for Editor in 11.82 ms, found 5 plugins.
[Package Manager] Failed to launch server process. Reason: Unity was launched with the -noUpm command-line argument
[Package Manager] Unable to send message (not connected to server process).
[Package Manager] Cannot connect to Unity Package Manager local server
ScheduleIndexationOnStartup MainProcess:False IndexOnStartup:True
Mono: successfully reloaded assembly
- Finished resetting the current domain, in  1.524 seconds
Domain Reload Profiling: 2887ms
	BeginReloadAssembly (241ms)
		ExecutionOrderSort (0ms)
		DisableScriptedObjects (8ms)
		BackupInstance (0ms)
		ReleaseScriptingObjects (0ms)
		CreateAndSetChildDomain (33ms)
	RebuildCommonClasses (60ms)
	RebuildNativeTypeToScriptingClass (19ms)
	initialDomainReloadingComplete (53ms)
	LoadAllAssembliesAndSetupDomain (988ms)
		LoadAssemblies (612ms)
		RebuildTransferFunctionScriptingTraits (0ms)
		AnalyzeDomain (517ms)
			TypeCache.Refresh (359ms)
				TypeCache.ScanAssembly (332ms)
			BuildScriptInfoCaches (132ms)
			ResolveRequiredComponents (21ms)
	FinalizeReload (1525ms)
		ReleaseScriptCaches (0ms)
		RebuildScriptCaches (0ms)
		SetupLoadedEditorAssemblies (1323ms)
			LogAssemblyErrors (0ms)
			InitializePlatformSupportModulesInManaged (11ms)
			SetLoadedEditorAssemblies (6ms)
			BeforeProcessingInitializeOnLoad (223ms)
			ProcessInitializeOnLoadAttributes (636ms)
			ProcessInitializeOnLoadMethodAttributes (442ms)
			AfterProcessingInitializeOnLoad (3ms)
			EditorAssembliesLoaded (0ms)
		ExecutionOrderSort2 (0ms)
		AwakeInstancesAfterBackupRestoration (7ms)
Launched and connected shader compiler UnityShaderCompiler.exe after 0.01 seconds
Refreshing native plugins compatible for Editor in 13.28 ms, found 5 plugins.
Preloading 0 native plugins for Editor in 0.00 ms.
Unloading 17 Unused Serialized files (Serialized files now loaded: 0)
Unloading 9101 unused Assets / (5.3 MB). Loaded Objects now: 9916.
Memory consumption went from 171.3 MB to 166.0 MB.
Total: 13.955800 ms (FindLiveObjects: 1.287400 ms CreateObjectMapping: 0.819100 ms MarkObjects: 7.933500 ms  DeleteObjects: 3.914500 ms)

========================================================================
Received Prepare
Begin MonoManager ReloadAssembly
Duplicate assembly 'log4net.dll' with different versions detected, using 'Packages/com.unity.package-validation-suite/Lib/Editor/log4net.dll, AssemblyName=log4net, Version=2.0.8.0, Culture=neutral, PublicKeyToken=669e0ddf0bb1aa2a' and ignoring 'Packages/com.unity.collab-proxy/Lib/Editor/log4netPlastic.dll, AssemblyName=log4net, Version=1.2.15.0, Culture=neutral, PublicKeyToken=669e0ddf0bb1aa2a'.Symbol file LoadedFromMemory is not a mono symbol file
- Loaded All Assemblies, in  1.295 seconds
Refreshing native plugins compatible for Editor in 12.48 ms, found 5 plugins.
Native extension for Android target not found
Native extension for WindowsStandalone target not found
[Package Manager] Failed to launch server process. Reason: Unity was launched with the -noUpm command-line argument
[Package Manager] Unable to send message (not connected to server process).
[Package Manager] Cannot connect to Unity Package Manager local server
[Package Manager] Failed to launch server process. Reason: Unity was launched with the -noUpm command-line argument
[Package Manager] Unable to send message (not connected to server process).
[Package Manager] Cannot connect to Unity Package Manager local server
[Package Manager] Failed to launch server process. Reason: Unity was launched with the -noUpm command-line argument
[Package Manager] Unable to send message (not connected to server process).
[Package Manager] Cannot connect to Unity Package Manager local server
ScheduleIndexationOnStartup MainProcess:False IndexOnStartup:True
Mono: successfully reloaded assembly
- Finished resetting the current domain, in  1.298 seconds
Domain Reload Profiling: 2596ms
	BeginReloadAssembly (331ms)
		ExecutionOrderSort (0ms)
		DisableScriptedObjects (20ms)
		BackupInstance (0ms)
		ReleaseScriptingObjects (0ms)
		CreateAndSetChildDomain (85ms)
	RebuildCommonClasses (53ms)
	RebuildNativeTypeToScriptingClass (22ms)
	initialDomainReloadingComplete (40ms)
	LoadAllAssembliesAndSetupDomain (852ms)
		LoadAssemblies (624ms)
		RebuildTransferFunctionScriptingTraits (0ms)
		AnalyzeDomain (368ms)
			TypeCache.Refresh (9ms)
				TypeCache.ScanAssembly (0ms)
			BuildScriptInfoCaches (331ms)
			ResolveRequiredComponents (21ms)
	FinalizeReload (1298ms)
		ReleaseScriptCaches (0ms)
		RebuildScriptCaches (0ms)
		SetupLoadedEditorAssemblies (1026ms)
			LogAssemblyErrors (0ms)
			InitializePlatformSupportModulesInManaged (12ms)
			SetLoadedEditorAssemblies (7ms)
			BeforeProcessingInitializeOnLoad (249ms)
			ProcessInitializeOnLoadAttributes (507ms)
			ProcessInitializeOnLoadMethodAttributes (242ms)
			AfterProcessingInitializeOnLoad (8ms)
			EditorAssembliesLoaded (1ms)
		ExecutionOrderSort2 (0ms)
		AwakeInstancesAfterBackupRestoration (23ms)
Refreshing native plugins compatible for Editor in 11.30 ms, found 5 plugins.
Preloading 0 native plugins for Editor in 0.00 ms.
Unloading 17 Unused Serialized files (Serialized files now loaded: 0)
Unloading 9099 unused Assets / (5.2 MB). Loaded Objects now: 9923.
Memory consumption went from 175.7 MB to 170.5 MB.
Total: 13.214700 ms (FindLiveObjects: 1.411200 ms CreateObjectMapping: 0.896000 ms MarkObjects: 7.399800 ms  DeleteObjects: 3.505900 ms)

Prepare: number of updated asset objects reloaded= 0
========================================================================
Received Import Request.
  Time since last request: 14228.987939 seconds.
  path: Assets/Resources/Items_Level/roguelikeSheet_transparent.png
  artifactKey: Guid(b07764436fd2a1e49a5ad0886564640d) Importer(815301076,1909f56bfc062723c751e8b465ee728b)
Start importing Assets/Resources/Items_Level/roguelikeSheet_transparent.png using Guid(b07764436fd2a1e49a5ad0886564640d) Importer(815301076,1909f56bfc062723c751e8b465ee728b) (PreviewImporter)[Licensing::Client] Successfully resolved entitlement details
 -> (artifact id: '125fa609bdcd07f4de80d175a1a4bbde') in 4.3038584 seconds
Number of updated asset objects reloaded before import = 0Number of asset objects unloaded after import = 5170

========================================================================
Received Import Request.
  Time since last request: 8.295872 seconds.
  path: Assets/Resources/Items_Level/Hill_Ground_6.asset
  artifactKey: Guid(c008e077d2b1c414e8e4ddb077744984) Importer(815301076,1909f56bfc062723c751e8b465ee728b)
Start importing Assets/Resources/Items_Level/Hill_Ground_6.asset using Guid(c008e077d2b1c414e8e4ddb077744984) Importer(815301076,1909f56bfc062723c751e8b465ee728b) (PreviewImporter) -> (artifact id: 'ae77b41c2fff72ecb696d5b687f5f9bb') in 0.8051931 seconds
Number of updated asset objects reloaded before import = 0Number of asset objects unloaded after import = 5170

========================================================================
Received Import Request.
  Time since last request: 0.000041 seconds.
  path: Assets/Resources/Items_Level/Bridge.png
  artifactKey: Guid(788466195746cb4438bc93cc75580e02) Importer(815301076,1909f56bfc062723c751e8b465ee728b)
Start importing Assets/Resources/Items_Level/Bridge.png using Guid(788466195746cb4438bc93cc75580e02) Importer(815301076,1909f56bfc062723c751e8b465ee728b) (PreviewImporter) -> (artifact id: 'c11f59ce19253c8544b9267cdb0af54e') in 1.6189196 seconds
Number of updated asset objects reloaded before import = 0Number of asset objects unloaded after import = 5170

========================================================================
Received Import Request.
  Time since last request: 0.000104 seconds.
  path: Assets/Resources/Items_Level/Palm.png
  artifactKey: Guid(b920c498f33e7d841a73da340f694703) Importer(815301076,1909f56bfc062723c751e8b465ee728b)
Start importing Assets/Resources/Items_Level/Palm.png using Guid(b920c498f33e7d841a73da340f694703) Importer(815301076,1909f56bfc062723c751e8b465ee728b) (PreviewImporter) -> (artifact id: '5d61cc6bd010f2d42f5ea778a86a4305') in 0.898462 seconds
Number of updated asset objects reloaded before import = 0Number of asset objects unloaded after import = 5170

========================================================================
Received Import Request.
  Time since last request: 0.000033 seconds.
  path: Assets/Resources/Items_Level/Hill_Ground_11.asset
  artifactKey: Guid(1e46e51bc2190bc4f87289fc12b52bf5) Importer(815301076,1909f56bfc062723c751e8b465ee728b)
Start importing Assets/Resources/Items_Level/Hill_Ground_11.asset using Guid(1e46e51bc2190bc4f87289fc12b52bf5) Importer(815301076,1909f56bfc062723c751e8b465ee728b) (PreviewImporter) -> (artifact id: 'f64aa0a33a02dc72cbf2831055bfb425') in 0.8725225 seconds
Number of updated asset objects reloaded before import = 0Number of asset objects unloaded after import = 5170

========================================================================
Received Import Request.
  Time since last request: 0.000049 seconds.
  path: Assets/Resources/Items_Level/Hill_Ground_9.asset
  artifactKey: Guid(e868617910522644aae1b5d101dff057) Importer(815301076,1909f56bfc062723c751e8b465ee728b)
Start importing Assets/Resources/Items_Level/Hill_Ground_9.asset using Guid(e868617910522644aae1b5d101dff057) Importer(815301076,1909f56bfc062723c751e8b465ee728b) (PreviewImporter) -> (artifact id: '240efb897820ce1f2363a06467440c20') in 0.6525606 seconds
Number of updated asset objects reloaded before import = 0Number of asset objects unloaded after import = 5170

========================================================================
Received Import Request.
  Time since last request: 0.000045 seconds.
  path: Assets/Resources/Items_Level/Hill_Ground.png
  artifactKey: Guid(aa7671384e611c24ebc6cd2c30a6b2d1) Importer(815301076,1909f56bfc062723c751e8b465ee728b)
Start importing Assets/Resources/Items_Level/Hill_Ground.png using Guid(aa7671384e611c24ebc6cd2c30a6b2d1) Importer(815301076,1909f56bfc062723c751e8b465ee728b) (PreviewImporter) -> (artifact id: 'a81d694221cd5e374967cd0295f02415') in 0.7830797 seconds
Number of updated asset objects reloaded before import = 0Number of asset objects unloaded after import = 5170

========================================================================
Received Import Request.
  Time since last request: 0.000047 seconds.
  path: Assets/Resources/Items_Level/Hill_Ground_1.asset
  artifactKey: Guid(99cfdc75b9fc87a4b87e47f14fa903c2) Importer(815301076,1909f56bfc062723c751e8b465ee728b)
Start importing Assets/Resources/Items_Level/Hill_Ground_1.asset using Guid(99cfdc75b9fc87a4b87e47f14fa903c2) Importer(815301076,1909f56bfc062723c751e8b465ee728b) (PreviewImporter) -> (artifact id: '0449ccbb181b7f2790b1623492d8c33e') in 0.6453723 seconds
Number of updated asset objects reloaded before import = 0Number of asset objects unloaded after import = 5170

========================================================================
Received Import Request.
  Time since last request: 0.000033 seconds.
  path: Assets/Resources/Items_Level/Hill_Ground_13.asset
  artifactKey: Guid(42f18ca17800c3d4f9c0057f02b4fb6e) Importer(815301076,1909f56bfc062723c751e8b465ee728b)
Start importing Assets/Resources/Items_Level/Hill_Ground_13.asset using Guid(42f18ca17800c3d4f9c0057f02b4fb6e) Importer(815301076,1909f56bfc062723c751e8b465ee728b) (PreviewImporter) -> (artifact id: '10275ef03084d475d86e8f85d9cbb268') in 0.6981771 seconds
Number of updated asset objects reloaded before import = 0Number of asset objects unloaded after import = 5170

========================================================================
Received Import Request.
  Time since last request: 0.000053 seconds.
  path: Assets/Resources/Items_Level/Hill_Ground_8.asset
  artifactKey: Guid(cc33410c64f310044ac70a826c5d8ef3) Importer(815301076,1909f56bfc062723c751e8b465ee728b)
Start importing Assets/Resources/Items_Level/Hill_Ground_8.asset using Guid(cc33410c64f310044ac70a826c5d8ef3) Importer(815301076,1909f56bfc062723c751e8b465ee728b) (PreviewImporter) -> (artifact id: '1563281ef1007625e88b2dbc4a8a0a93') in 0.6927443 seconds
Number of updated asset objects reloaded before import = 0Number of asset objects unloaded after import = 5170

========================================================================
Received Import Request.
  Time since last request: 0.000039 seconds.
  path: Assets/Resources/Items_Level/Hill_Ground_10.asset
  artifactKey: Guid(3aefe4da6ed5a714fa958342b7ba7e67) Importer(815301076,1909f56bfc062723c751e8b465ee728b)
Start importing Assets/Resources/Items_Level/Hill_Ground_10.asset using Guid(3aefe4da6ed5a714fa958342b7ba7e67) Importer(815301076,1909f56bfc062723c751e8b465ee728b) (PreviewImporter) -> (artifact id: '519113bfdbf53f06ebc7a3fa43e40ef7') in 1.1560694 seconds
Number of updated asset objects reloaded before import = 0Number of asset objects unloaded after import = 5170

========================================================================
Received Import Request.
  Time since last request: 0.000058 seconds.
  path: Assets/Resources/Items_Level/Hill_Ground_14.asset
  artifactKey: Guid(fd0a224928e41da4f9edef8766ad3a32) Importer(815301076,1909f56bfc062723c751e8b465ee728b)
Start importing Assets/Resources/Items_Level/Hill_Ground_14.asset using Guid(fd0a224928e41da4f9edef8766ad3a32) Importer(815301076,1909f56bfc062723c751e8b465ee728b) (PreviewImporter) -> (artifact id: '85bc4ff91e447f6205eb6f3f190a3028') in 0.7500937 seconds
Number of updated asset objects reloaded before import = 0Number of asset objects unloaded after import = 5170

========================================================================
Received Prepare
[Licensing::Client] Successfully resolved entitlement details
Begin MonoManager ReloadAssembly
[Licensing::Client] Successfully resolved entitlement details
Duplicate assembly 'log4net.dll' with different versions detected, using 'Packages/com.unity.package-validation-suite/Lib/Editor/log4net.dll, AssemblyName=log4net, Version=2.0.8.0, Culture=neutral, PublicKeyToken=669e0ddf0bb1aa2a' and ignoring 'Packages/com.unity.collab-proxy/Lib/Editor/log4netPlastic.dll, AssemblyName=log4net, Version=1.2.15.0, Culture=neutral, PublicKeyToken=669e0ddf0bb1aa2a'.Symbol file LoadedFromMemory is not a mono symbol file
- Loaded All Assemblies, in  1.592 seconds
Refreshing native plugins compatible for Editor in 12.47 ms, found 5 plugins.
Native extension for Android target not found
Native extension for WindowsStandalone target not found
[Package Manager] Failed to launch server process. Reason: Unity was launched with the -noUpm command-line argument
[Package Manager] Unable to send message (not connected to server process).
[Package Manager] Cannot connect to Unity Package Manager local server
[Package Manager] Failed to launch server process. Reason: Unity was launched with the -noUpm command-line argument
[Package Manager] Unable to send message (not connected to server process).
[Package Manager] Cannot connect to Unity Package Manager local server
[Package Manager] Failed to launch server process. Reason: Unity was launched with the -noUpm command-line argument
[Package Manager] Unable to send message (not connected to server process).
[Package Manager] Cannot connect to Unity Package Manager local server
ScheduleIndexationOnStartup MainProcess:False IndexOnStartup:True
Mono: successfully reloaded assembly
- Finished resetting the current domain, in  1.452 seconds
Domain Reload Profiling: 3045ms
	BeginReloadAssembly (367ms)
		ExecutionOrderSort (0ms)
		DisableScriptedObjects (20ms)
		BackupInstance (0ms)
		ReleaseScriptingObjects (0ms)
		CreateAndSetChildDomain (90ms)
	RebuildCommonClasses (61ms)
	RebuildNativeTypeToScriptingClass (25ms)
	initialDomainReloadingComplete (47ms)
	LoadAllAssembliesAndSetupDomain (1091ms)
		LoadAssemblies (826ms)
		RebuildTransferFunctionScriptingTraits (0ms)
		AnalyzeDomain (434ms)
			TypeCache.Refresh (25ms)
				TypeCache.ScanAssembly (5ms)
			BuildScriptInfoCaches (380ms)
			ResolveRequiredComponents (23ms)
	FinalizeReload (1453ms)
		ReleaseScriptCaches (0ms)
		RebuildScriptCaches (0ms)
		SetupLoadedEditorAssemblies (1145ms)
			LogAssemblyErrors (0ms)
			InitializePlatformSupportModulesInManaged (12ms)
			SetLoadedEditorAssemblies (8ms)
			BeforeProcessingInitializeOnLoad (276ms)
			ProcessInitializeOnLoadAttributes (568ms)
			ProcessInitializeOnLoadMethodAttributes (276ms)
			AfterProcessingInitializeOnLoad (4ms)
			EditorAssembliesLoaded (1ms)
		ExecutionOrderSort2 (0ms)
		AwakeInstancesAfterBackupRestoration (26ms)
Refreshing native plugins compatible for Editor in 14.71 ms, found 5 plugins.
Preloading 0 native plugins for Editor in 0.00 ms.
Unloading 17 Unused Serialized files (Serialized files now loaded: 0)
Unloading 9099 unused Assets / (5.4 MB). Loaded Objects now: 10127.
Memory consumption went from 178.6 MB to 173.1 MB.
Total: 18.954000 ms (FindLiveObjects: 1.393200 ms CreateObjectMapping: 1.030900 ms MarkObjects: 9.193200 ms  DeleteObjects: 7.334100 ms)

Prepare: number of updated asset objects reloaded= 0
========================================================================
Received Import Request.
  Time since last request: 2635.226881 seconds.
  path: Assets/Resources/Street_Lamp.png
  artifactKey: Guid(50e95044d05781144a59a010df3a6b3b) Importer(815301076,1909f56bfc062723c751e8b465ee728b)
Start importing Assets/Resources/Street_Lamp.png using Guid(50e95044d05781144a59a010df3a6b3b) Importer(815301076,1909f56bfc062723c751e8b465ee728b) (PreviewImporter) -> (artifact id: '9baaf078d4b8ba0b60ac81daa99720a0') in 0.933427 seconds
Number of updated asset objects reloaded before import = 0Number of asset objects unloaded after import = 5170

========================================================================
Received Import Request.
  Time since last request: 0.000050 seconds.
  path: Assets/Resources/WeaponSwap.png
  artifactKey: Guid(0f67ba4f57f6f854e971a54ef8e3e511) Importer(815301076,1909f56bfc062723c751e8b465ee728b)
Start importing Assets/Resources/WeaponSwap.png using Guid(0f67ba4f57f6f854e971a54ef8e3e511) Importer(815301076,1909f56bfc062723c751e8b465ee728b) (PreviewImporter) -> (artifact id: '0bff73d00f5a885f578dbdfb61171e97') in 0.7931756 seconds
Number of updated asset objects reloaded before import = 0Number of asset objects unloaded after import = 5170

========================================================================
Received Import Request.
  Time since last request: 0.000060 seconds.
  path: Assets/Resources/TrashBasket.png
  artifactKey: Guid(1e46078eaa88b354d8b1633c31c5ea49) Importer(815301076,1909f56bfc062723c751e8b465ee728b)
Start importing Assets/Resources/TrashBasket.png using Guid(1e46078eaa88b354d8b1633c31c5ea49) Importer(815301076,1909f56bfc062723c751e8b465ee728b) (PreviewImporter) -> (artifact id: '78fd04beeb7e76b705ab682e39547aa2') in 0.7551433 seconds
Number of updated asset objects reloaded before import = 0Number of asset objects unloaded after import = 5170

========================================================================
Received Import Request.
  Time since last request: 1.390251 seconds.
  path: Assets/Scripts/LightZoneTrigger.cs
  artifactKey: Guid(bc35c5a6d141e91479036d73c49bb4b2) Importer(2089858483,b0f066a214c2f5e87bad3c948f4d605d)
Start importing Assets/Scripts/LightZoneTrigger.cs using Guid(bc35c5a6d141e91479036d73c49bb4b2) Importer(2089858483,b0f066a214c2f5e87bad3c948f4d605d) (ScriptedImporter) -> (artifact id: '30bf538f84b048c698a0c0419cdfc297') in 0.1062186 seconds
Number of updated asset objects reloaded before import = 0Number of asset objects unloaded after import = 0

========================================================================
Received Import Request.
  Time since last request: 0.000021 seconds.
  path: Assets/Prefabs/PrefabsJewelry/AmuletHP.prefab
  artifactKey: Guid(adb173cbae633034dadb1e442321bb16) Importer(2089858483,b0f066a214c2f5e87bad3c948f4d605d)
Start importing Assets/Prefabs/PrefabsJewelry/AmuletHP.prefab using Guid(adb173cbae633034dadb1e442321bb16) Importer(2089858483,b0f066a214c2f5e87bad3c948f4d605d) (ScriptedImporter) -> (artifact id: '36e06fbd7bfa5a6354ce0c63f385c926') in 0.1467106 seconds
Number of updated asset objects reloaded before import = 0Number of asset objects unloaded after import = 20

========================================================================
Received Import Request.
  Time since last request: 0.000055 seconds.
  path: Assets/Prefabs/ChestplatePrefab/Guardsman armor.prefab
  artifactKey: Guid(b9d239358144d864cb9cf9860b343a36) Importer(2089858483,b0f066a214c2f5e87bad3c948f4d605d)
Start importing Assets/Prefabs/ChestplatePrefab/Guardsman armor.prefab using Guid(b9d239358144d864cb9cf9860b343a36) Importer(2089858483,b0f066a214c2f5e87bad3c948f4d605d) (ScriptedImporter) -> (artifact id: '8e204e440cd07fa1ab778d3fbc1992e3') in 0.0509297 seconds
Number of updated asset objects reloaded before import = 0Number of asset objects unloaded after import = 19

========================================================================
Received Import Request.
  Time since last request: 0.000028 seconds.
  path: Assets/Prefabs/PrefabsBelt/BeltRegenerationUncommon.prefab
  artifactKey: Guid(bd8ac1b10d275804ca425bff1e0e4d0e) Importer(2089858483,b0f066a214c2f5e87bad3c948f4d605d)
Start importing Assets/Prefabs/PrefabsBelt/BeltRegenerationUncommon.prefab using Guid(bd8ac1b10d275804ca425bff1e0e4d0e) Importer(2089858483,b0f066a214c2f5e87bad3c948f4d605d) (ScriptedImporter) -> (artifact id: 'a1b9caece25a1ba9a111ffac13d32d39') in 0.0592016 seconds
Number of updated asset objects reloaded before import = 0Number of asset objects unloaded after import = 20

========================================================================
Received Import Request.
  Time since last request: 0.000032 seconds.
  path: Assets/Prefabs/PrefabsBelt/BeltArmorCommon.prefab
  artifactKey: Guid(12876b6df8180e74aae98d5a2ec027cf) Importer(2089858483,b0f066a214c2f5e87bad3c948f4d605d)
Start importing Assets/Prefabs/PrefabsBelt/BeltArmorCommon.prefab using Guid(12876b6df8180e74aae98d5a2ec027cf) Importer(2089858483,b0f066a214c2f5e87bad3c948f4d605d) (ScriptedImporter) -> (artifact id: '416d4c7e495f6e663f24f1bc1b04e8d6') in 0.0521008 seconds
Number of updated asset objects reloaded before import = 0Number of asset objects unloaded after import = 19

========================================================================
Received Import Request.
  Time since last request: 0.000041 seconds.
  path: Assets/Prefabs/HealhtPotion/MasterworkHealingPotion.prefab
  artifactKey: Guid(fe62a7bf02721ed43a8277964b7d8b13) Importer(2089858483,b0f066a214c2f5e87bad3c948f4d605d)
Start importing Assets/Prefabs/HealhtPotion/MasterworkHealingPotion.prefab using Guid(fe62a7bf02721ed43a8277964b7d8b13) Importer(2089858483,b0f066a214c2f5e87bad3c948f4d605d) (ScriptedImporter) -> (artifact id: 'd04550af6a99971a971af6fc3f6848dd') in 0.07042 seconds
Number of updated asset objects reloaded before import = 0Number of asset objects unloaded after import = 19

========================================================================
Received Import Request.
  Time since last request: 0.000027 seconds.
  path: Assets/Prefabs/Coin.prefab
  artifactKey: Guid(cf2393411c1a440429e970d17ae75d66) Importer(2089858483,b0f066a214c2f5e87bad3c948f4d605d)
Start importing Assets/Prefabs/Coin.prefab using Guid(cf2393411c1a440429e970d17ae75d66) Importer(2089858483,b0f066a214c2f5e87bad3c948f4d605d) (ScriptedImporter) -> (artifact id: '56e024689b7479471ebbea98d5e2c480') in 0.0739897 seconds
Number of updated asset objects reloaded before import = 0Number of asset objects unloaded after import = 20

========================================================================
Received Import Request.
  Time since last request: 0.000056 seconds.
  path: Assets/Prefabs/HealhtPotion/WeakHealingPotion.prefab
  artifactKey: Guid(b82516164b7a22b4e9c866c6d8bf6246) Importer(2089858483,b0f066a214c2f5e87bad3c948f4d605d)
Start importing Assets/Prefabs/HealhtPotion/WeakHealingPotion.prefab using Guid(b82516164b7a22b4e9c866c6d8bf6246) Importer(2089858483,b0f066a214c2f5e87bad3c948f4d605d) (ScriptedImporter) -> (artifact id: '29ace217821ef661c11d45af93308de9') in 0.0704488 seconds
Number of updated asset objects reloaded before import = 0Number of asset objects unloaded after import = 19

========================================================================
Received Import Request.
  Time since last request: 0.000057 seconds.
  path: Assets/Prefabs/HealhtPotion/StrongHealingPotion.prefab
  artifactKey: Guid(83fdffda36a38d84e87caa166a32c85e) Importer(2089858483,b0f066a214c2f5e87bad3c948f4d605d)
Start importing Assets/Prefabs/HealhtPotion/StrongHealingPotion.prefab using Guid(83fdffda36a38d84e87caa166a32c85e) Importer(2089858483,b0f066a214c2f5e87bad3c948f4d605d) (ScriptedImporter) -> (artifact id: '18ce0b87473af665f14ea65a1491447a') in 0.0584861 seconds
Number of updated asset objects reloaded before import = 0Number of asset objects unloaded after import = 19

========================================================================
Received Import Request.
  Time since last request: 0.000043 seconds.
  path: Assets/Prefabs/HealhtPotion/NormalHealingPotion.prefab
  artifactKey: Guid(c70fb2cb79db6c2409ef1a2a7837f097) Importer(2089858483,b0f066a214c2f5e87bad3c948f4d605d)
Start importing Assets/Prefabs/HealhtPotion/NormalHealingPotion.prefab using Guid(c70fb2cb79db6c2409ef1a2a7837f097) Importer(2089858483,b0f066a214c2f5e87bad3c948f4d605d) (ScriptedImporter) -> (artifact id: 'fbb40523b241f8415723e802ec411bb7') in 0.06056 seconds
Number of updated asset objects reloaded before import = 0Number of asset objects unloaded after import = 19

========================================================================
Received Import Request.
  Time since last request: 0.000034 seconds.
  path: Assets/Prefabs/HealhtPotion/SuperiorHealingPotion.prefab
  artifactKey: Guid(a7b4d323d3b0ef04ebc7c20313e2f4cb) Importer(2089858483,b0f066a214c2f5e87bad3c948f4d605d)
Start importing Assets/Prefabs/HealhtPotion/SuperiorHealingPotion.prefab using Guid(a7b4d323d3b0ef04ebc7c20313e2f4cb) Importer(2089858483,b0f066a214c2f5e87bad3c948f4d605d) (ScriptedImporter) -> (artifact id: 'd23a699e2f6beb31625a4b8809ace6f9') in 0.0536621 seconds
Number of updated asset objects reloaded before import = 0Number of asset objects unloaded after import = 19

========================================================================
Received Import Request.
  Time since last request: 0.000081 seconds.
  path: Assets/Prefabs/PrefabsJewelry/AmuletSpeed.prefab
  artifactKey: Guid(81b5365ecdcb0ce4c9bf5b9d3f64f182) Importer(2089858483,b0f066a214c2f5e87bad3c948f4d605d)
Start importing Assets/Prefabs/PrefabsJewelry/AmuletSpeed.prefab using Guid(81b5365ecdcb0ce4c9bf5b9d3f64f182) Importer(2089858483,b0f066a214c2f5e87bad3c948f4d605d) (ScriptedImporter) -> (artifact id: 'e5d79edd195fad06d1cc7210bb107b71') in 0.0560583 seconds
Number of updated asset objects reloaded before import = 0Number of asset objects unloaded after import = 21

========================================================================
Received Import Request.
  Time since last request: 0.000033 seconds.
  path: Assets/Prefabs/ChestplatePrefab/Dragon armor.prefab
  artifactKey: Guid(be8487c3f6025f94b985d8c196b3bc43) Importer(2089858483,b0f066a214c2f5e87bad3c948f4d605d)
Start importing Assets/Prefabs/ChestplatePrefab/Dragon armor.prefab using Guid(be8487c3f6025f94b985d8c196b3bc43) Importer(2089858483,b0f066a214c2f5e87bad3c948f4d605d) (ScriptedImporter) -> (artifact id: 'fe56c386bd472ea9767aa032f6f97378') in 0.054846 seconds
Number of updated asset objects reloaded before import = 0Number of asset objects unloaded after import = 19

========================================================================
Received Import Request.
  Time since last request: 0.000030 seconds.
  path: Assets/Prefabs/PrefabsJewelry/RingCritCommon.prefab
  artifactKey: Guid(333cbe43392b97840a2466b8b14b6509) Importer(2089858483,b0f066a214c2f5e87bad3c948f4d605d)
Start importing Assets/Prefabs/PrefabsJewelry/RingCritCommon.prefab using Guid(333cbe43392b97840a2466b8b14b6509) Importer(2089858483,b0f066a214c2f5e87bad3c948f4d605d) (ScriptedImporter) -> (artifact id: 'd555d10c2ad64db339d62520c7990551') in 0.0547192 seconds
Number of updated asset objects reloaded before import = 0Number of asset objects unloaded after import = 19

========================================================================
Received Import Request.
  Time since last request: 5.186328 seconds.
  path: Assets/Resources/Arrows.png
  artifactKey: Guid(8df20e92862a99c47baa35f2c11787a0) Importer(815301076,1909f56bfc062723c751e8b465ee728b)
Start importing Assets/Resources/Arrows.png using Guid(8df20e92862a99c47baa35f2c11787a0) Importer(815301076,1909f56bfc062723c751e8b465ee728b) (PreviewImporter) -> (artifact id: 'dda3a78c1a7f21017de05afdfca6ad1a') in 0.7186147 seconds
Number of updated asset objects reloaded before import = 0Number of asset objects unloaded after import = 5170

========================================================================
Received Import Request.
  Time since last request: 0.000045 seconds.
  path: Assets/Resources/Fill_HP_Bar.png
  artifactKey: Guid(cb3a853a1ac95b944905793453c3aeec) Importer(815301076,1909f56bfc062723c751e8b465ee728b)
Start importing Assets/Resources/Fill_HP_Bar.png using Guid(cb3a853a1ac95b944905793453c3aeec) Importer(815301076,1909f56bfc062723c751e8b465ee728b) (PreviewImporter) -> (artifact id: 'f96d2e4b540cf1fa2b59280adf0eccf7') in 0.6659458 seconds
Number of updated asset objects reloaded before import = 0Number of asset objects unloaded after import = 5170

========================================================================
Received Import Request.
  Time since last request: 0.000068 seconds.
  path: Assets/Resources/Fill_HP_Bar_player (2).png
  artifactKey: Guid(6396c6bef7624b64caa15a554706c813) Importer(815301076,1909f56bfc062723c751e8b465ee728b)
Start importing Assets/Resources/Fill_HP_Bar_player (2).png using Guid(6396c6bef7624b64caa15a554706c813) Importer(815301076,1909f56bfc062723c751e8b465ee728b) (PreviewImporter) -> (artifact id: '230e3a1fe15f115aef9045ae3184a2e7') in 0.6242479 seconds
Number of updated asset objects reloaded before import = 0Number of asset objects unloaded after import = 5170

========================================================================
Received Import Request.
  Time since last request: 0.000035 seconds.
  path: Assets/Resources/IconQuest_Get.png
  artifactKey: Guid(ea42c470c0d09ab4a9eaa18ee690a1a5) Importer(815301076,1909f56bfc062723c751e8b465ee728b)
Start importing Assets/Resources/IconQuest_Get.png using Guid(ea42c470c0d09ab4a9eaa18ee690a1a5) Importer(815301076,1909f56bfc062723c751e8b465ee728b) (PreviewImporter) -> (artifact id: '5329e928dcb412b0612ebcf4dc99450e') in 0.5856655 seconds
Number of updated asset objects reloaded before import = 0Number of asset objects unloaded after import = 5170

========================================================================
Received Import Request.
  Time since last request: 0.000055 seconds.
  path: Assets/Resources/Diamond.png
  artifactKey: Guid(14e225394aaa4654591040dbf140012f) Importer(815301076,1909f56bfc062723c751e8b465ee728b)
Start importing Assets/Resources/Diamond.png using Guid(14e225394aaa4654591040dbf140012f) Importer(815301076,1909f56bfc062723c751e8b465ee728b) (PreviewImporter) -> (artifact id: 'e0ed06537a4e18460cde433837fa75d6') in 0.5354664 seconds
Number of updated asset objects reloaded before import = 0Number of asset objects unloaded after import = 5170

========================================================================
Received Import Request.
  Time since last request: 0.000052 seconds.
  path: Assets/Resources/Chest
  artifactKey: Guid(94e53035c565491429168de894bd53a0) Importer(2089858483,b0f066a214c2f5e87bad3c948f4d605d)
Start importing Assets/Resources/Chest using Guid(94e53035c565491429168de894bd53a0) Importer(2089858483,b0f066a214c2f5e87bad3c948f4d605d) (ScriptedImporter) -> (artifact id: '60ee8633ef8d34f764502e5a13e5dc64') in 0.0139942 seconds
Number of updated asset objects reloaded before import = 0Number of asset objects unloaded after import = 1

========================================================================
Received Import Request.
  Time since last request: 0.000035 seconds.
  path: Assets/Resources/Tower_1.png
  artifactKey: Guid(026a913376f47a54282d034435aaed48) Importer(815301076,1909f56bfc062723c751e8b465ee728b)
Start importing Assets/Resources/Tower_1.png using Guid(026a913376f47a54282d034435aaed48) Importer(815301076,1909f56bfc062723c751e8b465ee728b) (PreviewImporter) -> (artifact id: 'e7b0d0d33c7c18f8d68a93de01d5bf2c') in 0.5465315 seconds
Number of updated asset objects reloaded before import = 0Number of asset objects unloaded after import = 5170

========================================================================
Received Import Request.
  Time since last request: 0.000037 seconds.
  path: Assets/Resources/CompleteIconQuest.png
  artifactKey: Guid(be558b34cf9632b4fa9eff43f5871780) Importer(815301076,1909f56bfc062723c751e8b465ee728b)
Start importing Assets/Resources/CompleteIconQuest.png using Guid(be558b34cf9632b4fa9eff43f5871780) Importer(815301076,1909f56bfc062723c751e8b465ee728b) (PreviewImporter) -> (artifact id: '0bdd5e059509c7d2c8a6480a2da43f6d') in 0.6149987 seconds
Number of updated asset objects reloaded before import = 0Number of asset objects unloaded after import = 5170

========================================================================
Received Import Request.
  Time since last request: 0.000050 seconds.
  path: Assets/Resources/TrashBasket.png
  artifactKey: Guid(1e46078eaa88b354d8b1633c31c5ea49) Importer(815301076,1909f56bfc062723c751e8b465ee728b)
Start importing Assets/Resources/TrashBasket.png using Guid(1e46078eaa88b354d8b1633c31c5ea49) Importer(815301076,1909f56bfc062723c751e8b465ee728b) (PreviewImporter) -> (artifact id: '371623f6a744ba5285638c600b708d81') in 0.5332329 seconds
Number of updated asset objects reloaded before import = 0Number of asset objects unloaded after import = 5170

========================================================================
Received Import Request.
  Time since last request: 4.967261 seconds.
  path: Assets/Resources/Chest/Chest_Test.png
  artifactKey: Guid(b5c164b7dcb729b4bac2a5a032ced9db) Importer(815301076,1909f56bfc062723c751e8b465ee728b)
Start importing Assets/Resources/Chest/Chest_Test.png using Guid(b5c164b7dcb729b4bac2a5a032ced9db) Importer(815301076,1909f56bfc062723c751e8b465ee728b) (PreviewImporter) -> (artifact id: 'e435ed98b7bac9f7435d4595ca0e06e0') in 0.0434031 seconds
Number of updated asset objects reloaded before import = 0Number of asset objects unloaded after import = 10

========================================================================
Received Import Request.
  Time since last request: 0.809061 seconds.
  path: Assets/Resources/Chest/Chest_Test.png
  artifactKey: Guid(b5c164b7dcb729b4bac2a5a032ced9db) Importer(2089858483,b0f066a214c2f5e87bad3c948f4d605d)
Start importing Assets/Resources/Chest/Chest_Test.png using Guid(b5c164b7dcb729b4bac2a5a032ced9db) Importer(2089858483,b0f066a214c2f5e87bad3c948f4d605d) (ScriptedImporter) -> (artifact id: 'c0876c38d09a8ef1d855ef72aa3b5739') in 0.0640572 seconds
Number of updated asset objects reloaded before import = 0Number of asset objects unloaded after import = 10

========================================================================
Received Import Request.
  Time since last request: 1.727877 seconds.
  path: Assets/Bridge_0.asset
  artifactKey: Guid(e5ef9d74fe8615e4b9be01afbb182e0e) Importer(815301076,1909f56bfc062723c751e8b465ee728b)
Start importing Assets/Bridge_0.asset using Guid(e5ef9d74fe8615e4b9be01afbb182e0e) Importer(815301076,1909f56bfc062723c751e8b465ee728b) (PreviewImporter) -> (artifact id: '7d95d1f758ecf544c8f67e65bca8ea40') in 0.5808292 seconds
Number of updated asset objects reloaded before import = 0Number of asset objects unloaded after import = 5179

========================================================================
Received Import Request.
  Time since last request: 1.975369 seconds.
  path: Assets/Prefabs/ChestReward.prefab
  artifactKey: Guid(20afad8f6fc1691498116622a5149ee4) Importer(815301076,1909f56bfc062723c751e8b465ee728b)
Start importing Assets/Prefabs/ChestReward.prefab using Guid(20afad8f6fc1691498116622a5149ee4) Importer(815301076,1909f56bfc062723c751e8b465ee728b) (PreviewImporter) -> (artifact id: '3606d5f6e987b8753eda6b0662ab5b70') in 1.1460959 seconds
Number of updated asset objects reloaded before import = 0Number of asset objects unloaded after import = 5189

========================================================================
Received Import Request.
  Time since last request: 0.000054 seconds.
  path: Assets/Prefabs/ExitDoorToOpenWorld.prefab
  artifactKey: Guid(411b8d095431622459ea2d6ad9988f88) Importer(815301076,1909f56bfc062723c751e8b465ee728b)
Start importing Assets/Prefabs/ExitDoorToOpenWorld.prefab using Guid(411b8d095431622459ea2d6ad9988f88) Importer(815301076,1909f56bfc062723c751e8b465ee728b) (PreviewImporter) -> (artifact id: '0538bd1e9f10d2f2758d7afb2b53cfe2') in 0.6000639 seconds
Number of updated asset objects reloaded before import = 0Number of asset objects unloaded after import = 5189

========================================================================
Received Import Request.
  Time since last request: 0.000063 seconds.
  path: Assets/Prefabs/LevelBoss.prefab
  artifactKey: Guid(6321081257c9ec348bf61d7bf96c97a4) Importer(815301076,1909f56bfc062723c751e8b465ee728b)
Start importing Assets/Prefabs/LevelBoss.prefab using Guid(6321081257c9ec348bf61d7bf96c97a4) Importer(815301076,1909f56bfc062723c751e8b465ee728b) (PreviewImporter) -> (artifact id: '4a8d92e151a1e0673ca3bb78c2795428') in 0.6435 seconds
Number of updated asset objects reloaded before import = 0Number of asset objects unloaded after import = 5220

========================================================================
Received Import Request.
  Time since last request: 29.554426 seconds.
  path: Assets/Animation/Chest
  artifactKey: Guid(cd8c5f180a1054749a80707bbf1c401b) Importer(815301076,1909f56bfc062723c751e8b465ee728b)
Start importing Assets/Animation/Chest using Guid(cd8c5f180a1054749a80707bbf1c401b) Importer(815301076,1909f56bfc062723c751e8b465ee728b) (PreviewImporter) -> (artifact id: '6a95428be58769a58cecf515e0cb3d12') in 0.0006807 seconds
Number of updated asset objects reloaded before import = 0Number of asset objects unloaded after import = 0

========================================================================
Received Import Request.
  Time since last request: 0.848931 seconds.
  path: Assets/Animation/Chest
  artifactKey: Guid(cd8c5f180a1054749a80707bbf1c401b) Importer(2089858483,b0f066a214c2f5e87bad3c948f4d605d)
Start importing Assets/Animation/Chest using Guid(cd8c5f180a1054749a80707bbf1c401b) Importer(2089858483,b0f066a214c2f5e87bad3c948f4d605d) (ScriptedImporter) -> (artifact id: '8565910998a73451020431cebe11d9ec') in 0.0110099 seconds
Number of updated asset objects reloaded before import = 0Number of asset objects unloaded after import = 1

========================================================================
Received Import Request.
  Time since last request: 15.010206 seconds.
  path: Assets/Animation/Chest/Chest_Green
  artifactKey: Guid(9019ed0aa39d9bf46af68552c8bbf92c) Importer(815301076,1909f56bfc062723c751e8b465ee728b)
Start importing Assets/Animation/Chest/Chest_Green using Guid(9019ed0aa39d9bf46af68552c8bbf92c) Importer(815301076,1909f56bfc062723c751e8b465ee728b) (PreviewImporter) -> (artifact id: '91460e07508aa60d0a71c2f33fd73a11') in 0.0015079 seconds
Number of updated asset objects reloaded before import = 0Number of asset objects unloaded after import = 0

========================================================================
Received Import Request.
  Time since last request: 1.883344 seconds.
  path: Assets/Animation/Chest/Chest_Green
  artifactKey: Guid(9019ed0aa39d9bf46af68552c8bbf92c) Importer(2089858483,b0f066a214c2f5e87bad3c948f4d605d)
Start importing Assets/Animation/Chest/Chest_Green using Guid(9019ed0aa39d9bf46af68552c8bbf92c) Importer(2089858483,b0f066a214c2f5e87bad3c948f4d605d) (ScriptedImporter) -> (artifact id: '7db89a91db4491d23c2b42cc4c2daa2d') in 0.0120362 seconds
Number of updated asset objects reloaded before import = 0Number of asset objects unloaded after import = 1

========================================================================
Received Import Request.
  Time since last request: 16.353648 seconds.
  path: Assets/Animation/Chest/Chest_Green/ChestReward.prefab
  artifactKey: Guid(20afad8f6fc1691498116622a5149ee4) Importer(815301076,1909f56bfc062723c751e8b465ee728b)
Start importing Assets/Animation/Chest/Chest_Green/ChestReward.prefab using Guid(20afad8f6fc1691498116622a5149ee4) Importer(815301076,1909f56bfc062723c751e8b465ee728b) (PreviewImporter)The Animator Controller (ChestReward) you have used is not valid. Animations will not play
UnityEngine.Debug:ExtractStackTraceNoAlloc (byte*,int,string)
UnityEngine.StackTraceUtility:ExtractStackTrace ()
UnityEditor.EditorUtility:Internal_InstantiateRemoveAllNonAnimationComponentsSingle (UnityEngine.Object,UnityEngine.Vector3,UnityEngine.Quaternion)
UnityEditor.EditorUtility:InstantiateRemoveAllNonAnimationComponents (UnityEngine.Object,UnityEngine.Vector3,UnityEngine.Quaternion)
UnityEditor.EditorUtility:InstantiateForAnimatorPreview (UnityEngine.Object)
UnityEditor.GameObjectInspector/PreviewData:UpdateGameObject (UnityEngine.Object)
UnityEditor.GameObjectInspector/PreviewData:.ctor (UnityEngine.Object,bool)
UnityEditor.GameObjectInspector:GetPreviewData (bool)
UnityEditor.GameObjectInspector:RenderStaticPreview (string,UnityEngine.Object[],int,int)
UnityEditor.AssetPreviewUpdater:CreatePreview (UnityEngine.Object,UnityEngine.Object[],string,int,int)
UnityEditor.AssetPreviewUpdater:CreatePreviewForAsset (UnityEngine.Object,UnityEngine.Object[],string)

[C:\build\output\unity\unity\Modules\Animation\Director\AnimatorControllerPlayable.cpp line 332]

 -> (artifact id: '3b65aa654f05ae7ebe496ec0cc54827d') in 0.5202569 seconds
Number of updated asset objects reloaded before import = 0Number of asset objects unloaded after import = 5190

========================================================================
Received Import Request.
  Time since last request: 0.312348 seconds.
  path: Assets/Animation/Chest/Chest_Green/Chest_Idle.anim
  artifactKey: Guid(31c765aa5b07181469bd862e13d7bbfe) Importer(2089858483,b0f066a214c2f5e87bad3c948f4d605d)
Start importing Assets/Animation/Chest/Chest_Green/Chest_Idle.anim using Guid(31c765aa5b07181469bd862e13d7bbfe) Importer(2089858483,b0f066a214c2f5e87bad3c948f4d605d) (ScriptedImporter) -> (artifact id: 'c6113baedc5369ef12d3f5c7947f3b35') in 0.0355488 seconds
Number of updated asset objects reloaded before import = 0Number of asset objects unloaded after import = 1

========================================================================
Received Import Request.
  Time since last request: 8.550823 seconds.
  path: Assets/Animation/Chest/Chest_Green/Chest_Open.anim
  artifactKey: Guid(1baf364baae74fb4e8d574f3c3762888) Importer(2089858483,b0f066a214c2f5e87bad3c948f4d605d)
Start importing Assets/Animation/Chest/Chest_Green/Chest_Open.anim using Guid(1baf364baae74fb4e8d574f3c3762888) Importer(2089858483,b0f066a214c2f5e87bad3c948f4d605d) (ScriptedImporter) -> (artifact id: 'ed0c393e54d80961286193eea7a71d71') in 0.0137027 seconds
Number of updated asset objects reloaded before import = 0Number of asset objects unloaded after import = 1

========================================================================
Received Import Request.
  Time since last request: 9.751337 seconds.
  path: Assets/Resources/Arrows.png
  artifactKey: Guid(8df20e92862a99c47baa35f2c11787a0) Importer(815301076,1909f56bfc062723c751e8b465ee728b)
Start importing Assets/Resources/Arrows.png using Guid(8df20e92862a99c47baa35f2c11787a0) Importer(815301076,1909f56bfc062723c751e8b465ee728b) (PreviewImporter) -> (artifact id: 'eacc256b47127ee5084391144bf4f94c') in 0.6631253 seconds
Number of updated asset objects reloaded before import = 0Number of asset objects unloaded after import = 5179

========================================================================
Received Import Request.
  Time since last request: 0.000036 seconds.
  path: Assets/Resources/Fill_HP_Bar.png
  artifactKey: Guid(cb3a853a1ac95b944905793453c3aeec) Importer(815301076,1909f56bfc062723c751e8b465ee728b)
Start importing Assets/Resources/Fill_HP_Bar.png using Guid(cb3a853a1ac95b944905793453c3aeec) Importer(815301076,1909f56bfc062723c751e8b465ee728b) (PreviewImporter) -> (artifact id: '7470b66fa1bc06fd2fa705ffd2a00b54') in 0.568519 seconds
Number of updated asset objects reloaded before import = 0Number of asset objects unloaded after import = 5179

========================================================================
Received Import Request.
  Time since last request: 0.000051 seconds.
  path: Assets/Resources/Fill_HP_Bar_player (2).png
  artifactKey: Guid(6396c6bef7624b64caa15a554706c813) Importer(815301076,1909f56bfc062723c751e8b465ee728b)
Start importing Assets/Resources/Fill_HP_Bar_player (2).png using Guid(6396c6bef7624b64caa15a554706c813) Importer(815301076,1909f56bfc062723c751e8b465ee728b) (PreviewImporter) -> (artifact id: '86221689b83d2eca1cb525e33c7fc2db') in 0.5883835 seconds
Number of updated asset objects reloaded before import = 0Number of asset objects unloaded after import = 5179

========================================================================
Received Import Request.
  Time since last request: 0.000042 seconds.
  path: Assets/Resources/Hp_Line.png
  artifactKey: Guid(47902c081f8418c469bf5c7416e3f222) Importer(815301076,1909f56bfc062723c751e8b465ee728b)
Start importing Assets/Resources/Hp_Line.png using Guid(47902c081f8418c469bf5c7416e3f222) Importer(815301076,1909f56bfc062723c751e8b465ee728b) (PreviewImporter) -> (artifact id: 'a5838e6337629a63fdb38289b88b8e3c') in 0.6089273 seconds
Number of updated asset objects reloaded before import = 0Number of asset objects unloaded after import = 5179

========================================================================
Received Import Request.
  Time since last request: 0.000050 seconds.
  path: Assets/Resources/WeaponSwap.png
  artifactKey: Guid(0f67ba4f57f6f854e971a54ef8e3e511) Importer(815301076,1909f56bfc062723c751e8b465ee728b)
Start importing Assets/Resources/WeaponSwap.png using Guid(0f67ba4f57f6f854e971a54ef8e3e511) Importer(815301076,1909f56bfc062723c751e8b465ee728b) (PreviewImporter) -> (artifact id: 'db7cb1329ae35cf0a40cbe133bf4876e') in 0.5897359 seconds
Number of updated asset objects reloaded before import = 0Number of asset objects unloaded after import = 5179

========================================================================
Received Import Request.
  Time since last request: 0.000046 seconds.
  path: Assets/Resources/Diamond.png
  artifactKey: Guid(14e225394aaa4654591040dbf140012f) Importer(815301076,1909f56bfc062723c751e8b465ee728b)
Start importing Assets/Resources/Diamond.png using Guid(14e225394aaa4654591040dbf140012f) Importer(815301076,1909f56bfc062723c751e8b465ee728b) (PreviewImporter) -> (artifact id: '7b917af26fd418b2edfc974f667080cd') in 0.6369045 seconds
Number of updated asset objects reloaded before import = 0Number of asset objects unloaded after import = 5179

========================================================================
Received Import Request.
  Time since last request: 0.000047 seconds.
  path: Assets/Resources/potions_black_outline.png
  artifactKey: Guid(a9fe4898b61b4394886d460606cba7e9) Importer(815301076,1909f56bfc062723c751e8b465ee728b)
Start importing Assets/Resources/potions_black_outline.png using Guid(a9fe4898b61b4394886d460606cba7e9) Importer(815301076,1909f56bfc062723c751e8b465ee728b) (PreviewImporter) -> (artifact id: 'af3036224b34ad9ee04dd1e6cbf44fdd') in 1.3729807 seconds
Number of updated asset objects reloaded before import = 0Number of asset objects unloaded after import = 5179

========================================================================
Received Import Request.
  Time since last request: 0.000043 seconds.
  path: Assets/Resources/totem_projectile.png
  artifactKey: Guid(c5a387b0c0a77d8428118f6136938fdb) Importer(815301076,1909f56bfc062723c751e8b465ee728b)
Start importing Assets/Resources/totem_projectile.png using Guid(c5a387b0c0a77d8428118f6136938fdb) Importer(815301076,1909f56bfc062723c751e8b465ee728b) (PreviewImporter) -> (artifact id: 'b17be37ca6ca8eb4d1b7f225355f9f1d') in 0.6056848 seconds
Number of updated asset objects reloaded before import = 0Number of asset objects unloaded after import = 5179

========================================================================
Received Import Request.
  Time since last request: 0.000048 seconds.
  path: Assets/Resources/CompleteIconQuest.png
  artifactKey: Guid(be558b34cf9632b4fa9eff43f5871780) Importer(815301076,1909f56bfc062723c751e8b465ee728b)
Start importing Assets/Resources/CompleteIconQuest.png using Guid(be558b34cf9632b4fa9eff43f5871780) Importer(815301076,1909f56bfc062723c751e8b465ee728b) (PreviewImporter) -> (artifact id: '6ff44d180881ef22664a1e605d31e158') in 0.5869909 seconds
Number of updated asset objects reloaded before import = 0Number of asset objects unloaded after import = 5179

========================================================================
Received Import Request.
  Time since last request: 0.000077 seconds.
  path: Assets/Resources/TrashBasket.png
  artifactKey: Guid(1e46078eaa88b354d8b1633c31c5ea49) Importer(815301076,1909f56bfc062723c751e8b465ee728b)
Start importing Assets/Resources/TrashBasket.png using Guid(1e46078eaa88b354d8b1633c31c5ea49) Importer(815301076,1909f56bfc062723c751e8b465ee728b) (PreviewImporter) -> (artifact id: '59b65f582827e4a90f2d227f3fa7f09a') in 0.7205587 seconds
Number of updated asset objects reloaded before import = 0Number of asset objects unloaded after import = 5179

========================================================================
Received Import Request.
  Time since last request: 2.107214 seconds.
  path: Assets/Animation/Chest/Chest_Green/ChestReward.prefab
  artifactKey: Guid(20afad8f6fc1691498116622a5149ee4) Importer(815301076,1909f56bfc062723c751e8b465ee728b)
Start importing Assets/Animation/Chest/Chest_Green/ChestReward.prefab using Guid(20afad8f6fc1691498116622a5149ee4) Importer(815301076,1909f56bfc062723c751e8b465ee728b) (PreviewImporter)The Animator Controller (ChestReward) you have used is not valid. Animations will not play
UnityEngine.Debug:ExtractStackTraceNoAlloc (byte*,int,string)
UnityEngine.StackTraceUtility:ExtractStackTrace ()
UnityEditor.EditorUtility:Internal_InstantiateRemoveAllNonAnimationComponentsSingle (UnityEngine.Object,UnityEngine.Vector3,UnityEngine.Quaternion)
UnityEditor.EditorUtility:InstantiateRemoveAllNonAnimationComponents (UnityEngine.Object,UnityEngine.Vector3,UnityEngine.Quaternion)
UnityEditor.EditorUtility:InstantiateForAnimatorPreview (UnityEngine.Object)
UnityEditor.GameObjectInspector/PreviewData:UpdateGameObject (UnityEngine.Object)
UnityEditor.GameObjectInspector/PreviewData:.ctor (UnityEngine.Object,bool)
UnityEditor.GameObjectInspector:GetPreviewData (bool)
UnityEditor.GameObjectInspector:RenderStaticPreview (string,UnityEngine.Object[],int,int)
UnityEditor.AssetPreviewUpdater:CreatePreview (UnityEngine.Object,UnityEngine.Object[],string,int,int)
UnityEditor.AssetPreviewUpdater:CreatePreviewForAsset (UnityEngine.Object,UnityEngine.Object[],string)

[C:\build\output\unity\unity\Modules\Animation\Director\AnimatorControllerPlayable.cpp line 332]

 -> (artifact id: 'a54e1138fdc64547825754040d9ddc27') in 0.5503094 seconds
Number of updated asset objects reloaded before import = 0Number of asset objects unloaded after import = 5181

========================================================================
Received Import Request.
  Time since last request: 0.115697 seconds.
  path: Assets/Bridge_0.asset
  artifactKey: Guid(e5ef9d74fe8615e4b9be01afbb182e0e) Importer(815301076,1909f56bfc062723c751e8b465ee728b)
Start importing Assets/Bridge_0.asset using Guid(e5ef9d74fe8615e4b9be01afbb182e0e) Importer(815301076,1909f56bfc062723c751e8b465ee728b) (PreviewImporter) -> (artifact id: '98bc9f380b264fc9ef43839e02abed61') in 0.6189485 seconds
Number of updated asset objects reloaded before import = 0Number of asset objects unloaded after import = 5170

========================================================================
Received Import Request.
  Time since last request: 1.266470 seconds.
  path: Assets/Prefabs/Coin.prefab
  artifactKey: Guid(cf2393411c1a440429e970d17ae75d66) Importer(815301076,1909f56bfc062723c751e8b465ee728b)
Start importing Assets/Prefabs/Coin.prefab using Guid(cf2393411c1a440429e970d17ae75d66) Importer(815301076,1909f56bfc062723c751e8b465ee728b) (PreviewImporter) -> (artifact id: '81a3c95000b85901f61ad487a69a4b44') in 0.5893886 seconds
Number of updated asset objects reloaded before import = 0Number of asset objects unloaded after import = 5185

========================================================================
Received Import Request.
  Time since last request: 0.000051 seconds.
  path: Assets/Prefabs/NextFloorDoor.prefab
  artifactKey: Guid(acac662dfcbe7bb4cadbfdc149a7ba98) Importer(815301076,1909f56bfc062723c751e8b465ee728b)
Start importing Assets/Prefabs/NextFloorDoor.prefab using Guid(acac662dfcbe7bb4cadbfdc149a7ba98) Importer(815301076,1909f56bfc062723c751e8b465ee728b) (PreviewImporter) -> (artifact id: 'aae49d3c0a4c709f89b14a0e1aee063c') in 0.5956178 seconds
Number of updated asset objects reloaded before import = 0Number of asset objects unloaded after import = 5177

========================================================================
Received Import Request.
  Time since last request: 0.000058 seconds.
  path: Assets/Prefabs/Trap_Spikes.prefab
  artifactKey: Guid(676b364e6065b5f4a88327294be521db) Importer(815301076,1909f56bfc062723c751e8b465ee728b)
Start importing Assets/Prefabs/Trap_Spikes.prefab using Guid(676b364e6065b5f4a88327294be521db) Importer(815301076,1909f56bfc062723c751e8b465ee728b) (PreviewImporter) -> (artifact id: '9b512571c2b025af38716fe9a81c5292') in 0.6277515 seconds
Number of updated asset objects reloaded before import = 0Number of asset objects unloaded after import = 5185

========================================================================
Received Import Request.
  Time since last request: 0.000046 seconds.
  path: Assets/Prefabs/PosionPuddle.prefab
  artifactKey: Guid(7168031f23fdcfc4f8ddb0e6f3c1e355) Importer(815301076,1909f56bfc062723c751e8b465ee728b)
Start importing Assets/Prefabs/PosionPuddle.prefab using Guid(7168031f23fdcfc4f8ddb0e6f3c1e355) Importer(815301076,1909f56bfc062723c751e8b465ee728b) (PreviewImporter) -> (artifact id: '2c6daad51f25cac18ba82311a2e25194') in 0.5489132 seconds
Number of updated asset objects reloaded before import = 0Number of asset objects unloaded after import = 5176

========================================================================
Received Import Request.
  Time since last request: 5.326390 seconds.
  path: Assets/Animation/Chest/Chest_Green/ChestReward.prefab
  artifactKey: Guid(20afad8f6fc1691498116622a5149ee4) Importer(815301076,1909f56bfc062723c751e8b465ee728b)
Start importing Assets/Animation/Chest/Chest_Green/ChestReward.prefab using Guid(20afad8f6fc1691498116622a5149ee4) Importer(815301076,1909f56bfc062723c751e8b465ee728b) (PreviewImporter)The Animator Controller (ChestReward) you have used is not valid. Animations will not play
UnityEngine.Debug:ExtractStackTraceNoAlloc (byte*,int,string)
UnityEngine.StackTraceUtility:ExtractStackTrace ()
UnityEditor.EditorUtility:Internal_InstantiateRemoveAllNonAnimationComponentsSingle (UnityEngine.Object,UnityEngine.Vector3,UnityEngine.Quaternion)
UnityEditor.EditorUtility:InstantiateRemoveAllNonAnimationComponents (UnityEngine.Object,UnityEngine.Vector3,UnityEngine.Quaternion)
UnityEditor.EditorUtility:InstantiateForAnimatorPreview (UnityEngine.Object)
UnityEditor.GameObjectInspector/PreviewData:UpdateGameObject (UnityEngine.Object)
UnityEditor.GameObjectInspector/PreviewData:.ctor (UnityEngine.Object,bool)
UnityEditor.GameObjectInspector:GetPreviewData (bool)
UnityEditor.GameObjectInspector:RenderStaticPreview (string,UnityEngine.Object[],int,int)
UnityEditor.AssetPreviewUpdater:CreatePreview (UnityEngine.Object,UnityEngine.Object[],string,int,int)
UnityEditor.AssetPreviewUpdater:CreatePreviewForAsset (UnityEngine.Object,UnityEngine.Object[],string)

[C:\build\output\unity\unity\Modules\Animation\Director\AnimatorControllerPlayable.cpp line 332]

 -> (artifact id: 'e2d0eda5f4a3e5d0c1b3df8463bcd6ef') in 0.500246 seconds
Number of updated asset objects reloaded before import = 0Number of asset objects unloaded after import = 5181

========================================================================
Received Import Request.
  Time since last request: 7.374335 seconds.
  path: Assets/Animation/Chest/Chest_Green/Chest_Test.png
  artifactKey: Guid(b5c164b7dcb729b4bac2a5a032ced9db) Importer(815301076,1909f56bfc062723c751e8b465ee728b)
Start importing Assets/Animation/Chest/Chest_Green/Chest_Test.png using Guid(b5c164b7dcb729b4bac2a5a032ced9db) Importer(815301076,1909f56bfc062723c751e8b465ee728b) (PreviewImporter) -> (artifact id: 'ae70bb836ac4381b2c7d3afaafbd7ce5') in 0.0338727 seconds
Number of updated asset objects reloaded before import = 0Number of asset objects unloaded after import = 10

========================================================================
Received Import Request.
  Time since last request: 0.840863 seconds.
  path: Assets/Animation/Chest/Chest_Green/Chest_Test.png
  artifactKey: Guid(b5c164b7dcb729b4bac2a5a032ced9db) Importer(2089858483,b0f066a214c2f5e87bad3c948f4d605d)
Start importing Assets/Animation/Chest/Chest_Green/Chest_Test.png using Guid(b5c164b7dcb729b4bac2a5a032ced9db) Importer(2089858483,b0f066a214c2f5e87bad3c948f4d605d) (ScriptedImporter) -> (artifact id: '20c6cfa17f70262e3633015d4fd587f8') in 0.0245101 seconds
Number of updated asset objects reloaded before import = 0Number of asset objects unloaded after import = 10

========================================================================
Received Import Request.
  Time since last request: 48.520743 seconds.
  path: Assets/Animation/Chest/Chest_Green/Chest_Test.png
  artifactKey: Guid(b5c164b7dcb729b4bac2a5a032ced9db) Importer(815301076,1909f56bfc062723c751e8b465ee728b)
Start importing Assets/Animation/Chest/Chest_Green/Chest_Test.png using Guid(b5c164b7dcb729b4bac2a5a032ced9db) Importer(815301076,1909f56bfc062723c751e8b465ee728b) (PreviewImporter) -> (artifact id: '76ff1ff6514f6457831ab0622a36479d') in 0.0348929 seconds
Number of updated asset objects reloaded before import = 0Number of asset objects unloaded after import = 10

========================================================================
Received Import Request.
  Time since last request: 0.756365 seconds.
  path: Assets/Animation/Chest/Chest_Green/Chest_Test.png
  artifactKey: Guid(b5c164b7dcb729b4bac2a5a032ced9db) Importer(2089858483,b0f066a214c2f5e87bad3c948f4d605d)
Start importing Assets/Animation/Chest/Chest_Green/Chest_Test.png using Guid(b5c164b7dcb729b4bac2a5a032ced9db) Importer(2089858483,b0f066a214c2f5e87bad3c948f4d605d) (ScriptedImporter) -> (artifact id: '77d091d5796da907e0de3d4766ec5449') in 0.0246041 seconds
Number of updated asset objects reloaded before import = 0Number of asset objects unloaded after import = 10

========================================================================
Received Import Request.
  Time since last request: 239.113190 seconds.
  path: Assets/Animation/Chest/Chest_Green/Chest_Test.png
  artifactKey: Guid(b5c164b7dcb729b4bac2a5a032ced9db) Importer(815301076,1909f56bfc062723c751e8b465ee728b)
Start importing Assets/Animation/Chest/Chest_Green/Chest_Test.png using Guid(b5c164b7dcb729b4bac2a5a032ced9db) Importer(815301076,1909f56bfc062723c751e8b465ee728b) (PreviewImporter) -> (artifact id: '825ce79d5e2352a69c2111d650ec4e4d') in 0.0316685 seconds
Number of updated asset objects reloaded before import = 0Number of asset objects unloaded after import = 10

========================================================================
Received Import Request.
  Time since last request: 0.855288 seconds.
  path: Assets/Animation/Chest/Chest_Green/Chest_Test.png
  artifactKey: Guid(b5c164b7dcb729b4bac2a5a032ced9db) Importer(2089858483,b0f066a214c2f5e87bad3c948f4d605d)
Start importing Assets/Animation/Chest/Chest_Green/Chest_Test.png using Guid(b5c164b7dcb729b4bac2a5a032ced9db) Importer(2089858483,b0f066a214c2f5e87bad3c948f4d605d) (ScriptedImporter) -> (artifact id: '515792af6af9c9e037dbe7449de94c1b') in 0.0217044 seconds
Number of updated asset objects reloaded before import = 0Number of asset objects unloaded after import = 10

========================================================================
Received Import Request.
  Time since last request: 2.919452 seconds.
  path: Assets/Animation/Chest/Chest_Green/Chest_Test.png
  artifactKey: Guid(b5c164b7dcb729b4bac2a5a032ced9db) Importer(815301076,1909f56bfc062723c751e8b465ee728b)
Start importing Assets/Animation/Chest/Chest_Green/Chest_Test.png using Guid(b5c164b7dcb729b4bac2a5a032ced9db) Importer(815301076,1909f56bfc062723c751e8b465ee728b) (PreviewImporter) -> (artifact id: '2a6f09fe44fc547dc79dc1515dabd8c9') in 0.028131 seconds
Number of updated asset objects reloaded before import = 0Number of asset objects unloaded after import = 10

========================================================================
Received Import Request.
  Time since last request: 0.875936 seconds.
  path: Assets/Animation/Chest/Chest_Green/Chest_Test.png
  artifactKey: Guid(b5c164b7dcb729b4bac2a5a032ced9db) Importer(2089858483,b0f066a214c2f5e87bad3c948f4d605d)
Start importing Assets/Animation/Chest/Chest_Green/Chest_Test.png using Guid(b5c164b7dcb729b4bac2a5a032ced9db) Importer(2089858483,b0f066a214c2f5e87bad3c948f4d605d) (ScriptedImporter) -> (artifact id: 'eb21d857b26960064dd76f25fef9e806') in 0.0290042 seconds
Number of updated asset objects reloaded before import = 0Number of asset objects unloaded after import = 10

========================================================================
Received Import Request.
  Time since last request: 52.528808 seconds.
  path: Assets/Animation/Chest/Chest_Green/ChestReward.prefab
  artifactKey: Guid(20afad8f6fc1691498116622a5149ee4) Importer(815301076,1909f56bfc062723c751e8b465ee728b)
Start importing Assets/Animation/Chest/Chest_Green/ChestReward.prefab using Guid(20afad8f6fc1691498116622a5149ee4) Importer(815301076,1909f56bfc062723c751e8b465ee728b) (PreviewImporter) -> (artifact id: '7aa9921bb4a184aa4aa0e853fd9b6af5') in 0.5297433 seconds
Number of updated asset objects reloaded before import = 0Number of asset objects unloaded after import = 5195

========================================================================
Received Import Request.
  Time since last request: 0.269085 seconds.
  path: Assets/Animation/Chest/Chest_Green/ChestReward.controller
  artifactKey: Guid(e31fc18c56b2c3d4e8f1832f11d7215c) Importer(2089858483,b0f066a214c2f5e87bad3c948f4d605d)
Start importing Assets/Animation/Chest/Chest_Green/ChestReward.controller using Guid(e31fc18c56b2c3d4e8f1832f11d7215c) Importer(2089858483,b0f066a214c2f5e87bad3c948f4d605d) (ScriptedImporter) -> (artifact id: 'a8b278a5645a7d900a4385546fb709e7') in 0.0129365 seconds
Number of updated asset objects reloaded before import = 0Number of asset objects unloaded after import = 6

========================================================================
Received Import Request.
  Time since last request: 0.000025 seconds.
  path: Assets/Animation/Chest/Chest_Green/Chest_Open.anim
  artifactKey: Guid(1baf364baae74fb4e8d574f3c3762888) Importer(2089858483,b0f066a214c2f5e87bad3c948f4d605d)
Start importing Assets/Animation/Chest/Chest_Green/Chest_Open.anim using Guid(1baf364baae74fb4e8d574f3c3762888) Importer(2089858483,b0f066a214c2f5e87bad3c948f4d605d) (ScriptedImporter) -> (artifact id: '1b628674654df9b7e6e83744b7182b11') in 0.012598 seconds
Number of updated asset objects reloaded before import = 0Number of asset objects unloaded after import = 1

========================================================================
Received Import Request.
  Time since last request: 5.840545 seconds.
  path: Assets/Pixel Monster Pack/32x32 monsters/wolf-black.png
  artifactKey: Guid(e62c76c496528234a8b52eb179ea6350) Importer(815301076,1909f56bfc062723c751e8b465ee728b)
Start importing Assets/Pixel Monster Pack/32x32 monsters/wolf-black.png using Guid(e62c76c496528234a8b52eb179ea6350) Importer(815301076,1909f56bfc062723c751e8b465ee728b) (PreviewImporter) -> (artifact id: '426ceada86972397bd0127d72fd15e63') in 0.6429073 seconds
Number of updated asset objects reloaded before import = 0Number of asset objects unloaded after import = 5170

========================================================================
Received Import Request.
  Time since last request: 0.000041 seconds.
  path: Assets/Pixel Monster Pack/64x64 monsters/wolf-green.png
  artifactKey: Guid(8f5d8746fc4576749a5ab01aaa342350) Importer(815301076,1909f56bfc062723c751e8b465ee728b)
Start importing Assets/Pixel Monster Pack/64x64 monsters/wolf-green.png using Guid(8f5d8746fc4576749a5ab01aaa342350) Importer(815301076,1909f56bfc062723c751e8b465ee728b) (PreviewImporter) -> (artifact id: '4a38ee93f54ba761384daac311047b60') in 0.6691807 seconds
Number of updated asset objects reloaded before import = 0Number of asset objects unloaded after import = 5170

========================================================================
Received Import Request.
  Time since last request: 0.000058 seconds.
  path: Assets/Pixel Monster Pack/32x32 monsters/worm-white.png
  artifactKey: Guid(804ceab9b19850742a982912a38f392a) Importer(815301076,1909f56bfc062723c751e8b465ee728b)
Start importing Assets/Pixel Monster Pack/32x32 monsters/worm-white.png using Guid(804ceab9b19850742a982912a38f392a) Importer(815301076,1909f56bfc062723c751e8b465ee728b) (PreviewImporter) -> (artifact id: '0995bb986414180b74c0de6924781856') in 0.5895466 seconds
Number of updated asset objects reloaded before import = 0Number of asset objects unloaded after import = 5170

========================================================================
Received Import Request.
  Time since last request: 0.000060 seconds.
  path: Assets/Resources/Fish/C - Misc/Worm.png
  artifactKey: Guid(502e45a0752dcc046b7e372640166e4e) Importer(815301076,1909f56bfc062723c751e8b465ee728b)
Start importing Assets/Resources/Fish/C - Misc/Worm.png using Guid(502e45a0752dcc046b7e372640166e4e) Importer(815301076,1909f56bfc062723c751e8b465ee728b) (PreviewImporter) -> (artifact id: '216e1d8dba3d7e917a09ed4f5a8ffa5d') in 0.6037491 seconds
Number of updated asset objects reloaded before import = 0Number of asset objects unloaded after import = 5170

========================================================================
Received Import Request.
  Time since last request: 0.000057 seconds.
  path: Assets/Pixel Monster Pack/32x32 monsters/wolf-green.png
  artifactKey: Guid(62eaa2a609276b64c826459c8cc52a9a) Importer(815301076,1909f56bfc062723c751e8b465ee728b)
Start importing Assets/Pixel Monster Pack/32x32 monsters/wolf-green.png using Guid(62eaa2a609276b64c826459c8cc52a9a) Importer(815301076,1909f56bfc062723c751e8b465ee728b) (PreviewImporter) -> (artifact id: 'b8e1adeac457985882c6002d7295a7d3') in 0.5764076 seconds
Number of updated asset objects reloaded before import = 0Number of asset objects unloaded after import = 5170

========================================================================
Received Import Request.
  Time since last request: 0.000082 seconds.
  path: Assets/Pixel Monster Pack/64x64 monsters/worm-brown.png
  artifactKey: Guid(778b60b99daa56241a73c210fb961e61) Importer(815301076,1909f56bfc062723c751e8b465ee728b)
Start importing Assets/Pixel Monster Pack/64x64 monsters/worm-brown.png using Guid(778b60b99daa56241a73c210fb961e61) Importer(815301076,1909f56bfc062723c751e8b465ee728b) (PreviewImporter) -> (artifact id: '1b0926630b1b4ad1256439ddf22f1301') in 0.5602093 seconds
Number of updated asset objects reloaded before import = 0Number of asset objects unloaded after import = 5170

========================================================================
Received Import Request.
  Time since last request: 0.000058 seconds.
  path: Assets/Pixel Monster Pack/32x32 monsters/wolf-blue.png
  artifactKey: Guid(80a17c7c339458145b8c7750fa6b0dc9) Importer(815301076,1909f56bfc062723c751e8b465ee728b)
Start importing Assets/Pixel Monster Pack/32x32 monsters/wolf-blue.png using Guid(80a17c7c339458145b8c7750fa6b0dc9) Importer(815301076,1909f56bfc062723c751e8b465ee728b) (PreviewImporter) -> (artifact id: 'e78772a12f8ab314ac078164d2f11176') in 0.5584104 seconds
Number of updated asset objects reloaded before import = 0Number of asset objects unloaded after import = 5170

========================================================================
Received Import Request.
  Time since last request: 0.000047 seconds.
  path: Assets/Pixel Monster Pack/32x32 monsters/worm-green.png
  artifactKey: Guid(afd7405ec51ae0746b9626b2a4c43e4d) Importer(815301076,1909f56bfc062723c751e8b465ee728b)
Start importing Assets/Pixel Monster Pack/32x32 monsters/worm-green.png using Guid(afd7405ec51ae0746b9626b2a4c43e4d) Importer(815301076,1909f56bfc062723c751e8b465ee728b) (PreviewImporter) -> (artifact id: '40fb7164bb3c3b9a32b0443cb0b5cd48') in 0.5968331 seconds
Number of updated asset objects reloaded before import = 0Number of asset objects unloaded after import = 5170

========================================================================
Received Import Request.
  Time since last request: 0.000062 seconds.
  path: Assets/Pixel Monster Pack/64x64 monsters/worm-black.png
  artifactKey: Guid(551cb54b2be67ba479d96244192ce9f2) Importer(815301076,1909f56bfc062723c751e8b465ee728b)
Start importing Assets/Pixel Monster Pack/64x64 monsters/worm-black.png using Guid(551cb54b2be67ba479d96244192ce9f2) Importer(815301076,1909f56bfc062723c751e8b465ee728b) (PreviewImporter) -> (artifact id: 'cdad6cbb127fe2149e3c8254aedd6d42') in 0.6396477 seconds
Number of updated asset objects reloaded before import = 0Number of asset objects unloaded after import = 5170

========================================================================
Received Import Request.
  Time since last request: 0.622109 seconds.
  path: Assets/Animation/Chest/Chest_Green/ChestReward.prefab
  artifactKey: Guid(20afad8f6fc1691498116622a5149ee4) Importer(2089858483,b0f066a214c2f5e87bad3c948f4d605d)
Start importing Assets/Animation/Chest/Chest_Green/ChestReward.prefab using Guid(20afad8f6fc1691498116622a5149ee4) Importer(2089858483,b0f066a214c2f5e87bad3c948f4d605d) (ScriptedImporter) -> (artifact id: '76722e1b67ac3f02bf7384de596f7e54') in 0.0509813 seconds
Number of updated asset objects reloaded before import = 0Number of asset objects unloaded after import = 22

========================================================================
Received Import Request.
  Time since last request: 5.263617 seconds.
  path: Assets/Scenes/Game.unity
  artifactKey: Guid(8c9cfa26abfee488c85f1582747f6a02) Importer(2089858483,b0f066a214c2f5e87bad3c948f4d605d)
Start importing Assets/Scenes/Game.unity using Guid(8c9cfa26abfee488c85f1582747f6a02) Importer(2089858483,b0f066a214c2f5e87bad3c948f4d605d) (ScriptedImporter) -> (artifact id: '0869a44bb2db000c29be62712c0bdb3c') in 0.6404317 seconds
Number of updated asset objects reloaded before import = 0Number of asset objects unloaded after import = 1

========================================================================
Received Import Request.
  Time since last request: 51.270934 seconds.
  path: Assets/Animation/Chest/Chest_Green/ChestReward.prefab
  artifactKey: Guid(20afad8f6fc1691498116622a5149ee4) Importer(815301076,1909f56bfc062723c751e8b465ee728b)
Start importing Assets/Animation/Chest/Chest_Green/ChestReward.prefab using Guid(20afad8f6fc1691498116622a5149ee4) Importer(815301076,1909f56bfc062723c751e8b465ee728b) (PreviewImporter) -> (artifact id: '1895487b495566a1de709b8829233d16') in 0.5673491 seconds
Number of updated asset objects reloaded before import = 0Number of asset objects unloaded after import = 5197

========================================================================
Received Import Request.
  Time since last request: 0.251356 seconds.
  path: Assets/Animation/Chest/Chest_Green/ChestReward.controller
  artifactKey: Guid(e31fc18c56b2c3d4e8f1832f11d7215c) Importer(2089858483,b0f066a214c2f5e87bad3c948f4d605d)
Start importing Assets/Animation/Chest/Chest_Green/ChestReward.controller using Guid(e31fc18c56b2c3d4e8f1832f11d7215c) Importer(2089858483,b0f066a214c2f5e87bad3c948f4d605d) (ScriptedImporter) -> (artifact id: '376a86508b196cf10c3a6dc5fa66cb1f') in 0.0123155 seconds
Number of updated asset objects reloaded before import = 0Number of asset objects unloaded after import = 8

========================================================================
Received Import Request.
  Time since last request: 0.861733 seconds.
  path: Assets/Animation/Chest/Chest_Green/Chest_Open.anim
  artifactKey: Guid(1baf364baae74fb4e8d574f3c3762888) Importer(815301076,1909f56bfc062723c751e8b465ee728b)
Start importing Assets/Animation/Chest/Chest_Green/Chest_Open.anim using Guid(1baf364baae74fb4e8d574f3c3762888) Importer(815301076,1909f56bfc062723c751e8b465ee728b) (PreviewImporter) -> (artifact id: '25ecec19a5dda144e95dd4b966b246db') in 0.001555 seconds
Number of updated asset objects reloaded before import = 0Number of asset objects unloaded after import = 1

========================================================================
Received Import Request.
  Time since last request: 9.029804 seconds.
  path: Assets/Animation/Chest/Chest_Green/Chest_Idle.anim
  artifactKey: Guid(31c765aa5b07181469bd862e13d7bbfe) Importer(815301076,1909f56bfc062723c751e8b465ee728b)
Start importing Assets/Animation/Chest/Chest_Green/Chest_Idle.anim using Guid(31c765aa5b07181469bd862e13d7bbfe) Importer(815301076,1909f56bfc062723c751e8b465ee728b) (PreviewImporter) -> (artifact id: 'edce3d16af7e27d622b6ee0bea58ef82') in 0.0014019 seconds
Number of updated asset objects reloaded before import = 0Number of asset objects unloaded after import = 1

========================================================================
Received Prepare
[Licensing::Client] Successfully resolved entitlement details
Begin MonoManager ReloadAssembly
[Licensing::Client] Successfully resolved entitlement details
Duplicate assembly 'log4net.dll' with different versions detected, using 'Packages/com.unity.package-validation-suite/Lib/Editor/log4net.dll, AssemblyName=log4net, Version=2.0.8.0, Culture=neutral, PublicKeyToken=669e0ddf0bb1aa2a' and ignoring 'Packages/com.unity.collab-proxy/Lib/Editor/log4netPlastic.dll, AssemblyName=log4net, Version=1.2.15.0, Culture=neutral, PublicKeyToken=669e0ddf0bb1aa2a'.Symbol file LoadedFromMemory is not a mono symbol file
- Loaded All Assemblies, in  1.501 seconds
Refreshing native plugins compatible for Editor in 12.52 ms, found 5 plugins.
Native extension for Android target not found
Native extension for WindowsStandalone target not found
[Package Manager] Failed to launch server process. Reason: Unity was launched with the -noUpm command-line argument
[Package Manager] Unable to send message (not connected to server process).
[Package Manager] Cannot connect to Unity Package Manager local server
[Package Manager] Failed to launch server process. Reason: Unity was launched with the -noUpm command-line argument
[Package Manager] Unable to send message (not connected to server process).
[Package Manager] Cannot connect to Unity Package Manager local server
[Package Manager] Failed to launch server process. Reason: Unity was launched with the -noUpm command-line argument
[Package Manager] Unable to send message (not connected to server process).
[Package Manager] Cannot connect to Unity Package Manager local server
ScheduleIndexationOnStartup MainProcess:False IndexOnStartup:True
Mono: successfully reloaded assembly
- Finished resetting the current domain, in  1.303 seconds
Domain Reload Profiling: 2809ms
	BeginReloadAssembly (424ms)
		ExecutionOrderSort (0ms)
		DisableScriptedObjects (45ms)
		BackupInstance (0ms)
		ReleaseScriptingObjects (1ms)
		CreateAndSetChildDomain (141ms)
	RebuildCommonClasses (55ms)
	RebuildNativeTypeToScriptingClass (22ms)
	initialDomainReloadingComplete (47ms)
	LoadAllAssembliesAndSetupDomain (958ms)
		LoadAssemblies (678ms)
		RebuildTransferFunctionScriptingTraits (0ms)
		AnalyzeDomain (427ms)
			TypeCache.Refresh (10ms)
				TypeCache.ScanAssembly (0ms)
			BuildScriptInfoCaches (385ms)
			ResolveRequiredComponents (25ms)
	FinalizeReload (1303ms)
		ReleaseScriptCaches (0ms)
		RebuildScriptCaches (0ms)
		SetupLoadedEditorAssemblies (1032ms)
			LogAssemblyErrors (0ms)
			InitializePlatformSupportModulesInManaged (11ms)
			SetLoadedEditorAssemblies (11ms)
			BeforeProcessingInitializeOnLoad (255ms)
			ProcessInitializeOnLoadAttributes (503ms)
			ProcessInitializeOnLoadMethodAttributes (247ms)
			AfterProcessingInitializeOnLoad (4ms)
			EditorAssembliesLoaded (1ms)
		ExecutionOrderSort2 (0ms)
		AwakeInstancesAfterBackupRestoration (21ms)
Refreshing native plugins compatible for Editor in 12.79 ms, found 5 plugins.
Preloading 0 native plugins for Editor in 0.00 ms.
Unloading 17 Unused Serialized files (Serialized files now loaded: 0)
Unloading 9102 unused Assets / (5.4 MB). Loaded Objects now: 10219.
Memory consumption went from 180.1 MB to 174.6 MB.
Total: 14.060400 ms (FindLiveObjects: 1.301600 ms CreateObjectMapping: 1.094500 ms MarkObjects: 7.724800 ms  DeleteObjects: 3.938000 ms)

Prepare: number of updated asset objects reloaded= 0
========================================================================
Received Import Request.
  Time since last request: 77.058984 seconds.
  path: Assets/Animation/Chest/Chest_Green/Chest_Test.png
  artifactKey: Guid(b5c164b7dcb729b4bac2a5a032ced9db) Importer(815301076,1909f56bfc062723c751e8b465ee728b)
Start importing Assets/Animation/Chest/Chest_Green/Chest_Test.png using Guid(b5c164b7dcb729b4bac2a5a032ced9db) Importer(815301076,1909f56bfc062723c751e8b465ee728b) (PreviewImporter) -> (artifact id: 'a7619c1b4019322ea2d47551c2d4f6f3') in 0.1364474 seconds
Number of updated asset objects reloaded before import = 0Number of asset objects unloaded after import = 10

========================================================================
Received Prepare
[Licensing::Client] Successfully resolved entitlement details
Begin MonoManager ReloadAssembly
[Licensing::Client] Successfully resolved entitlement details
Duplicate assembly 'log4net.dll' with different versions detected, using 'Packages/com.unity.package-validation-suite/Lib/Editor/log4net.dll, AssemblyName=log4net, Version=2.0.8.0, Culture=neutral, PublicKeyToken=669e0ddf0bb1aa2a' and ignoring 'Packages/com.unity.collab-proxy/Lib/Editor/log4netPlastic.dll, AssemblyName=log4net, Version=1.2.15.0, Culture=neutral, PublicKeyToken=669e0ddf0bb1aa2a'.Symbol file LoadedFromMemory is not a mono symbol file
- Loaded All Assemblies, in  1.386 seconds
Refreshing native plugins compatible for Editor in 15.54 ms, found 5 plugins.
Native extension for Android target not found
Native extension for WindowsStandalone target not found
[Package Manager] Failed to launch server process. Reason: Unity was launched with the -noUpm command-line argument
[Package Manager] Unable to send message (not connected to server process).
[Package Manager] Cannot connect to Unity Package Manager local server
[Package Manager] Failed to launch server process. Reason: Unity was launched with the -noUpm command-line argument
[Package Manager] Unable to send message (not connected to server process).
[Package Manager] Cannot connect to Unity Package Manager local server
[Package Manager] Failed to launch server process. Reason: Unity was launched with the -noUpm command-line argument
[Package Manager] Unable to send message (not connected to server process).
[Package Manager] Cannot connect to Unity Package Manager local server
ScheduleIndexationOnStartup MainProcess:False IndexOnStartup:True
Mono: successfully reloaded assembly
- Finished resetting the current domain, in  1.735 seconds
Domain Reload Profiling: 3126ms
	BeginReloadAssembly (330ms)
		ExecutionOrderSort (0ms)
		DisableScriptedObjects (25ms)
		BackupInstance (0ms)
		ReleaseScriptingObjects (0ms)
		CreateAndSetChildDomain (71ms)
	RebuildCommonClasses (60ms)
	RebuildNativeTypeToScriptingClass (23ms)
	initialDomainReloadingComplete (49ms)
	LoadAllAssembliesAndSetupDomain (928ms)
		LoadAssemblies (681ms)
		RebuildTransferFunctionScriptingTraits (0ms)
		AnalyzeDomain (393ms)
			TypeCache.Refresh (10ms)
				TypeCache.ScanAssembly (0ms)
			BuildScriptInfoCaches (356ms)
			ResolveRequiredComponents (20ms)
	FinalizeReload (1735ms)
		ReleaseScriptCaches (0ms)
		RebuildScriptCaches (0ms)
		SetupLoadedEditorAssemblies (1414ms)
			LogAssemblyErrors (0ms)
			InitializePlatformSupportModulesInManaged (23ms)
			SetLoadedEditorAssemblies (14ms)
			BeforeProcessingInitializeOnLoad (405ms)
			ProcessInitializeOnLoadAttributes (683ms)
			ProcessInitializeOnLoadMethodAttributes (283ms)
			AfterProcessingInitializeOnLoad (5ms)
			EditorAssembliesLoaded (1ms)
		ExecutionOrderSort2 (0ms)
		AwakeInstancesAfterBackupRestoration (21ms)
Refreshing native plugins compatible for Editor in 12.66 ms, found 5 plugins.
Preloading 0 native plugins for Editor in 0.00 ms.
Unloading 17 Unused Serialized files (Serialized files now loaded: 0)
Unloading 9099 unused Assets / (5.3 MB). Loaded Objects now: 10225.
Memory consumption went from 179.9 MB to 174.6 MB.
Total: 14.474300 ms (FindLiveObjects: 1.342400 ms CreateObjectMapping: 1.089800 ms MarkObjects: 8.117500 ms  DeleteObjects: 3.923100 ms)

Prepare: number of updated asset objects reloaded= 0
========================================================================
Received Import Request.
  Time since last request: 84.548630 seconds.
  path: Assets/Animation/Chest/Chest_Green/Chest_Test.png
  artifactKey: Guid(b5c164b7dcb729b4bac2a5a032ced9db) Importer(815301076,1909f56bfc062723c751e8b465ee728b)
Start importing Assets/Animation/Chest/Chest_Green/Chest_Test.png using Guid(b5c164b7dcb729b4bac2a5a032ced9db) Importer(815301076,1909f56bfc062723c751e8b465ee728b) (PreviewImporter) -> (artifact id: '5f17a016befdd9d4f4841ed5b4d79b32') in 0.112209 seconds
Number of updated asset objects reloaded before import = 0Number of asset objects unloaded after import = 10

========================================================================
Received Prepare
[Licensing::Client] Successfully resolved entitlement details
Begin MonoManager ReloadAssembly
[Licensing::Client] Successfully resolved entitlement details
Duplicate assembly 'log4net.dll' with different versions detected, using 'Packages/com.unity.package-validation-suite/Lib/Editor/log4net.dll, AssemblyName=log4net, Version=2.0.8.0, Culture=neutral, PublicKeyToken=669e0ddf0bb1aa2a' and ignoring 'Packages/com.unity.collab-proxy/Lib/Editor/log4netPlastic.dll, AssemblyName=log4net, Version=1.2.15.0, Culture=neutral, PublicKeyToken=669e0ddf0bb1aa2a'.Symbol file LoadedFromMemory is not a mono symbol file
- Loaded All Assemblies, in  1.303 seconds
Refreshing native plugins compatible for Editor in 12.36 ms, found 5 plugins.
Native extension for Android target not found
Native extension for WindowsStandalone target not found
[Package Manager] Failed to launch server process. Reason: Unity was launched with the -noUpm command-line argument
[Package Manager] Unable to send message (not connected to server process).
[Package Manager] Cannot connect to Unity Package Manager local server
[Package Manager] Failed to launch server process. Reason: Unity was launched with the -noUpm command-line argument
[Package Manager] Unable to send message (not connected to server process).
[Package Manager] Cannot connect to Unity Package Manager local server
[Package Manager] Failed to launch server process. Reason: Unity was launched with the -noUpm command-line argument
[Package Manager] Unable to send message (not connected to server process).
[Package Manager] Cannot connect to Unity Package Manager local server
ScheduleIndexationOnStartup MainProcess:False IndexOnStartup:True
Mono: successfully reloaded assembly
- Finished resetting the current domain, in  1.227 seconds
Domain Reload Profiling: 2535ms
	BeginReloadAssembly (330ms)
		ExecutionOrderSort (0ms)
		DisableScriptedObjects (23ms)
		BackupInstance (0ms)
		ReleaseScriptingObjects (0ms)
		CreateAndSetChildDomain (78ms)
	RebuildCommonClasses (54ms)
	RebuildNativeTypeToScriptingClass (22ms)
	initialDomainReloadingComplete (40ms)
	LoadAllAssembliesAndSetupDomain (861ms)
		LoadAssemblies (628ms)
		RebuildTransferFunctionScriptingTraits (0ms)
		AnalyzeDomain (376ms)
			TypeCache.Refresh (10ms)
				TypeCache.ScanAssembly (0ms)
			BuildScriptInfoCaches (340ms)
			ResolveRequiredComponents (20ms)
	FinalizeReload (1228ms)
		ReleaseScriptCaches (0ms)
		RebuildScriptCaches (0ms)
		SetupLoadedEditorAssemblies (979ms)
			LogAssemblyErrors (0ms)
			InitializePlatformSupportModulesInManaged (11ms)
			SetLoadedEditorAssemblies (7ms)
			BeforeProcessingInitializeOnLoad (235ms)
			ProcessInitializeOnLoadAttributes (485ms)
			ProcessInitializeOnLoadMethodAttributes (237ms)
			AfterProcessingInitializeOnLoad (4ms)
			EditorAssembliesLoaded (1ms)
		ExecutionOrderSort2 (0ms)
		AwakeInstancesAfterBackupRestoration (21ms)
Refreshing native plugins compatible for Editor in 14.37 ms, found 5 plugins.
Preloading 0 native plugins for Editor in 0.00 ms.
Unloading 17 Unused Serialized files (Serialized files now loaded: 0)
Unloading 9099 unused Assets / (5.2 MB). Loaded Objects now: 10231.
Memory consumption went from 180.0 MB to 174.8 MB.
Total: 15.005300 ms (FindLiveObjects: 1.271600 ms CreateObjectMapping: 0.866700 ms MarkObjects: 8.952400 ms  DeleteObjects: 3.913200 ms)

Prepare: number of updated asset objects reloaded= 0
========================================================================
Received Import Request.
  Time since last request: 85.331565 seconds.
  path: Assets/Animation/Chest/Chest_Green/Chest_Test.png
  artifactKey: Guid(b5c164b7dcb729b4bac2a5a032ced9db) Importer(815301076,1909f56bfc062723c751e8b465ee728b)
Start importing Assets/Animation/Chest/Chest_Green/Chest_Test.png using Guid(b5c164b7dcb729b4bac2a5a032ced9db) Importer(815301076,1909f56bfc062723c751e8b465ee728b) (PreviewImporter) -> (artifact id: 'e2536b076de41ad52a4b03f1fab6e6ed') in 0.117581 seconds
Number of updated asset objects reloaded before import = 0Number of asset objects unloaded after import = 10

========================================================================
Received Prepare
[Licensing::Client] Successfully resolved entitlement details
Begin MonoManager ReloadAssembly
[Licensing::Client] Successfully resolved entitlement details
Duplicate assembly 'log4net.dll' with different versions detected, using 'Packages/com.unity.package-validation-suite/Lib/Editor/log4net.dll, AssemblyName=log4net, Version=2.0.8.0, Culture=neutral, PublicKeyToken=669e0ddf0bb1aa2a' and ignoring 'Packages/com.unity.collab-proxy/Lib/Editor/log4netPlastic.dll, AssemblyName=log4net, Version=1.2.15.0, Culture=neutral, PublicKeyToken=669e0ddf0bb1aa2a'.Symbol file LoadedFromMemory is not a mono symbol file
- Loaded All Assemblies, in  1.319 seconds
Refreshing native plugins compatible for Editor in 11.50 ms, found 5 plugins.
Native extension for Android target not found
Native extension for WindowsStandalone target not found
[Package Manager] Failed to launch server process. Reason: Unity was launched with the -noUpm command-line argument
[Package Manager] Unable to send message (not connected to server process).
[Package Manager] Cannot connect to Unity Package Manager local server
[Package Manager] Failed to launch server process. Reason: Unity was launched with the -noUpm command-line argument
[Package Manager] Unable to send message (not connected to server process).
[Package Manager] Cannot connect to Unity Package Manager local server
[Package Manager] Failed to launch server process. Reason: Unity was launched with the -noUpm command-line argument
[Package Manager] Unable to send message (not connected to server process).
[Package Manager] Cannot connect to Unity Package Manager local server
ScheduleIndexationOnStartup MainProcess:False IndexOnStartup:True
Mono: successfully reloaded assembly
- Finished resetting the current domain, in  1.280 seconds
Domain Reload Profiling: 2604ms
	BeginReloadAssembly (327ms)
		ExecutionOrderSort (0ms)
		DisableScriptedObjects (24ms)
		BackupInstance (0ms)
		ReleaseScriptingObjects (0ms)
		CreateAndSetChildDomain (69ms)
	RebuildCommonClasses (53ms)
	RebuildNativeTypeToScriptingClass (25ms)
	initialDomainReloadingComplete (42ms)
	LoadAllAssembliesAndSetupDomain (876ms)
		LoadAssemblies (644ms)
		RebuildTransferFunctionScriptingTraits (0ms)
		AnalyzeDomain (380ms)
			TypeCache.Refresh (12ms)
				TypeCache.ScanAssembly (0ms)
			BuildScriptInfoCaches (342ms)
			ResolveRequiredComponents (20ms)
	FinalizeReload (1281ms)
		ReleaseScriptCaches (0ms)
		RebuildScriptCaches (0ms)
		SetupLoadedEditorAssemblies (1010ms)
			LogAssemblyErrors (0ms)
			InitializePlatformSupportModulesInManaged (12ms)
			SetLoadedEditorAssemblies (11ms)
			BeforeProcessingInitializeOnLoad (256ms)
			ProcessInitializeOnLoadAttributes (487ms)
			ProcessInitializeOnLoadMethodAttributes (238ms)
			AfterProcessingInitializeOnLoad (3ms)
			EditorAssembliesLoaded (1ms)
		ExecutionOrderSort2 (0ms)
		AwakeInstancesAfterBackupRestoration (22ms)
Refreshing native plugins compatible for Editor in 11.61 ms, found 5 plugins.
Preloading 0 native plugins for Editor in 0.00 ms.
Unloading 17 Unused Serialized files (Serialized files now loaded: 0)
Unloading 9099 unused Assets / (5.1 MB). Loaded Objects now: 10237.
Memory consumption went from 180.0 MB to 174.9 MB.
Total: 15.237500 ms (FindLiveObjects: 1.436400 ms CreateObjectMapping: 1.408900 ms MarkObjects: 8.122300 ms  DeleteObjects: 4.268200 ms)

Prepare: number of updated asset objects reloaded= 0
========================================================================
Received Prepare
Begin MonoManager ReloadAssembly
Duplicate assembly 'log4net.dll' with different versions detected, using 'Packages/com.unity.package-validation-suite/Lib/Editor/log4net.dll, AssemblyName=log4net, Version=2.0.8.0, Culture=neutral, PublicKeyToken=669e0ddf0bb1aa2a' and ignoring 'Packages/com.unity.collab-proxy/Lib/Editor/log4netPlastic.dll, AssemblyName=log4net, Version=1.2.15.0, Culture=neutral, PublicKeyToken=669e0ddf0bb1aa2a'.Symbol file LoadedFromMemory is not a mono symbol file
- Loaded All Assemblies, in  1.372 seconds
Refreshing native plugins compatible for Editor in 11.73 ms, found 5 plugins.
Native extension for Android target not found
Native extension for WindowsStandalone target not found
[Package Manager] Failed to launch server process. Reason: Unity was launched with the -noUpm command-line argument
[Package Manager] Unable to send message (not connected to server process).
[Package Manager] Cannot connect to Unity Package Manager local server
[Package Manager] Failed to launch server process. Reason: Unity was launched with the -noUpm command-line argument
[Package Manager] Unable to send message (not connected to server process).
[Package Manager] Cannot connect to Unity Package Manager local server
[Package Manager] Failed to launch server process. Reason: Unity was launched with the -noUpm command-line argument
[Package Manager] Unable to send message (not connected to server process).
[Package Manager] Cannot connect to Unity Package Manager local server
ScheduleIndexationOnStartup MainProcess:False IndexOnStartup:True
Mono: successfully reloaded assembly
- Finished resetting the current domain, in  1.295 seconds
Domain Reload Profiling: 2671ms
	BeginReloadAssembly (323ms)
		ExecutionOrderSort (0ms)
		DisableScriptedObjects (19ms)
		BackupInstance (0ms)
		ReleaseScriptingObjects (0ms)
		CreateAndSetChildDomain (75ms)
	RebuildCommonClasses (63ms)
	RebuildNativeTypeToScriptingClass (23ms)
	initialDomainReloadingComplete (41ms)
	LoadAllAssembliesAndSetupDomain (926ms)
		LoadAssemblies (650ms)
		RebuildTransferFunctionScriptingTraits (0ms)
		AnalyzeDomain (422ms)
			TypeCache.Refresh (14ms)
				TypeCache.ScanAssembly (0ms)
			BuildScriptInfoCaches (380ms)
			ResolveRequiredComponents (22ms)
	FinalizeReload (1296ms)
		ReleaseScriptCaches (0ms)
		RebuildScriptCaches (0ms)
		SetupLoadedEditorAssemblies (1022ms)
			LogAssemblyErrors (0ms)
			InitializePlatformSupportModulesInManaged (12ms)
			SetLoadedEditorAssemblies (7ms)
			BeforeProcessingInitializeOnLoad (237ms)
			ProcessInitializeOnLoadAttributes (517ms)
			ProcessInitializeOnLoadMethodAttributes (244ms)
			AfterProcessingInitializeOnLoad (5ms)
			EditorAssembliesLoaded (1ms)
		ExecutionOrderSort2 (0ms)
		AwakeInstancesAfterBackupRestoration (24ms)
Refreshing native plugins compatible for Editor in 13.96 ms, found 5 plugins.
Preloading 0 native plugins for Editor in 0.00 ms.
Unloading 17 Unused Serialized files (Serialized files now loaded: 0)
Unloading 9099 unused Assets / (4.8 MB). Loaded Objects now: 10243.
Memory consumption went from 180.1 MB to 175.2 MB.
Total: 17.483000 ms (FindLiveObjects: 1.585100 ms CreateObjectMapping: 1.804500 ms MarkObjects: 9.966300 ms  DeleteObjects: 4.125500 ms)

Prepare: number of updated asset objects reloaded= 0
========================================================================
Received Import Request.
  Time since last request: 93.738745 seconds.
  path: Assets/Animation/Chest/Chest_Green/ChestReward.prefab
  artifactKey: Guid(20afad8f6fc1691498116622a5149ee4) Importer(815301076,1909f56bfc062723c751e8b465ee728b)
Start importing Assets/Animation/Chest/Chest_Green/ChestReward.prefab using Guid(20afad8f6fc1691498116622a5149ee4) Importer(815301076,1909f56bfc062723c751e8b465ee728b) (PreviewImporter) -> (artifact id: 'd03f48fa5f371914bcb1c791f428c4a7') in 1.1209715 seconds
Number of updated asset objects reloaded before import = 0Number of asset objects unloaded after import = 5198

========================================================================
Received Prepare
[Licensing::Client] Successfully resolved entitlement details
Begin MonoManager ReloadAssembly
[Licensing::Client] Successfully resolved entitlement details
Duplicate assembly 'log4net.dll' with different versions detected, using 'Packages/com.unity.package-validation-suite/Lib/Editor/log4net.dll, AssemblyName=log4net, Version=2.0.8.0, Culture=neutral, PublicKeyToken=669e0ddf0bb1aa2a' and ignoring 'Packages/com.unity.collab-proxy/Lib/Editor/log4netPlastic.dll, AssemblyName=log4net, Version=1.2.15.0, Culture=neutral, PublicKeyToken=669e0ddf0bb1aa2a'.Symbol file LoadedFromMemory is not a mono symbol file
- Loaded All Assemblies, in  1.346 seconds
Refreshing native plugins compatible for Editor in 12.18 ms, found 5 plugins.
Native extension for Android target not found
Native extension for WindowsStandalone target not found
[Package Manager] Failed to launch server process. Reason: Unity was launched with the -noUpm command-line argument
[Package Manager] Unable to send message (not connected to server process).
[Package Manager] Cannot connect to Unity Package Manager local server
[Package Manager] Failed to launch server process. Reason: Unity was launched with the -noUpm command-line argument
[Package Manager] Unable to send message (not connected to server process).
[Package Manager] Cannot connect to Unity Package Manager local server
[Package Manager] Failed to launch server process. Reason: Unity was launched with the -noUpm command-line argument
[Package Manager] Unable to send message (not connected to server process).
[Package Manager] Cannot connect to Unity Package Manager local server
ScheduleIndexationOnStartup MainProcess:False IndexOnStartup:True
Mono: successfully reloaded assembly
- Finished resetting the current domain, in  1.232 seconds
Domain Reload Profiling: 2582ms
	BeginReloadAssembly (363ms)
		ExecutionOrderSort (0ms)
		DisableScriptedObjects (57ms)
		BackupInstance (0ms)
		ReleaseScriptingObjects (0ms)
		CreateAndSetChildDomain (80ms)
	RebuildCommonClasses (55ms)
	RebuildNativeTypeToScriptingClass (22ms)
	initialDomainReloadingComplete (40ms)
	LoadAllAssembliesAndSetupDomain (870ms)
		LoadAssemblies (619ms)
		RebuildTransferFunctionScriptingTraits (0ms)
		AnalyzeDomain (391ms)
			TypeCache.Refresh (10ms)
				TypeCache.ScanAssembly (0ms)
			BuildScriptInfoCaches (355ms)
			ResolveRequiredComponents (20ms)
	FinalizeReload (1233ms)
		ReleaseScriptCaches (0ms)
		RebuildScriptCaches (0ms)
		SetupLoadedEditorAssemblies (977ms)
			LogAssemblyErrors (0ms)
			InitializePlatformSupportModulesInManaged (13ms)
			SetLoadedEditorAssemblies (11ms)
			BeforeProcessingInitializeOnLoad (234ms)
			ProcessInitializeOnLoadAttributes (486ms)
			ProcessInitializeOnLoadMethodAttributes (229ms)
			AfterProcessingInitializeOnLoad (4ms)
			EditorAssembliesLoaded (1ms)
		ExecutionOrderSort2 (0ms)
		AwakeInstancesAfterBackupRestoration (20ms)
Refreshing native plugins compatible for Editor in 12.02 ms, found 5 plugins.
Preloading 0 native plugins for Editor in 0.00 ms.
Unloading 17 Unused Serialized files (Serialized files now loaded: 0)
Unloading 9100 unused Assets / (4.6 MB). Loaded Objects now: 10269.
Memory consumption went from 180.3 MB to 175.7 MB.
Total: 15.421900 ms (FindLiveObjects: 1.493900 ms CreateObjectMapping: 1.390900 ms MarkObjects: 8.153300 ms  DeleteObjects: 4.382200 ms)

Prepare: number of updated asset objects reloaded= 0
========================================================================
Received Import Request.
  Time since last request: 40.854466 seconds.
  path: Assets/Animation/Chest/Chest_Green/ChestReward.prefab
  artifactKey: Guid(20afad8f6fc1691498116622a5149ee4) Importer(815301076,1909f56bfc062723c751e8b465ee728b)
Start importing Assets/Animation/Chest/Chest_Green/ChestReward.prefab using Guid(20afad8f6fc1691498116622a5149ee4) Importer(815301076,1909f56bfc062723c751e8b465ee728b) (PreviewImporter) -> (artifact id: '23555843e871c360023ae82cc652e340') in 1.2407243 seconds
Number of updated asset objects reloaded before import = 0Number of asset objects unloaded after import = 5197

========================================================================
Received Prepare
Begin MonoManager ReloadAssembly
Duplicate assembly 'log4net.dll' with different versions detected, using 'Packages/com.unity.package-validation-suite/Lib/Editor/log4net.dll, AssemblyName=log4net, Version=2.0.8.0, Culture=neutral, PublicKeyToken=669e0ddf0bb1aa2a' and ignoring 'Packages/com.unity.collab-proxy/Lib/Editor/log4netPlastic.dll, AssemblyName=log4net, Version=1.2.15.0, Culture=neutral, PublicKeyToken=669e0ddf0bb1aa2a'.Symbol file LoadedFromMemory is not a mono symbol file
- Loaded All Assemblies, in  1.506 seconds
Refreshing native plugins compatible for Editor in 12.37 ms, found 5 plugins.
Native extension for Android target not found
Native extension for WindowsStandalone target not found
[Package Manager] Failed to launch server process. Reason: Unity was launched with the -noUpm command-line argument
[Package Manager] Unable to send message (not connected to server process).
[Package Manager] Cannot connect to Unity Package Manager local server
[Package Manager] Failed to launch server process. Reason: Unity was launched with the -noUpm command-line argument
[Package Manager] Unable to send message (not connected to server process).
[Package Manager] Cannot connect to Unity Package Manager local server
[Package Manager] Failed to launch server process. Reason: Unity was launched with the -noUpm command-line argument
[Package Manager] Unable to send message (not connected to server process).
[Package Manager] Cannot connect to Unity Package Manager local server
ScheduleIndexationOnStartup MainProcess:False IndexOnStartup:True
Mono: successfully reloaded assembly
- Finished resetting the current domain, in  1.359 seconds
Domain Reload Profiling: 2869ms
	BeginReloadAssembly (386ms)
		ExecutionOrderSort (0ms)
		DisableScriptedObjects (51ms)
		BackupInstance (0ms)
		ReleaseScriptingObjects (0ms)
		CreateAndSetChildDomain (100ms)
	RebuildCommonClasses (60ms)
	RebuildNativeTypeToScriptingClass (23ms)
	initialDomainReloadingComplete (46ms)
	LoadAllAssembliesAndSetupDomain (995ms)
		LoadAssemblies (691ms)
		RebuildTransferFunctionScriptingTraits (0ms)
		AnalyzeDomain (456ms)
			TypeCache.Refresh (13ms)
				TypeCache.ScanAssembly (0ms)
			BuildScriptInfoCaches (404ms)
			ResolveRequiredComponents (30ms)
	FinalizeReload (1360ms)
		ReleaseScriptCaches (0ms)
		RebuildScriptCaches (0ms)
		SetupLoadedEditorAssemblies (1068ms)
			LogAssemblyErrors (0ms)
			InitializePlatformSupportModulesInManaged (13ms)
			SetLoadedEditorAssemblies (8ms)
			BeforeProcessingInitializeOnLoad (247ms)
			ProcessInitializeOnLoadAttributes (538ms)
			ProcessInitializeOnLoadMethodAttributes (259ms)
			AfterProcessingInitializeOnLoad (4ms)
			EditorAssembliesLoaded (1ms)
		ExecutionOrderSort2 (0ms)
		AwakeInstancesAfterBackupRestoration (22ms)
Refreshing native plugins compatible for Editor in 11.81 ms, found 5 plugins.
Preloading 0 native plugins for Editor in 0.00 ms.
Unloading 17 Unused Serialized files (Serialized files now loaded: 0)
Unloading 9100 unused Assets / (7.0 MB). Loaded Objects now: 10295.
Memory consumption went from 180.4 MB to 173.5 MB.
Total: 17.470200 ms (FindLiveObjects: 1.467800 ms CreateObjectMapping: 1.275700 ms MarkObjects: 7.866100 ms  DeleteObjects: 6.858800 ms)

Prepare: number of updated asset objects reloaded= 0
========================================================================
Received Prepare
[Licensing::Client] Successfully resolved entitlement details
Begin MonoManager ReloadAssembly
[Licensing::Client] Successfully resolved entitlement details
Duplicate assembly 'log4net.dll' with different versions detected, using 'Packages/com.unity.package-validation-suite/Lib/Editor/log4net.dll, AssemblyName=log4net, Version=2.0.8.0, Culture=neutral, PublicKeyToken=669e0ddf0bb1aa2a' and ignoring 'Packages/com.unity.collab-proxy/Lib/Editor/log4netPlastic.dll, AssemblyName=log4net, Version=1.2.15.0, Culture=neutral, PublicKeyToken=669e0ddf0bb1aa2a'.Symbol file LoadedFromMemory is not a mono symbol file
- Loaded All Assemblies, in  1.365 seconds
Refreshing native plugins compatible for Editor in 11.40 ms, found 5 plugins.
Native extension for Android target not found
Native extension for WindowsStandalone target not found
[Package Manager] Failed to launch server process. Reason: Unity was launched with the -noUpm command-line argument
[Package Manager] Unable to send message (not connected to server process).
[Package Manager] Cannot connect to Unity Package Manager local server
[Package Manager] Failed to launch server process. Reason: Unity was launched with the -noUpm command-line argument
[Package Manager] Unable to send message (not connected to server process).
[Package Manager] Cannot connect to Unity Package Manager local server
[Package Manager] Failed to launch server process. Reason: Unity was launched with the -noUpm command-line argument
[Package Manager] Unable to send message (not connected to server process).
[Package Manager] Cannot connect to Unity Package Manager local server
ScheduleIndexationOnStartup MainProcess:False IndexOnStartup:True
Mono: successfully reloaded assembly
- Finished resetting the current domain, in  1.239 seconds
Domain Reload Profiling: 2607ms
	BeginReloadAssembly (350ms)
		ExecutionOrderSort (0ms)
		DisableScriptedObjects (20ms)
		BackupInstance (0ms)
		ReleaseScriptingObjects (0ms)
		CreateAndSetChildDomain (71ms)
	RebuildCommonClasses (54ms)
	RebuildNativeTypeToScriptingClass (23ms)
	initialDomainReloadingComplete (42ms)
	LoadAllAssembliesAndSetupDomain (900ms)
		LoadAssemblies (677ms)
		RebuildTransferFunctionScriptingTraits (0ms)
		AnalyzeDomain (390ms)
			TypeCache.Refresh (11ms)
				TypeCache.ScanAssembly (0ms)
			BuildScriptInfoCaches (351ms)
			ResolveRequiredComponents (21ms)
	FinalizeReload (1240ms)
		ReleaseScriptCaches (0ms)
		RebuildScriptCaches (0ms)
		SetupLoadedEditorAssemblies (996ms)
			LogAssemblyErrors (0ms)
			InitializePlatformSupportModulesInManaged (12ms)
			SetLoadedEditorAssemblies (7ms)
			BeforeProcessingInitializeOnLoad (238ms)
			ProcessInitializeOnLoadAttributes (497ms)
			ProcessInitializeOnLoadMethodAttributes (238ms)
			AfterProcessingInitializeOnLoad (3ms)
			EditorAssembliesLoaded (1ms)
		ExecutionOrderSort2 (0ms)
		AwakeInstancesAfterBackupRestoration (21ms)
Refreshing native plugins compatible for Editor in 12.57 ms, found 5 plugins.
Preloading 0 native plugins for Editor in 0.00 ms.
Unloading 17 Unused Serialized files (Serialized files now loaded: 0)
Unloading 9099 unused Assets / (5.2 MB). Loaded Objects now: 10301.
Memory consumption went from 180.2 MB to 175.1 MB.
Total: 15.274600 ms (FindLiveObjects: 1.351600 ms CreateObjectMapping: 1.059400 ms MarkObjects: 8.494600 ms  DeleteObjects: 4.367500 ms)

Prepare: number of updated asset objects reloaded= 0
========================================================================
Received Prepare
Begin MonoManager ReloadAssembly
Duplicate assembly 'log4net.dll' with different versions detected, using 'Packages/com.unity.package-validation-suite/Lib/Editor/log4net.dll, AssemblyName=log4net, Version=2.0.8.0, Culture=neutral, PublicKeyToken=669e0ddf0bb1aa2a' and ignoring 'Packages/com.unity.collab-proxy/Lib/Editor/log4netPlastic.dll, AssemblyName=log4net, Version=1.2.15.0, Culture=neutral, PublicKeyToken=669e0ddf0bb1aa2a'.Symbol file LoadedFromMemory is not a mono symbol file
- Loaded All Assemblies, in  1.341 seconds
Refreshing native plugins compatible for Editor in 12.58 ms, found 5 plugins.
Native extension for Android target not found
Native extension for WindowsStandalone target not found
[Package Manager] Failed to launch server process. Reason: Unity was launched with the -noUpm command-line argument
[Package Manager] Unable to send message (not connected to server process).
[Package Manager] Cannot connect to Unity Package Manager local server
[Package Manager] Failed to launch server process. Reason: Unity was launched with the -noUpm command-line argument
[Package Manager] Unable to send message (not connected to server process).
[Package Manager] Cannot connect to Unity Package Manager local server
[Package Manager] Failed to launch server process. Reason: Unity was launched with the -noUpm command-line argument
[Package Manager] Unable to send message (not connected to server process).
[Package Manager] Cannot connect to Unity Package Manager local server
ScheduleIndexationOnStartup MainProcess:False IndexOnStartup:True
Mono: successfully reloaded assembly
- Finished resetting the current domain, in  1.276 seconds
Domain Reload Profiling: 2620ms
	BeginReloadAssembly (327ms)
		ExecutionOrderSort (0ms)
		DisableScriptedObjects (20ms)
		BackupInstance (0ms)
		ReleaseScriptingObjects (0ms)
		CreateAndSetChildDomain (71ms)
	RebuildCommonClasses (57ms)
	RebuildNativeTypeToScriptingClass (22ms)
	initialDomainReloadingComplete (40ms)
	LoadAllAssembliesAndSetupDomain (898ms)
		LoadAssemblies (641ms)
		RebuildTransferFunctionScriptingTraits (0ms)
		AnalyzeDomain (413ms)
			TypeCache.Refresh (10ms)
				TypeCache.ScanAssembly (0ms)
			BuildScriptInfoCaches (377ms)
			ResolveRequiredComponents (20ms)
	FinalizeReload (1277ms)
		ReleaseScriptCaches (0ms)
		RebuildScriptCaches (0ms)
		SetupLoadedEditorAssemblies (1013ms)
			LogAssemblyErrors (0ms)
			InitializePlatformSupportModulesInManaged (11ms)
			SetLoadedEditorAssemblies (7ms)
			BeforeProcessingInitializeOnLoad (244ms)
			ProcessInitializeOnLoadAttributes (512ms)
			ProcessInitializeOnLoadMethodAttributes (234ms)
			AfterProcessingInitializeOnLoad (3ms)
			EditorAssembliesLoaded (1ms)
		ExecutionOrderSort2 (0ms)
		AwakeInstancesAfterBackupRestoration (23ms)
Refreshing native plugins compatible for Editor in 12.13 ms, found 5 plugins.
Preloading 0 native plugins for Editor in 0.00 ms.
Unloading 17 Unused Serialized files (Serialized files now loaded: 0)
Unloading 9099 unused Assets / (5.2 MB). Loaded Objects now: 10307.
Memory consumption went from 180.3 MB to 175.1 MB.
Total: 15.092100 ms (FindLiveObjects: 1.324100 ms CreateObjectMapping: 0.871800 ms MarkObjects: 7.583700 ms  DeleteObjects: 5.310600 ms)

Prepare: number of updated asset objects reloaded= 0
========================================================================
Received Import Request.
  Time since last request: 71.709426 seconds.
  path: Assets/Animation/Chest/Chest_Green/ChestReward.prefab
  artifactKey: Guid(20afad8f6fc1691498116622a5149ee4) Importer(815301076,1909f56bfc062723c751e8b465ee728b)
Start importing Assets/Animation/Chest/Chest_Green/ChestReward.prefab using Guid(20afad8f6fc1691498116622a5149ee4) Importer(815301076,1909f56bfc062723c751e8b465ee728b) (PreviewImporter) -> (artifact id: 'b48413df5025ae220bc148b6372c0bb9') in 1.0797649 seconds
Number of updated asset objects reloaded before import = 0Number of asset objects unloaded after import = 5197

========================================================================
Received Prepare
Begin MonoManager ReloadAssembly
Duplicate assembly 'log4net.dll' with different versions detected, using 'Packages/com.unity.package-validation-suite/Lib/Editor/log4net.dll, AssemblyName=log4net, Version=2.0.8.0, Culture=neutral, PublicKeyToken=669e0ddf0bb1aa2a' and ignoring 'Packages/com.unity.collab-proxy/Lib/Editor/log4netPlastic.dll, AssemblyName=log4net, Version=1.2.15.0, Culture=neutral, PublicKeyToken=669e0ddf0bb1aa2a'.Symbol file LoadedFromMemory is not a mono symbol file
- Loaded All Assemblies, in  1.349 seconds
Refreshing native plugins compatible for Editor in 11.94 ms, found 5 plugins.
Native extension for Android target not found
Native extension for WindowsStandalone target not found
[Package Manager] Failed to launch server process. Reason: Unity was launched with the -noUpm command-line argument
[Package Manager] Unable to send message (not connected to server process).
[Package Manager] Cannot connect to Unity Package Manager local server
[Package Manager] Failed to launch server process. Reason: Unity was launched with the -noUpm command-line argument
[Package Manager] Unable to send message (not connected to server process).
[Package Manager] Cannot connect to Unity Package Manager local server
[Package Manager] Failed to launch server process. Reason: Unity was launched with the -noUpm command-line argument
[Package Manager] Unable to send message (not connected to server process).
[Package Manager] Cannot connect to Unity Package Manager local server
ScheduleIndexationOnStartup MainProcess:False IndexOnStartup:True
Mono: successfully reloaded assembly
- Finished resetting the current domain, in  1.269 seconds
Domain Reload Profiling: 2621ms
	BeginReloadAssembly (375ms)
		ExecutionOrderSort (0ms)
		DisableScriptedObjects (48ms)
		BackupInstance (0ms)
		ReleaseScriptingObjects (0ms)
		CreateAndSetChildDomain (98ms)
	RebuildCommonClasses (53ms)
	RebuildNativeTypeToScriptingClass (23ms)
	initialDomainReloadingComplete (44ms)
	LoadAllAssembliesAndSetupDomain (857ms)
		LoadAssemblies (615ms)
		RebuildTransferFunctionScriptingTraits (0ms)
		AnalyzeDomain (380ms)
			TypeCache.Refresh (10ms)
				TypeCache.ScanAssembly (0ms)
			BuildScriptInfoCaches (344ms)
			ResolveRequiredComponents (20ms)
	FinalizeReload (1270ms)
		ReleaseScriptCaches (0ms)
		RebuildScriptCaches (0ms)
		SetupLoadedEditorAssemblies (1014ms)
			LogAssemblyErrors (0ms)
			InitializePlatformSupportModulesInManaged (11ms)
			SetLoadedEditorAssemblies (7ms)
			BeforeProcessingInitializeOnLoad (237ms)
			ProcessInitializeOnLoadAttributes (505ms)
			ProcessInitializeOnLoadMethodAttributes (248ms)
			AfterProcessingInitializeOnLoad (5ms)
			EditorAssembliesLoaded (1ms)
		ExecutionOrderSort2 (0ms)
		AwakeInstancesAfterBackupRestoration (21ms)
Refreshing native plugins compatible for Editor in 11.61 ms, found 5 plugins.
Preloading 0 native plugins for Editor in 0.00 ms.
Unloading 17 Unused Serialized files (Serialized files now loaded: 0)
Unloading 9100 unused Assets / (5.3 MB). Loaded Objects now: 10333.
Memory consumption went from 180.4 MB to 175.1 MB.
Total: 14.693000 ms (FindLiveObjects: 1.355400 ms CreateObjectMapping: 1.264300 ms MarkObjects: 7.829500 ms  DeleteObjects: 4.242100 ms)

Prepare: number of updated asset objects reloaded= 0
========================================================================
Received Import Request.
  Time since last request: 45.222281 seconds.
  path: Assets/Animation/Chest/Chest_Green/ChestReward.prefab
  artifactKey: Guid(20afad8f6fc1691498116622a5149ee4) Importer(815301076,1909f56bfc062723c751e8b465ee728b)
Start importing Assets/Animation/Chest/Chest_Green/ChestReward.prefab using Guid(20afad8f6fc1691498116622a5149ee4) Importer(815301076,1909f56bfc062723c751e8b465ee728b) (PreviewImporter) -> (artifact id: 'a3e242b1a7346e1ebaa89a5dd4757a68') in 1.1814982 seconds
Number of updated asset objects reloaded before import = 0Number of asset objects unloaded after import = 5197

========================================================================
Received Import Request.
  Time since last request: 0.721739 seconds.
  path: Assets/Animation/Chest/Chest_Green/ChestReward.prefab
  artifactKey: Guid(20afad8f6fc1691498116622a5149ee4) Importer(815301076,1909f56bfc062723c751e8b465ee728b)
Start importing Assets/Animation/Chest/Chest_Green/ChestReward.prefab using Guid(20afad8f6fc1691498116622a5149ee4) Importer(815301076,1909f56bfc062723c751e8b465ee728b) (PreviewImporter) -> (artifact id: '35a11bcdfc6ecc7a7a6babcd4ba7163b') in 0.5146415 seconds
Number of updated asset objects reloaded before import = 0Number of asset objects unloaded after import = 5196

========================================================================
Received Import Request.
  Time since last request: 1.703358 seconds.
  path: Assets/Animation/Chest/Chest_Green/ChestReward.prefab
  artifactKey: Guid(20afad8f6fc1691498116622a5149ee4) Importer(815301076,1909f56bfc062723c751e8b465ee728b)
Start importing Assets/Animation/Chest/Chest_Green/ChestReward.prefab using Guid(20afad8f6fc1691498116622a5149ee4) Importer(815301076,1909f56bfc062723c751e8b465ee728b) (PreviewImporter) -> (artifact id: '6c8e8d509209945de65a4be15a36e43f') in 0.5125909 seconds
Number of updated asset objects reloaded before import = 0Number of asset objects unloaded after import = 5196

========================================================================
Received Import Request.
  Time since last request: 1.825168 seconds.
  path: Assets/Animation/Chest/Chest_Green/ChestReward.prefab
  artifactKey: Guid(20afad8f6fc1691498116622a5149ee4) Importer(815301076,1909f56bfc062723c751e8b465ee728b)
Start importing Assets/Animation/Chest/Chest_Green/ChestReward.prefab using Guid(20afad8f6fc1691498116622a5149ee4) Importer(815301076,1909f56bfc062723c751e8b465ee728b) (PreviewImporter) -> (artifact id: '4880fecdfe1384b5d1a6cb7c3fff83f1') in 0.5289011 seconds
Number of updated asset objects reloaded before import = 0Number of asset objects unloaded after import = 5196

========================================================================
Received Import Request.
  Time since last request: 60.982290 seconds.
  path: Assets/Prefabs/FireCamp.prefab
  artifactKey: Guid(122ddcf3bf037414a940441d14936196) Importer(815301076,1909f56bfc062723c751e8b465ee728b)
Start importing Assets/Prefabs/FireCamp.prefab using Guid(122ddcf3bf037414a940441d14936196) Importer(815301076,1909f56bfc062723c751e8b465ee728b) (PreviewImporter) -> (artifact id: '5219072b98b0aa2a630fe1fe05d8e906') in 0.0276734 seconds
Number of updated asset objects reloaded before import = 0Number of asset objects unloaded after import = 25

========================================================================
Received Import Request.
  Time since last request: 15.587777 seconds.
  path: Assets/Animation/Chest/Chest_Green/ChestReward.prefab
  artifactKey: Guid(20afad8f6fc1691498116622a5149ee4) Importer(815301076,1909f56bfc062723c751e8b465ee728b)
Start importing Assets/Animation/Chest/Chest_Green/ChestReward.prefab using Guid(20afad8f6fc1691498116622a5149ee4) Importer(815301076,1909f56bfc062723c751e8b465ee728b) (PreviewImporter) -> (artifact id: '00a8e44a530f63effe861f07e0db2a95') in 0.529342 seconds
Number of updated asset objects reloaded before import = 0Number of asset objects unloaded after import = 5199

========================================================================
Received Import Request.
  Time since last request: 6.636937 seconds.
  path: Assets/Animation/Chest/Chest_Green/ChestReward.prefab
  artifactKey: Guid(20afad8f6fc1691498116622a5149ee4) Importer(815301076,1909f56bfc062723c751e8b465ee728b)
Start importing Assets/Animation/Chest/Chest_Green/ChestReward.prefab using Guid(20afad8f6fc1691498116622a5149ee4) Importer(815301076,1909f56bfc062723c751e8b465ee728b) (PreviewImporter) -> (artifact id: '3fe70e0a12cd13dd3fffb787798986a4') in 0.5499339 seconds
Number of updated asset objects reloaded before import = 0Number of asset objects unloaded after import = 5199

========================================================================
Received Import Request.
  Time since last request: 0.588382 seconds.
  path: Assets/Animation/Chest/Chest_Green/ChestReward.prefab
  artifactKey: Guid(20afad8f6fc1691498116622a5149ee4) Importer(815301076,1909f56bfc062723c751e8b465ee728b)
Start importing Assets/Animation/Chest/Chest_Green/ChestReward.prefab using Guid(20afad8f6fc1691498116622a5149ee4) Importer(815301076,1909f56bfc062723c751e8b465ee728b) (PreviewImporter) -> (artifact id: 'd43010162f36b59e2c344acad0ca2665') in 0.5470387 seconds
Number of updated asset objects reloaded before import = 0Number of asset objects unloaded after import = 5199

========================================================================
Received Import Request.
  Time since last request: 6.256460 seconds.
  path: Assets/Animation/Chest/Chest_Green/ChestReward.prefab
  artifactKey: Guid(20afad8f6fc1691498116622a5149ee4) Importer(815301076,1909f56bfc062723c751e8b465ee728b)
Start importing Assets/Animation/Chest/Chest_Green/ChestReward.prefab using Guid(20afad8f6fc1691498116622a5149ee4) Importer(815301076,1909f56bfc062723c751e8b465ee728b) (PreviewImporter) -> (artifact id: 'c5794bb425256386041f5cad9b84dde8') in 0.5291528 seconds
Number of updated asset objects reloaded before import = 0Number of asset objects unloaded after import = 5199

========================================================================
Received Import Request.
  Time since last request: 3.678742 seconds.
  path: Assets/Animation/Chest/Chest_Green/ChestReward.prefab
  artifactKey: Guid(20afad8f6fc1691498116622a5149ee4) Importer(815301076,1909f56bfc062723c751e8b465ee728b)
Start importing Assets/Animation/Chest/Chest_Green/ChestReward.prefab using Guid(20afad8f6fc1691498116622a5149ee4) Importer(815301076,1909f56bfc062723c751e8b465ee728b) (PreviewImporter) -> (artifact id: '8ac034bb9f4d74fddb773f022cea1659') in 0.533428 seconds
Number of updated asset objects reloaded before import = 0Number of asset objects unloaded after import = 5199

========================================================================
Received Import Request.
  Time since last request: 3.590631 seconds.
  path: Assets/Animation/Chest/Chest_Green/ChestReward.prefab
  artifactKey: Guid(20afad8f6fc1691498116622a5149ee4) Importer(815301076,1909f56bfc062723c751e8b465ee728b)
Start importing Assets/Animation/Chest/Chest_Green/ChestReward.prefab using Guid(20afad8f6fc1691498116622a5149ee4) Importer(815301076,1909f56bfc062723c751e8b465ee728b) (PreviewImporter) -> (artifact id: '8504acd6954221ed352235bc2c1faf88') in 0.530384 seconds
Number of updated asset objects reloaded before import = 0Number of asset objects unloaded after import = 5199

========================================================================
Received Import Request.
  Time since last request: 12.496567 seconds.
  path: Assets/Animation/Chest/Chest_Green/ChestReward.prefab
  artifactKey: Guid(20afad8f6fc1691498116622a5149ee4) Importer(815301076,1909f56bfc062723c751e8b465ee728b)
Start importing Assets/Animation/Chest/Chest_Green/ChestReward.prefab using Guid(20afad8f6fc1691498116622a5149ee4) Importer(815301076,1909f56bfc062723c751e8b465ee728b) (PreviewImporter) -> (artifact id: 'bdf5b22de205f790096f011fd51c6502') in 0.4945042 seconds
Number of updated asset objects reloaded before import = 0Number of asset objects unloaded after import = 5199

========================================================================
Received Prepare
[Licensing::Client] Successfully resolved entitlement details
Begin MonoManager ReloadAssembly
[Licensing::Client] Successfully resolved entitlement details
Duplicate assembly 'log4net.dll' with different versions detected, using 'Packages/com.unity.package-validation-suite/Lib/Editor/log4net.dll, AssemblyName=log4net, Version=2.0.8.0, Culture=neutral, PublicKeyToken=669e0ddf0bb1aa2a' and ignoring 'Packages/com.unity.collab-proxy/Lib/Editor/log4netPlastic.dll, AssemblyName=log4net, Version=1.2.15.0, Culture=neutral, PublicKeyToken=669e0ddf0bb1aa2a'.Symbol file LoadedFromMemory is not a mono symbol file
- Loaded All Assemblies, in  1.334 seconds
Refreshing native plugins compatible for Editor in 11.50 ms, found 5 plugins.
Native extension for Android target not found
Native extension for WindowsStandalone target not found
[Package Manager] Failed to launch server process. Reason: Unity was launched with the -noUpm command-line argument
[Package Manager] Unable to send message (not connected to server process).
[Package Manager] Cannot connect to Unity Package Manager local server
[Package Manager] Failed to launch server process. Reason: Unity was launched with the -noUpm command-line argument
[Package Manager] Unable to send message (not connected to server process).
[Package Manager] Cannot connect to Unity Package Manager local server
[Package Manager] Failed to launch server process. Reason: Unity was launched with the -noUpm command-line argument
[Package Manager] Unable to send message (not connected to server process).
[Package Manager] Cannot connect to Unity Package Manager local server
ScheduleIndexationOnStartup MainProcess:False IndexOnStartup:True
Mono: successfully reloaded assembly
- Finished resetting the current domain, in  1.246 seconds
Domain Reload Profiling: 2585ms
	BeginReloadAssembly (359ms)
		ExecutionOrderSort (0ms)
		DisableScriptedObjects (46ms)
		BackupInstance (0ms)
		ReleaseScriptingObjects (0ms)
		CreateAndSetChildDomain (85ms)
	RebuildCommonClasses (57ms)
	RebuildNativeTypeToScriptingClass (25ms)
	initialDomainReloadingComplete (40ms)
	LoadAllAssembliesAndSetupDomain (857ms)
		LoadAssemblies (629ms)
		RebuildTransferFunctionScriptingTraits (0ms)
		AnalyzeDomain (376ms)
			TypeCache.Refresh (9ms)
				TypeCache.ScanAssembly (0ms)
			BuildScriptInfoCaches (341ms)
			ResolveRequiredComponents (20ms)
	FinalizeReload (1247ms)
		ReleaseScriptCaches (0ms)
		RebuildScriptCaches (0ms)
		SetupLoadedEditorAssemblies (988ms)
			LogAssemblyErrors (0ms)
			InitializePlatformSupportModulesInManaged (12ms)
			SetLoadedEditorAssemblies (7ms)
			BeforeProcessingInitializeOnLoad (229ms)
			ProcessInitializeOnLoadAttributes (499ms)
			ProcessInitializeOnLoadMethodAttributes (234ms)
			AfterProcessingInitializeOnLoad (6ms)
			EditorAssembliesLoaded (1ms)
		ExecutionOrderSort2 (0ms)
		AwakeInstancesAfterBackupRestoration (26ms)
Refreshing native plugins compatible for Editor in 11.87 ms, found 5 plugins.
Preloading 0 native plugins for Editor in 0.00 ms.
Unloading 17 Unused Serialized files (Serialized files now loaded: 0)
Unloading 9100 unused Assets / (4.8 MB). Loaded Objects now: 10359.
Memory consumption went from 180.5 MB to 175.7 MB.
Total: 16.433300 ms (FindLiveObjects: 1.609400 ms CreateObjectMapping: 1.917800 ms MarkObjects: 8.633300 ms  DeleteObjects: 4.270800 ms)

Prepare: number of updated asset objects reloaded= 0
========================================================================
Received Import Request.
  Time since last request: 32.771799 seconds.
  path: Assets/Animation/Chest/Chest_Green/ChestReward.prefab
  artifactKey: Guid(20afad8f6fc1691498116622a5149ee4) Importer(815301076,1909f56bfc062723c751e8b465ee728b)
Start importing Assets/Animation/Chest/Chest_Green/ChestReward.prefab using Guid(20afad8f6fc1691498116622a5149ee4) Importer(815301076,1909f56bfc062723c751e8b465ee728b) (PreviewImporter) -> (artifact id: '937ffce89a38d4ce5469c9bb018d0719') in 1.2169744 seconds
Number of updated asset objects reloaded before import = 0Number of asset objects unloaded after import = 5200

========================================================================
Received Import Request.
  Time since last request: 0.435834 seconds.
  path: Assets/Animation/Chest/Chest_Green/ChestReward.prefab
  artifactKey: Guid(20afad8f6fc1691498116622a5149ee4) Importer(815301076,1909f56bfc062723c751e8b465ee728b)
Start importing Assets/Animation/Chest/Chest_Green/ChestReward.prefab using Guid(20afad8f6fc1691498116622a5149ee4) Importer(815301076,1909f56bfc062723c751e8b465ee728b) (PreviewImporter) -> (artifact id: '73e84bb42cfb85daf82922797c840161') in 0.5919867 seconds
Number of updated asset objects reloaded before import = 0Number of asset objects unloaded after import = 5199

========================================================================
Received Import Request.
  Time since last request: 0.965037 seconds.
  path: Assets/Animation/Chest/Chest_Green/ChestReward.prefab
  artifactKey: Guid(20afad8f6fc1691498116622a5149ee4) Importer(815301076,1909f56bfc062723c751e8b465ee728b)
Start importing Assets/Animation/Chest/Chest_Green/ChestReward.prefab using Guid(20afad8f6fc1691498116622a5149ee4) Importer(815301076,1909f56bfc062723c751e8b465ee728b) (PreviewImporter) -> (artifact id: '21b51a112abae8b6daccc9a6d6de8381') in 0.5365395 seconds
Number of updated asset objects reloaded before import = 0Number of asset objects unloaded after import = 5199

========================================================================
Received Import Request.
  Time since last request: 5.922513 seconds.
  path: Assets/Animation/Chest/Chest_Green/ChestReward.prefab
  artifactKey: Guid(20afad8f6fc1691498116622a5149ee4) Importer(815301076,1909f56bfc062723c751e8b465ee728b)
Start importing Assets/Animation/Chest/Chest_Green/ChestReward.prefab using Guid(20afad8f6fc1691498116622a5149ee4) Importer(815301076,1909f56bfc062723c751e8b465ee728b) (PreviewImporter) -> (artifact id: 'b87972bce3d950575cd8cd72020fab96') in 0.5091641 seconds
Number of updated asset objects reloaded before import = 0Number of asset objects unloaded after import = 5199

========================================================================
Received Import Request.
  Time since last request: 14.261459 seconds.
  path: Assets/Animation/Chest/Chest_Green/ChestReward.prefab
  artifactKey: Guid(20afad8f6fc1691498116622a5149ee4) Importer(815301076,1909f56bfc062723c751e8b465ee728b)
Start importing Assets/Animation/Chest/Chest_Green/ChestReward.prefab using Guid(20afad8f6fc1691498116622a5149ee4) Importer(815301076,1909f56bfc062723c751e8b465ee728b) (PreviewImporter) -> (artifact id: '13dd1f69f203c53e8a7f3c40655c477e') in 0.5025966 seconds
Number of updated asset objects reloaded before import = 0Number of asset objects unloaded after import = 5199

========================================================================
Received Import Request.
  Time since last request: 5.065244 seconds.
  path: Assets/Animation/Chest/Chest_Green/ChestReward.prefab
  artifactKey: Guid(20afad8f6fc1691498116622a5149ee4) Importer(815301076,1909f56bfc062723c751e8b465ee728b)
Start importing Assets/Animation/Chest/Chest_Green/ChestReward.prefab using Guid(20afad8f6fc1691498116622a5149ee4) Importer(815301076,1909f56bfc062723c751e8b465ee728b) (PreviewImporter) -> (artifact id: '20ed94dd3c1e994e24820ec20ed975c1') in 0.6067245 seconds
Number of updated asset objects reloaded before import = 0Number of asset objects unloaded after import = 5199

========================================================================
Received Import Request.
  Time since last request: 16.012235 seconds.
  path: Assets/Animation/Chest/Chest_Green/ChestReward.prefab
  artifactKey: Guid(20afad8f6fc1691498116622a5149ee4) Importer(815301076,1909f56bfc062723c751e8b465ee728b)
Start importing Assets/Animation/Chest/Chest_Green/ChestReward.prefab using Guid(20afad8f6fc1691498116622a5149ee4) Importer(815301076,1909f56bfc062723c751e8b465ee728b) (PreviewImporter) -> (artifact id: '971f3bd3a467ba4b2d3eaf96b6a29474') in 0.498224 seconds
Number of updated asset objects reloaded before import = 0Number of asset objects unloaded after import = 5199

========================================================================
Received Import Request.
  Time since last request: 10.813864 seconds.
  path: Assets/Animation/Chest/Chest_Green/ChestReward.prefab
  artifactKey: Guid(20afad8f6fc1691498116622a5149ee4) Importer(815301076,1909f56bfc062723c751e8b465ee728b)
Start importing Assets/Animation/Chest/Chest_Green/ChestReward.prefab using Guid(20afad8f6fc1691498116622a5149ee4) Importer(815301076,1909f56bfc062723c751e8b465ee728b) (PreviewImporter) -> (artifact id: '84037cd75f8e6b6faee79d417a335a95') in 0.4996656 seconds
Number of updated asset objects reloaded before import = 0Number of asset objects unloaded after import = 5199

========================================================================
Received Import Request.
  Time since last request: 6.296806 seconds.
  path: Assets/Animation/Chest/Chest_Green/ChestReward.prefab
  artifactKey: Guid(20afad8f6fc1691498116622a5149ee4) Importer(815301076,1909f56bfc062723c751e8b465ee728b)
Start importing Assets/Animation/Chest/Chest_Green/ChestReward.prefab using Guid(20afad8f6fc1691498116622a5149ee4) Importer(815301076,1909f56bfc062723c751e8b465ee728b) (PreviewImporter) -> (artifact id: '7f75ee74de9a40b22bc5203ec968cd16') in 0.4847073 seconds
Number of updated asset objects reloaded before import = 0Number of asset objects unloaded after import = 5199

========================================================================
Received Import Request.
  Time since last request: 1.217498 seconds.
  path: Assets/Animation/Chest/Chest_Green/ChestReward.prefab
  artifactKey: Guid(20afad8f6fc1691498116622a5149ee4) Importer(815301076,1909f56bfc062723c751e8b465ee728b)
Start importing Assets/Animation/Chest/Chest_Green/ChestReward.prefab using Guid(20afad8f6fc1691498116622a5149ee4) Importer(815301076,1909f56bfc062723c751e8b465ee728b) (PreviewImporter) -> (artifact id: 'adc7400c8674145af75e83cbce1440b4') in 0.5000904 seconds
Number of updated asset objects reloaded before import = 0Number of asset objects unloaded after import = 5199

========================================================================
Received Import Request.
  Time since last request: 1.799247 seconds.
  path: Assets/Animation/Chest/Chest_Green/ChestReward.prefab
  artifactKey: Guid(20afad8f6fc1691498116622a5149ee4) Importer(815301076,1909f56bfc062723c751e8b465ee728b)
Start importing Assets/Animation/Chest/Chest_Green/ChestReward.prefab using Guid(20afad8f6fc1691498116622a5149ee4) Importer(815301076,1909f56bfc062723c751e8b465ee728b) (PreviewImporter) -> (artifact id: '68519f127ac462efe610f1eb03814ff6') in 0.4802774 seconds
Number of updated asset objects reloaded before import = 0Number of asset objects unloaded after import = 5199

========================================================================
Received Import Request.
  Time since last request: 0.822735 seconds.
  path: Assets/Animation/Chest/Chest_Green/ChestReward.prefab
  artifactKey: Guid(20afad8f6fc1691498116622a5149ee4) Importer(815301076,1909f56bfc062723c751e8b465ee728b)
Start importing Assets/Animation/Chest/Chest_Green/ChestReward.prefab using Guid(20afad8f6fc1691498116622a5149ee4) Importer(815301076,1909f56bfc062723c751e8b465ee728b) (PreviewImporter) -> (artifact id: '401ab806b8d7c3c22fc30ace39e9eae0') in 0.5370601 seconds
Number of updated asset objects reloaded before import = 0Number of asset objects unloaded after import = 5199

========================================================================
Received Import Request.
  Time since last request: 0.189062 seconds.
  path: Assets/Animation/Chest/Chest_Green/ChestReward.prefab
  artifactKey: Guid(20afad8f6fc1691498116622a5149ee4) Importer(815301076,1909f56bfc062723c751e8b465ee728b)
Start importing Assets/Animation/Chest/Chest_Green/ChestReward.prefab using Guid(20afad8f6fc1691498116622a5149ee4) Importer(815301076,1909f56bfc062723c751e8b465ee728b) (PreviewImporter) -> (artifact id: '232c5c75935bcdd53399dde7b68ab7b0') in 0.5120072 seconds
Number of updated asset objects reloaded before import = 0Number of asset objects unloaded after import = 5199

========================================================================
Received Import Request.
  Time since last request: 3.173083 seconds.
  path: Assets/Animation/Chest/Chest_Green/ChestReward.prefab
  artifactKey: Guid(20afad8f6fc1691498116622a5149ee4) Importer(815301076,1909f56bfc062723c751e8b465ee728b)
Start importing Assets/Animation/Chest/Chest_Green/ChestReward.prefab using Guid(20afad8f6fc1691498116622a5149ee4) Importer(815301076,1909f56bfc062723c751e8b465ee728b) (PreviewImporter) -> (artifact id: '870cb867dced093e88d7edcbf72c218c') in 0.4917159 seconds
Number of updated asset objects reloaded before import = 0Number of asset objects unloaded after import = 5199

========================================================================
Received Import Request.
  Time since last request: 29.415566 seconds.
  path: Assets/Animation/Chest/Chest_Green/ChestReward.prefab
  artifactKey: Guid(20afad8f6fc1691498116622a5149ee4) Importer(815301076,1909f56bfc062723c751e8b465ee728b)
Start importing Assets/Animation/Chest/Chest_Green/ChestReward.prefab using Guid(20afad8f6fc1691498116622a5149ee4) Importer(815301076,1909f56bfc062723c751e8b465ee728b) (PreviewImporter) -> (artifact id: '111a60aecfde92f765221e87a97391ee') in 0.503819 seconds
Number of updated asset objects reloaded before import = 0Number of asset objects unloaded after import = 5199

========================================================================
Received Import Request.
  Time since last request: 5.031705 seconds.
  path: Assets/Animation/Chest/Chest_Green/ChestReward.prefab
  artifactKey: Guid(20afad8f6fc1691498116622a5149ee4) Importer(815301076,1909f56bfc062723c751e8b465ee728b)
Start importing Assets/Animation/Chest/Chest_Green/ChestReward.prefab using Guid(20afad8f6fc1691498116622a5149ee4) Importer(815301076,1909f56bfc062723c751e8b465ee728b) (PreviewImporter) -> (artifact id: '88c3d0697d34b9a489d178fb828dc5c6') in 0.5212955 seconds
Number of updated asset objects reloaded before import = 0Number of asset objects unloaded after import = 5199

========================================================================
Received Import Request.
  Time since last request: 3.013819 seconds.
  path: Assets/Animation/Chest/Chest_Green/ChestReward.prefab
  artifactKey: Guid(20afad8f6fc1691498116622a5149ee4) Importer(815301076,1909f56bfc062723c751e8b465ee728b)
Start importing Assets/Animation/Chest/Chest_Green/ChestReward.prefab using Guid(20afad8f6fc1691498116622a5149ee4) Importer(815301076,1909f56bfc062723c751e8b465ee728b) (PreviewImporter) -> (artifact id: 'fdafa40d11b30d51273537cfb7558b2b') in 0.4903081 seconds
Number of updated asset objects reloaded before import = 0Number of asset objects unloaded after import = 5199

========================================================================
Received Import Request.
  Time since last request: 9.689954 seconds.
  path: Assets/Animation/Chest/Chest_Green/ChestReward.prefab
  artifactKey: Guid(20afad8f6fc1691498116622a5149ee4) Importer(815301076,1909f56bfc062723c751e8b465ee728b)
Start importing Assets/Animation/Chest/Chest_Green/ChestReward.prefab using Guid(20afad8f6fc1691498116622a5149ee4) Importer(815301076,1909f56bfc062723c751e8b465ee728b) (PreviewImporter) -> (artifact id: '81713073bc2efbbca8e31a18368f04a2') in 0.5093025 seconds
Number of updated asset objects reloaded before import = 0Number of asset objects unloaded after import = 5199

========================================================================
Received Import Request.
  Time since last request: 4.200449 seconds.
  path: Assets/Animation/Chest/Chest_Green/ChestReward.prefab
  artifactKey: Guid(20afad8f6fc1691498116622a5149ee4) Importer(815301076,1909f56bfc062723c751e8b465ee728b)
Start importing Assets/Animation/Chest/Chest_Green/ChestReward.prefab using Guid(20afad8f6fc1691498116622a5149ee4) Importer(815301076,1909f56bfc062723c751e8b465ee728b) (PreviewImporter) -> (artifact id: '9fbe64fe5385221e0c56462e194fc5e2') in 0.5423329 seconds
Number of updated asset objects reloaded before import = 0Number of asset objects unloaded after import = 5199

========================================================================
Received Prepare
[Licensing::Client] Successfully resolved entitlement details
Begin MonoManager ReloadAssembly
[Licensing::Client] Successfully resolved entitlement details
Duplicate assembly 'log4net.dll' with different versions detected, using 'Packages/com.unity.package-validation-suite/Lib/Editor/log4net.dll, AssemblyName=log4net, Version=2.0.8.0, Culture=neutral, PublicKeyToken=669e0ddf0bb1aa2a' and ignoring 'Packages/com.unity.collab-proxy/Lib/Editor/log4netPlastic.dll, AssemblyName=log4net, Version=1.2.15.0, Culture=neutral, PublicKeyToken=669e0ddf0bb1aa2a'.Symbol file LoadedFromMemory is not a mono symbol file
- Loaded All Assemblies, in  1.723 seconds
Refreshing native plugins compatible for Editor in 12.61 ms, found 5 plugins.
Native extension for Android target not found
Native extension for WindowsStandalone target not found
[Package Manager] Failed to launch server process. Reason: Unity was launched with the -noUpm command-line argument
[Package Manager] Unable to send message (not connected to server process).
[Package Manager] Cannot connect to Unity Package Manager local server
[Package Manager] Failed to launch server process. Reason: Unity was launched with the -noUpm command-line argument
[Package Manager] Unable to send message (not connected to server process).
[Package Manager] Cannot connect to Unity Package Manager local server
[Package Manager] Failed to launch server process. Reason: Unity was launched with the -noUpm command-line argument
[Package Manager] Unable to send message (not connected to server process).
[Package Manager] Cannot connect to Unity Package Manager local server
ScheduleIndexationOnStartup MainProcess:False IndexOnStartup:True
Mono: successfully reloaded assembly
- Finished resetting the current domain, in  1.289 seconds
Domain Reload Profiling: 3016ms
	BeginReloadAssembly (504ms)
		ExecutionOrderSort (0ms)
		DisableScriptedObjects (82ms)
		BackupInstance (0ms)
		ReleaseScriptingObjects (0ms)
		CreateAndSetChildDomain (140ms)
	RebuildCommonClasses (58ms)
	RebuildNativeTypeToScriptingClass (28ms)
	initialDomainReloadingComplete (45ms)
	LoadAllAssembliesAndSetupDomain (1091ms)
		LoadAssemblies (837ms)
		RebuildTransferFunctionScriptingTraits (0ms)
		AnalyzeDomain (421ms)
			TypeCache.Refresh (13ms)
				TypeCache.ScanAssembly (0ms)
			BuildScriptInfoCaches (382ms)
			ResolveRequiredComponents (21ms)
	FinalizeReload (1290ms)
		ReleaseScriptCaches (0ms)
		RebuildScriptCaches (0ms)
		SetupLoadedEditorAssemblies (1018ms)
			LogAssemblyErrors (0ms)
			InitializePlatformSupportModulesInManaged (12ms)
			SetLoadedEditorAssemblies (12ms)
			BeforeProcessingInitializeOnLoad (246ms)
			ProcessInitializeOnLoadAttributes (509ms)
			ProcessInitializeOnLoadMethodAttributes (235ms)
			AfterProcessingInitializeOnLoad (3ms)
			EditorAssembliesLoaded (1ms)
		ExecutionOrderSort2 (0ms)
		AwakeInstancesAfterBackupRestoration (24ms)
Refreshing native plugins compatible for Editor in 13.09 ms, found 5 plugins.
Preloading 0 native plugins for Editor in 0.00 ms.
Unloading 17 Unused Serialized files (Serialized files now loaded: 0)
Unloading 9100 unused Assets / (5.6 MB). Loaded Objects now: 10385.
Memory consumption went from 180.6 MB to 174.9 MB.
Total: 15.490100 ms (FindLiveObjects: 1.394200 ms CreateObjectMapping: 1.280100 ms MarkObjects: 8.051400 ms  DeleteObjects: 4.762500 ms)

Prepare: number of updated asset objects reloaded= 0
========================================================================
Received Import Request.
  Time since last request: 1929.859612 seconds.
  path: Assets/Animation/Chest/Chest_Green/ChestReward.prefab
  artifactKey: Guid(20afad8f6fc1691498116622a5149ee4) Importer(815301076,1909f56bfc062723c751e8b465ee728b)
Start importing Assets/Animation/Chest/Chest_Green/ChestReward.prefab using Guid(20afad8f6fc1691498116622a5149ee4) Importer(815301076,1909f56bfc062723c751e8b465ee728b) (PreviewImporter) -> (artifact id: '6577aff94a86ed316f785cdf22aa5841') in 1.1724186 seconds
Number of updated asset objects reloaded before import = 0Number of asset objects unloaded after import = 5200

========================================================================
Received Import Request.
  Time since last request: 3.613831 seconds.
  path: Assets/Animation/Chest/Chest_Green/ChestReward.prefab
  artifactKey: Guid(20afad8f6fc1691498116622a5149ee4) Importer(815301076,1909f56bfc062723c751e8b465ee728b)
Start importing Assets/Animation/Chest/Chest_Green/ChestReward.prefab using Guid(20afad8f6fc1691498116622a5149ee4) Importer(815301076,1909f56bfc062723c751e8b465ee728b) (PreviewImporter) -> (artifact id: '88b4307a6eadb204d12530473e89b173') in 0.5435295 seconds
Number of updated asset objects reloaded before import = 0Number of asset objects unloaded after import = 5199

========================================================================
Received Import Request.
  Time since last request: 13.586654 seconds.
  path: Assets/Animation/Chest/Chest_Green/ChestReward.prefab
  artifactKey: Guid(20afad8f6fc1691498116622a5149ee4) Importer(815301076,1909f56bfc062723c751e8b465ee728b)
Start importing Assets/Animation/Chest/Chest_Green/ChestReward.prefab using Guid(20afad8f6fc1691498116622a5149ee4) Importer(815301076,1909f56bfc062723c751e8b465ee728b) (PreviewImporter) -> (artifact id: '90cc7dc8677ad41e97f102ed2d93236f') in 0.4796057 seconds
Number of updated asset objects reloaded before import = 0Number of asset objects unloaded after import = 5199

========================================================================
Received Import Request.
  Time since last request: 6.681850 seconds.
  path: Assets/Animation/Chest/Chest_Green/ChestReward.prefab
  artifactKey: Guid(20afad8f6fc1691498116622a5149ee4) Importer(815301076,1909f56bfc062723c751e8b465ee728b)
Start importing Assets/Animation/Chest/Chest_Green/ChestReward.prefab using Guid(20afad8f6fc1691498116622a5149ee4) Importer(815301076,1909f56bfc062723c751e8b465ee728b) (PreviewImporter) -> (artifact id: '202daaa83c150c116c03a6a690898a00') in 0.4809467 seconds
Number of updated asset objects reloaded before import = 0Number of asset objects unloaded after import = 5199

========================================================================
Received Import Request.
  Time since last request: 7.110475 seconds.
  path: Assets/Animation/Chest/Chest_Green/ChestReward.prefab
  artifactKey: Guid(20afad8f6fc1691498116622a5149ee4) Importer(815301076,1909f56bfc062723c751e8b465ee728b)
Start importing Assets/Animation/Chest/Chest_Green/ChestReward.prefab using Guid(20afad8f6fc1691498116622a5149ee4) Importer(815301076,1909f56bfc062723c751e8b465ee728b) (PreviewImporter) -> (artifact id: 'f98201247dca73258218cfb138142978') in 0.4949996 seconds
Number of updated asset objects reloaded before import = 0Number of asset objects unloaded after import = 5199

========================================================================
Received Import Request.
  Time since last request: 3.486636 seconds.
  path: Assets/Animation/Chest/Chest_Green/ChestReward.prefab
  artifactKey: Guid(20afad8f6fc1691498116622a5149ee4) Importer(815301076,1909f56bfc062723c751e8b465ee728b)
Start importing Assets/Animation/Chest/Chest_Green/ChestReward.prefab using Guid(20afad8f6fc1691498116622a5149ee4) Importer(815301076,1909f56bfc062723c751e8b465ee728b) (PreviewImporter) -> (artifact id: '9ee3a6bf5c1b62306357a83bf3255a70') in 0.5312813 seconds
Number of updated asset objects reloaded before import = 0Number of asset objects unloaded after import = 5199

========================================================================
Received Import Request.
  Time since last request: 2.621221 seconds.
  path: Assets/Animation/Chest/Chest_Green/ChestReward.prefab
  artifactKey: Guid(20afad8f6fc1691498116622a5149ee4) Importer(815301076,1909f56bfc062723c751e8b465ee728b)
Start importing Assets/Animation/Chest/Chest_Green/ChestReward.prefab using Guid(20afad8f6fc1691498116622a5149ee4) Importer(815301076,1909f56bfc062723c751e8b465ee728b) (PreviewImporter) -> (artifact id: '7eafb0f6f1eef524385c2d028f6b8c29') in 0.537195 seconds
Number of updated asset objects reloaded before import = 0Number of asset objects unloaded after import = 5199

========================================================================
Received Prepare
[Licensing::Client] Successfully resolved entitlement details
Begin MonoManager ReloadAssembly
[Licensing::Client] Successfully resolved entitlement details
Duplicate assembly 'log4net.dll' with different versions detected, using 'Packages/com.unity.package-validation-suite/Lib/Editor/log4net.dll, AssemblyName=log4net, Version=2.0.8.0, Culture=neutral, PublicKeyToken=669e0ddf0bb1aa2a' and ignoring 'Packages/com.unity.collab-proxy/Lib/Editor/log4netPlastic.dll, AssemblyName=log4net, Version=1.2.15.0, Culture=neutral, PublicKeyToken=669e0ddf0bb1aa2a'.Symbol file LoadedFromMemory is not a mono symbol file
- Loaded All Assemblies, in  1.743 seconds
Refreshing native plugins compatible for Editor in 12.51 ms, found 5 plugins.
Native extension for Android target not found
Native extension for WindowsStandalone target not found
[Package Manager] Failed to launch server process. Reason: Unity was launched with the -noUpm command-line argument
[Package Manager] Unable to send message (not connected to server process).
[Package Manager] Cannot connect to Unity Package Manager local server
[Package Manager] Failed to launch server process. Reason: Unity was launched with the -noUpm command-line argument
[Package Manager] Unable to send message (not connected to server process).
[Package Manager] Cannot connect to Unity Package Manager local server
[Package Manager] Failed to launch server process. Reason: Unity was launched with the -noUpm command-line argument
[Package Manager] Unable to send message (not connected to server process).
[Package Manager] Cannot connect to Unity Package Manager local server
ScheduleIndexationOnStartup MainProcess:False IndexOnStartup:True
Mono: successfully reloaded assembly
- Finished resetting the current domain, in  1.300 seconds
Domain Reload Profiling: 3045ms
	BeginReloadAssembly (525ms)
		ExecutionOrderSort (0ms)
		DisableScriptedObjects (66ms)
		BackupInstance (0ms)
		ReleaseScriptingObjects (0ms)
		CreateAndSetChildDomain (85ms)
	RebuildCommonClasses (72ms)
	RebuildNativeTypeToScriptingClass (27ms)
	initialDomainReloadingComplete (57ms)
	LoadAllAssembliesAndSetupDomain (1064ms)
		LoadAssemblies (910ms)
		RebuildTransferFunctionScriptingTraits (0ms)
		AnalyzeDomain (420ms)
			TypeCache.Refresh (13ms)
				TypeCache.ScanAssembly (0ms)
			BuildScriptInfoCaches (382ms)
			ResolveRequiredComponents (20ms)
	FinalizeReload (1301ms)
		ReleaseScriptCaches (0ms)
		RebuildScriptCaches (0ms)
		SetupLoadedEditorAssemblies (1023ms)
			LogAssemblyErrors (0ms)
			InitializePlatformSupportModulesInManaged (12ms)
			SetLoadedEditorAssemblies (7ms)
			BeforeProcessingInitializeOnLoad (254ms)
			ProcessInitializeOnLoadAttributes (507ms)
			ProcessInitializeOnLoadMethodAttributes (239ms)
			AfterProcessingInitializeOnLoad (4ms)
			EditorAssembliesLoaded (1ms)
		ExecutionOrderSort2 (0ms)
		AwakeInstancesAfterBackupRestoration (26ms)
Refreshing native plugins compatible for Editor in 11.94 ms, found 5 plugins.
Preloading 0 native plugins for Editor in 0.00 ms.
Unloading 17 Unused Serialized files (Serialized files now loaded: 0)
Unloading 9100 unused Assets / (6.4 MB). Loaded Objects now: 10411.
Memory consumption went from 180.6 MB to 174.2 MB.
Total: 19.295600 ms (FindLiveObjects: 1.590500 ms CreateObjectMapping: 1.478500 ms MarkObjects: 9.520600 ms  DeleteObjects: 6.704400 ms)

Prepare: number of updated asset objects reloaded= 0
========================================================================
Received Import Request.
  Time since last request: 33.404108 seconds.
  path: Assets/Animation/Chest/Chest_Green/ChestReward.prefab
  artifactKey: Guid(20afad8f6fc1691498116622a5149ee4) Importer(815301076,1909f56bfc062723c751e8b465ee728b)
Start importing Assets/Animation/Chest/Chest_Green/ChestReward.prefab using Guid(20afad8f6fc1691498116622a5149ee4) Importer(815301076,1909f56bfc062723c751e8b465ee728b) (PreviewImporter) -> (artifact id: '869e3dca2899ec1a123a0b7e53460851') in 1.0832637 seconds
Number of updated asset objects reloaded before import = 0Number of asset objects unloaded after import = 5200

========================================================================
Received Import Request.
  Time since last request: 5.504586 seconds.
  path: Assets/Animation/Chest/Chest_Green/ChestReward.prefab
  artifactKey: Guid(20afad8f6fc1691498116622a5149ee4) Importer(815301076,1909f56bfc062723c751e8b465ee728b)
Start importing Assets/Animation/Chest/Chest_Green/ChestReward.prefab using Guid(20afad8f6fc1691498116622a5149ee4) Importer(815301076,1909f56bfc062723c751e8b465ee728b) (PreviewImporter) -> (artifact id: '71bef6ee29bc520d55381a11ff976599') in 0.5057513 seconds
Number of updated asset objects reloaded before import = 0Number of asset objects unloaded after import = 5199

========================================================================
Received Import Request.
  Time since last request: 1.951109 seconds.
  path: Assets/Animation/Chest/Chest_Green/ChestReward.prefab
  artifactKey: Guid(20afad8f6fc1691498116622a5149ee4) Importer(815301076,1909f56bfc062723c751e8b465ee728b)
Start importing Assets/Animation/Chest/Chest_Green/ChestReward.prefab using Guid(20afad8f6fc1691498116622a5149ee4) Importer(815301076,1909f56bfc062723c751e8b465ee728b) (PreviewImporter) -> (artifact id: 'eeb9324d94899be9e8f364befb3879a1') in 0.5215065 seconds
Number of updated asset objects reloaded before import = 0Number of asset objects unloaded after import = 5199

========================================================================
Received Import Request.
  Time since last request: 7.595457 seconds.
  path: Assets/Animation/Chest/Chest_Green/ChestReward.prefab
  artifactKey: Guid(20afad8f6fc1691498116622a5149ee4) Importer(815301076,1909f56bfc062723c751e8b465ee728b)
Start importing Assets/Animation/Chest/Chest_Green/ChestReward.prefab using Guid(20afad8f6fc1691498116622a5149ee4) Importer(815301076,1909f56bfc062723c751e8b465ee728b) (PreviewImporter) -> (artifact id: '305eecb1bad64fc6f3263d2865cff987') in 0.4983456 seconds
Number of updated asset objects reloaded before import = 0Number of asset objects unloaded after import = 5199

========================================================================
Received Import Request.
  Time since last request: 1.475834 seconds.
  path: Assets/Animation/Chest/Chest_Green/ChestReward.prefab
  artifactKey: Guid(20afad8f6fc1691498116622a5149ee4) Importer(815301076,1909f56bfc062723c751e8b465ee728b)
Start importing Assets/Animation/Chest/Chest_Green/ChestReward.prefab using Guid(20afad8f6fc1691498116622a5149ee4) Importer(815301076,1909f56bfc062723c751e8b465ee728b) (PreviewImporter) -> (artifact id: '194d7e11c7f2d84403cf3e3fd282a141') in 0.5494381 seconds
Number of updated asset objects reloaded before import = 0Number of asset objects unloaded after import = 5199

========================================================================
Received Prepare
Begin MonoManager ReloadAssembly
Duplicate assembly 'log4net.dll' with different versions detected, using 'Packages/com.unity.package-validation-suite/Lib/Editor/log4net.dll, AssemblyName=log4net, Version=2.0.8.0, Culture=neutral, PublicKeyToken=669e0ddf0bb1aa2a' and ignoring 'Packages/com.unity.collab-proxy/Lib/Editor/log4netPlastic.dll, AssemblyName=log4net, Version=1.2.15.0, Culture=neutral, PublicKeyToken=669e0ddf0bb1aa2a'.Symbol file LoadedFromMemory is not a mono symbol file
- Loaded All Assemblies, in  1.333 seconds
Refreshing native plugins compatible for Editor in 11.72 ms, found 5 plugins.
Native extension for Android target not found
Native extension for WindowsStandalone target not found
[Package Manager] Failed to launch server process. Reason: Unity was launched with the -noUpm command-line argument
[Package Manager] Unable to send message (not connected to server process).
[Package Manager] Cannot connect to Unity Package Manager local server
[Package Manager] Failed to launch server process. Reason: Unity was launched with the -noUpm command-line argument
[Package Manager] Unable to send message (not connected to server process).
[Package Manager] Cannot connect to Unity Package Manager local server
[Package Manager] Failed to launch server process. Reason: Unity was launched with the -noUpm command-line argument
[Package Manager] Unable to send message (not connected to server process).
[Package Manager] Cannot connect to Unity Package Manager local server
ScheduleIndexationOnStartup MainProcess:False IndexOnStartup:True
Mono: successfully reloaded assembly
- Finished resetting the current domain, in  1.262 seconds
Domain Reload Profiling: 2599ms
	BeginReloadAssembly (363ms)
		ExecutionOrderSort (0ms)
		DisableScriptedObjects (42ms)
		BackupInstance (0ms)
		ReleaseScriptingObjects (0ms)
		CreateAndSetChildDomain (81ms)
	RebuildCommonClasses (62ms)
	RebuildNativeTypeToScriptingClass (24ms)
	initialDomainReloadingComplete (40ms)
	LoadAllAssembliesAndSetupDomain (847ms)
		LoadAssemblies (609ms)
		RebuildTransferFunctionScriptingTraits (0ms)
		AnalyzeDomain (384ms)
			TypeCache.Refresh (11ms)
				TypeCache.ScanAssembly (0ms)
			BuildScriptInfoCaches (347ms)
			ResolveRequiredComponents (20ms)
	FinalizeReload (1263ms)
		ReleaseScriptCaches (0ms)
		RebuildScriptCaches (0ms)
		SetupLoadedEditorAssemblies (1001ms)
			LogAssemblyErrors (0ms)
			InitializePlatformSupportModulesInManaged (11ms)
			SetLoadedEditorAssemblies (7ms)
			BeforeProcessingInitializeOnLoad (250ms)
			ProcessInitializeOnLoadAttributes (508ms)
			ProcessInitializeOnLoadMethodAttributes (221ms)
			AfterProcessingInitializeOnLoad (4ms)
			EditorAssembliesLoaded (1ms)
		ExecutionOrderSort2 (0ms)
		AwakeInstancesAfterBackupRestoration (22ms)
Refreshing native plugins compatible for Editor in 11.64 ms, found 5 plugins.
Preloading 0 native plugins for Editor in 0.00 ms.
Unloading 17 Unused Serialized files (Serialized files now loaded: 0)
Unloading 9100 unused Assets / (6.1 MB). Loaded Objects now: 10437.
Memory consumption went from 180.7 MB to 174.6 MB.
Total: 15.481800 ms (FindLiveObjects: 1.429300 ms CreateObjectMapping: 1.128400 ms MarkObjects: 7.508500 ms  DeleteObjects: 5.413700 ms)

Prepare: number of updated asset objects reloaded= 0
========================================================================
Received Import Request.
  Time since last request: 33.103736 seconds.
  path: Assets/Animation/Chest/Chest_Green/ChestReward.prefab
  artifactKey: Guid(20afad8f6fc1691498116622a5149ee4) Importer(815301076,1909f56bfc062723c751e8b465ee728b)
Start importing Assets/Animation/Chest/Chest_Green/ChestReward.prefab using Guid(20afad8f6fc1691498116622a5149ee4) Importer(815301076,1909f56bfc062723c751e8b465ee728b) (PreviewImporter) -> (artifact id: 'ec695f47d046206863aec397e5a1aea4') in 1.0667582 seconds
Number of updated asset objects reloaded before import = 0Number of asset objects unloaded after import = 5200

========================================================================
Received Import Request.
  Time since last request: 2.851830 seconds.
  path: Assets/Animation/Chest/Chest_Green/ChestReward.prefab
  artifactKey: Guid(20afad8f6fc1691498116622a5149ee4) Importer(815301076,1909f56bfc062723c751e8b465ee728b)
Start importing Assets/Animation/Chest/Chest_Green/ChestReward.prefab using Guid(20afad8f6fc1691498116622a5149ee4) Importer(815301076,1909f56bfc062723c751e8b465ee728b) (PreviewImporter) -> (artifact id: '54312828b1f6933a867bbac5a10a3a05') in 0.5309807 seconds
Number of updated asset objects reloaded before import = 0Number of asset objects unloaded after import = 5199

========================================================================
Received Import Request.
  Time since last request: 0.576111 seconds.
  path: Assets/Animation/Chest/Chest_Green/ChestReward.prefab
  artifactKey: Guid(20afad8f6fc1691498116622a5149ee4) Importer(815301076,1909f56bfc062723c751e8b465ee728b)
Start importing Assets/Animation/Chest/Chest_Green/ChestReward.prefab using Guid(20afad8f6fc1691498116622a5149ee4) Importer(815301076,1909f56bfc062723c751e8b465ee728b) (PreviewImporter) -> (artifact id: 'bbaaa24203b1620105e619de563cb3ca') in 0.5003474 seconds
Number of updated asset objects reloaded before import = 0Number of asset objects unloaded after import = 5199

========================================================================
Received Import Request.
  Time since last request: 2.814953 seconds.
  path: Assets/Animation/Chest/Chest_Green/ChestReward.prefab
  artifactKey: Guid(20afad8f6fc1691498116622a5149ee4) Importer(815301076,1909f56bfc062723c751e8b465ee728b)
Start importing Assets/Animation/Chest/Chest_Green/ChestReward.prefab using Guid(20afad8f6fc1691498116622a5149ee4) Importer(815301076,1909f56bfc062723c751e8b465ee728b) (PreviewImporter) -> (artifact id: '9a2701aab66080ac084e67872ef7465d') in 0.543205 seconds
Number of updated asset objects reloaded before import = 0Number of asset objects unloaded after import = 5199

========================================================================
Received Import Request.
  Time since last request: 13.279450 seconds.
  path: Assets/Animation/Chest/Chest_Green/ChestReward.prefab
  artifactKey: Guid(20afad8f6fc1691498116622a5149ee4) Importer(815301076,1909f56bfc062723c751e8b465ee728b)
Start importing Assets/Animation/Chest/Chest_Green/ChestReward.prefab using Guid(20afad8f6fc1691498116622a5149ee4) Importer(815301076,1909f56bfc062723c751e8b465ee728b) (PreviewImporter) -> (artifact id: '54fa99360f397ce7654c0a3f941f051c') in 0.5165261 seconds
Number of updated asset objects reloaded before import = 0Number of asset objects unloaded after import = 5199

========================================================================
Received Import Request.
  Time since last request: 1.546693 seconds.
  path: Assets/Animation/Chest/Chest_Green/ChestReward.prefab
  artifactKey: Guid(20afad8f6fc1691498116622a5149ee4) Importer(815301076,1909f56bfc062723c751e8b465ee728b)
Start importing Assets/Animation/Chest/Chest_Green/ChestReward.prefab using Guid(20afad8f6fc1691498116622a5149ee4) Importer(815301076,1909f56bfc062723c751e8b465ee728b) (PreviewImporter) -> (artifact id: 'a8c0eca066b1174be6fd968db7530e3f') in 0.4955664 seconds
Number of updated asset objects reloaded before import = 0Number of asset objects unloaded after import = 5199

========================================================================
Received Import Request.
  Time since last request: 1.166175 seconds.
  path: Assets/Animation/Chest/Chest_Green/ChestReward.prefab
  artifactKey: Guid(20afad8f6fc1691498116622a5149ee4) Importer(815301076,1909f56bfc062723c751e8b465ee728b)
Start importing Assets/Animation/Chest/Chest_Green/ChestReward.prefab using Guid(20afad8f6fc1691498116622a5149ee4) Importer(815301076,1909f56bfc062723c751e8b465ee728b) (PreviewImporter) -> (artifact id: '6b56b9a0de5fa0ecc7711cb46418b2ca') in 0.5267578 seconds
Number of updated asset objects reloaded before import = 0Number of asset objects unloaded after import = 5199

========================================================================
Received Prepare
[Licensing::Client] Successfully resolved entitlement details
Begin MonoManager ReloadAssembly
[Licensing::Client] Successfully resolved entitlement details
Duplicate assembly 'log4net.dll' with different versions detected, using 'Packages/com.unity.package-validation-suite/Lib/Editor/log4net.dll, AssemblyName=log4net, Version=2.0.8.0, Culture=neutral, PublicKeyToken=669e0ddf0bb1aa2a' and ignoring 'Packages/com.unity.collab-proxy/Lib/Editor/log4netPlastic.dll, AssemblyName=log4net, Version=1.2.15.0, Culture=neutral, PublicKeyToken=669e0ddf0bb1aa2a'.Symbol file LoadedFromMemory is not a mono symbol file
- Loaded All Assemblies, in  1.319 seconds
Refreshing native plugins compatible for Editor in 11.97 ms, found 5 plugins.
Native extension for Android target not found
Native extension for WindowsStandalone target not found
[Package Manager] Failed to launch server process. Reason: Unity was launched with the -noUpm command-line argument
[Package Manager] Unable to send message (not connected to server process).
[Package Manager] Cannot connect to Unity Package Manager local server
[Package Manager] Failed to launch server process. Reason: Unity was launched with the -noUpm command-line argument
[Package Manager] Unable to send message (not connected to server process).
[Package Manager] Cannot connect to Unity Package Manager local server
[Package Manager] Failed to launch server process. Reason: Unity was launched with the -noUpm command-line argument
[Package Manager] Unable to send message (not connected to server process).
[Package Manager] Cannot connect to Unity Package Manager local server
ScheduleIndexationOnStartup MainProcess:False IndexOnStartup:True
Mono: successfully reloaded assembly
- Finished resetting the current domain, in  1.271 seconds
Domain Reload Profiling: 2593ms
	BeginReloadAssembly (349ms)
		ExecutionOrderSort (0ms)
		DisableScriptedObjects (50ms)
		BackupInstance (0ms)
		ReleaseScriptingObjects (0ms)
		CreateAndSetChildDomain (78ms)
	RebuildCommonClasses (57ms)
	RebuildNativeTypeToScriptingClass (22ms)
	initialDomainReloadingComplete (38ms)
	LoadAllAssembliesAndSetupDomain (856ms)
		LoadAssemblies (633ms)
		RebuildTransferFunctionScriptingTraits (0ms)
		AnalyzeDomain (364ms)
			TypeCache.Refresh (10ms)
				TypeCache.ScanAssembly (0ms)
			BuildScriptInfoCaches (329ms)
			ResolveRequiredComponents (20ms)
	FinalizeReload (1271ms)
		ReleaseScriptCaches (0ms)
		RebuildScriptCaches (0ms)
		SetupLoadedEditorAssemblies (978ms)
			LogAssemblyErrors (0ms)
			InitializePlatformSupportModulesInManaged (17ms)
			SetLoadedEditorAssemblies (9ms)
			BeforeProcessingInitializeOnLoad (225ms)
			ProcessInitializeOnLoadAttributes (497ms)
			ProcessInitializeOnLoadMethodAttributes (226ms)
			AfterProcessingInitializeOnLoad (3ms)
			EditorAssembliesLoaded (1ms)
		ExecutionOrderSort2 (0ms)
		AwakeInstancesAfterBackupRestoration (29ms)
Refreshing native plugins compatible for Editor in 10.89 ms, found 5 plugins.
Preloading 0 native plugins for Editor in 0.00 ms.
Unloading 17 Unused Serialized files (Serialized files now loaded: 0)
Unloading 9100 unused Assets / (5.5 MB). Loaded Objects now: 10463.
Memory consumption went from 180.7 MB to 175.2 MB.
Total: 16.004800 ms (FindLiveObjects: 1.518900 ms CreateObjectMapping: 1.945800 ms MarkObjects: 8.027000 ms  DeleteObjects: 4.511500 ms)

Prepare: number of updated asset objects reloaded= 0
========================================================================
Received Prepare
Begin MonoManager ReloadAssembly
Duplicate assembly 'log4net.dll' with different versions detected, using 'Packages/com.unity.package-validation-suite/Lib/Editor/log4net.dll, AssemblyName=log4net, Version=2.0.8.0, Culture=neutral, PublicKeyToken=669e0ddf0bb1aa2a' and ignoring 'Packages/com.unity.collab-proxy/Lib/Editor/log4netPlastic.dll, AssemblyName=log4net, Version=1.2.15.0, Culture=neutral, PublicKeyToken=669e0ddf0bb1aa2a'.Symbol file LoadedFromMemory is not a mono symbol file
- Loaded All Assemblies, in  1.355 seconds
Refreshing native plugins compatible for Editor in 11.72 ms, found 5 plugins.
Native extension for Android target not found
Native extension for WindowsStandalone target not found
[Package Manager] Failed to launch server process. Reason: Unity was launched with the -noUpm command-line argument
[Package Manager] Unable to send message (not connected to server process).
[Package Manager] Cannot connect to Unity Package Manager local server
[Package Manager] Failed to launch server process. Reason: Unity was launched with the -noUpm command-line argument
[Package Manager] Unable to send message (not connected to server process).
[Package Manager] Cannot connect to Unity Package Manager local server
[Package Manager] Failed to launch server process. Reason: Unity was launched with the -noUpm command-line argument
[Package Manager] Unable to send message (not connected to server process).
[Package Manager] Cannot connect to Unity Package Manager local server
ScheduleIndexationOnStartup MainProcess:False IndexOnStartup:True
Mono: successfully reloaded assembly
- Finished resetting the current domain, in  1.349 seconds
Domain Reload Profiling: 2708ms
	BeginReloadAssembly (353ms)
		ExecutionOrderSort (0ms)
		DisableScriptedObjects (23ms)
		BackupInstance (0ms)
		ReleaseScriptingObjects (0ms)
		CreateAndSetChildDomain (84ms)
	RebuildCommonClasses (54ms)
	RebuildNativeTypeToScriptingClass (23ms)
	initialDomainReloadingComplete (45ms)
	LoadAllAssembliesAndSetupDomain (882ms)
		LoadAssemblies (649ms)
		RebuildTransferFunctionScriptingTraits (0ms)
		AnalyzeDomain (389ms)
			TypeCache.Refresh (10ms)
				TypeCache.ScanAssembly (0ms)
			BuildScriptInfoCaches (353ms)
			ResolveRequiredComponents (20ms)
	FinalizeReload (1350ms)
		ReleaseScriptCaches (0ms)
		RebuildScriptCaches (0ms)
		SetupLoadedEditorAssemblies (1081ms)
			LogAssemblyErrors (0ms)
			InitializePlatformSupportModulesInManaged (12ms)
			SetLoadedEditorAssemblies (10ms)
			BeforeProcessingInitializeOnLoad (261ms)
			ProcessInitializeOnLoadAttributes (543ms)
			ProcessInitializeOnLoadMethodAttributes (250ms)
			AfterProcessingInitializeOnLoad (4ms)
			EditorAssembliesLoaded (1ms)
		ExecutionOrderSort2 (0ms)
		AwakeInstancesAfterBackupRestoration (28ms)
Refreshing native plugins compatible for Editor in 12.72 ms, found 5 plugins.
Preloading 0 native plugins for Editor in 0.00 ms.
Unloading 17 Unused Serialized files (Serialized files now loaded: 0)
Unloading 9099 unused Assets / (5.4 MB). Loaded Objects now: 10469.
Memory consumption went from 180.6 MB to 175.1 MB.
Total: 15.587400 ms (FindLiveObjects: 1.433100 ms CreateObjectMapping: 1.217000 ms MarkObjects: 8.151900 ms  DeleteObjects: 4.784000 ms)

Prepare: number of updated asset objects reloaded= 0
========================================================================
Received Import Request.
  Time since last request: 37.378018 seconds.
  path: Assets/Animation/Chest/Chest_Green/ChestReward.prefab
  artifactKey: Guid(20afad8f6fc1691498116622a5149ee4) Importer(815301076,1909f56bfc062723c751e8b465ee728b)
Start importing Assets/Animation/Chest/Chest_Green/ChestReward.prefab using Guid(20afad8f6fc1691498116622a5149ee4) Importer(815301076,1909f56bfc062723c751e8b465ee728b) (PreviewImporter) -> (artifact id: '553acc09f4c1e584a142d3180b9608e2') in 1.5457405 seconds
Number of updated asset objects reloaded before import = 0Number of asset objects unloaded after import = 5200

========================================================================
Received Prepare
[Licensing::Client] Successfully resolved entitlement details
Begin MonoManager ReloadAssembly
[Licensing::Client] Successfully resolved entitlement details
Duplicate assembly 'log4net.dll' with different versions detected, using 'Packages/com.unity.package-validation-suite/Lib/Editor/log4net.dll, AssemblyName=log4net, Version=2.0.8.0, Culture=neutral, PublicKeyToken=669e0ddf0bb1aa2a' and ignoring 'Packages/com.unity.collab-proxy/Lib/Editor/log4netPlastic.dll, AssemblyName=log4net, Version=1.2.15.0, Culture=neutral, PublicKeyToken=669e0ddf0bb1aa2a'.Symbol file LoadedFromMemory is not a mono symbol file
- Loaded All Assemblies, in  1.348 seconds
Refreshing native plugins compatible for Editor in 11.93 ms, found 5 plugins.
Native extension for Android target not found
Native extension for WindowsStandalone target not found
[Package Manager] Failed to launch server process. Reason: Unity was launched with the -noUpm command-line argument
[Package Manager] Unable to send message (not connected to server process).
[Package Manager] Cannot connect to Unity Package Manager local server
[Package Manager] Failed to launch server process. Reason: Unity was launched with the -noUpm command-line argument
[Package Manager] Unable to send message (not connected to server process).
[Package Manager] Cannot connect to Unity Package Manager local server
[Package Manager] Failed to launch server process. Reason: Unity was launched with the -noUpm command-line argument
[Package Manager] Unable to send message (not connected to server process).
[Package Manager] Cannot connect to Unity Package Manager local server
ScheduleIndexationOnStartup MainProcess:False IndexOnStartup:True
Mono: successfully reloaded assembly
- Finished resetting the current domain, in  1.313 seconds
Domain Reload Profiling: 2665ms
	BeginReloadAssembly (373ms)
		ExecutionOrderSort (0ms)
		DisableScriptedObjects (45ms)
		BackupInstance (0ms)
		ReleaseScriptingObjects (0ms)
		CreateAndSetChildDomain (95ms)
	RebuildCommonClasses (53ms)
	RebuildNativeTypeToScriptingClass (22ms)
	initialDomainReloadingComplete (39ms)
	LoadAllAssembliesAndSetupDomain (865ms)
		LoadAssemblies (632ms)
		RebuildTransferFunctionScriptingTraits (0ms)
		AnalyzeDomain (381ms)
			TypeCache.Refresh (9ms)
				TypeCache.ScanAssembly (0ms)
			BuildScriptInfoCaches (344ms)
			ResolveRequiredComponents (21ms)
	FinalizeReload (1314ms)
		ReleaseScriptCaches (0ms)
		RebuildScriptCaches (0ms)
		SetupLoadedEditorAssemblies (1035ms)
			LogAssemblyErrors (0ms)
			InitializePlatformSupportModulesInManaged (11ms)
			SetLoadedEditorAssemblies (7ms)
			BeforeProcessingInitializeOnLoad (248ms)
			ProcessInitializeOnLoadAttributes (517ms)
			ProcessInitializeOnLoadMethodAttributes (248ms)
			AfterProcessingInitializeOnLoad (4ms)
			EditorAssembliesLoaded (1ms)
		ExecutionOrderSort2 (0ms)
		AwakeInstancesAfterBackupRestoration (22ms)
Refreshing native plugins compatible for Editor in 12.41 ms, found 5 plugins.
Preloading 0 native plugins for Editor in 0.00 ms.
Unloading 17 Unused Serialized files (Serialized files now loaded: 0)
Unloading 9100 unused Assets / (5.5 MB). Loaded Objects now: 10495.
Memory consumption went from 180.8 MB to 175.3 MB.
Total: 16.656100 ms (FindLiveObjects: 1.642200 ms CreateObjectMapping: 1.331300 ms MarkObjects: 8.169100 ms  DeleteObjects: 5.512000 ms)

Prepare: number of updated asset objects reloaded= 0
========================================================================
Received Import Request.
  Time since last request: 170.669236 seconds.
  path: Assets/Animation/Chest/Chest_Green/Chest_Test.png
  artifactKey: Guid(b5c164b7dcb729b4bac2a5a032ced9db) Importer(2089858483,b0f066a214c2f5e87bad3c948f4d605d)
Start importing Assets/Animation/Chest/Chest_Green/Chest_Test.png using Guid(b5c164b7dcb729b4bac2a5a032ced9db) Importer(2089858483,b0f066a214c2f5e87bad3c948f4d605d) (ScriptedImporter) -> (artifact id: '99ee38615d6c2ec8f4c8ab468c91604e') in 0.2447443 seconds
Number of updated asset objects reloaded before import = 0Number of asset objects unloaded after import = 10

========================================================================
Received Import Request.
  Time since last request: 0.000035 seconds.
  path: Assets/Prefabs/FireCamp.prefab
  artifactKey: Guid(122ddcf3bf037414a940441d14936196) Importer(2089858483,b0f066a214c2f5e87bad3c948f4d605d)
Start importing Assets/Prefabs/FireCamp.prefab using Guid(122ddcf3bf037414a940441d14936196) Importer(2089858483,b0f066a214c2f5e87bad3c948f4d605d) (ScriptedImporter) -> (artifact id: '5ea3f6339272fb3bce6aa5a481519e55') in 0.129263 seconds
Number of updated asset objects reloaded before import = 0Number of asset objects unloaded after import = 20

========================================================================
Received Import Request.
  Time since last request: 24.920987 seconds.
  path: Assets/Animation/Chest/Chest_Green/Chest_Test 1.png
  artifactKey: Guid(8ce16f91db6f3c648886d5e374277503) Importer(815301076,1909f56bfc062723c751e8b465ee728b)
Start importing Assets/Animation/Chest/Chest_Green/Chest_Test 1.png using Guid(8ce16f91db6f3c648886d5e374277503) Importer(815301076,1909f56bfc062723c751e8b465ee728b) (PreviewImporter) -> (artifact id: '2254745e1b4b1b56b3feb33fb3991eff') in 0.1033767 seconds
Number of updated asset objects reloaded before import = 0Number of asset objects unloaded after import = 10

========================================================================
Received Import Request.
  Time since last request: 0.759212 seconds.
  path: Assets/Animation/Chest/Chest_Green/Chest_Test 1.png
  artifactKey: Guid(8ce16f91db6f3c648886d5e374277503) Importer(2089858483,b0f066a214c2f5e87bad3c948f4d605d)
Start importing Assets/Animation/Chest/Chest_Green/Chest_Test 1.png using Guid(8ce16f91db6f3c648886d5e374277503) Importer(2089858483,b0f066a214c2f5e87bad3c948f4d605d) (ScriptedImporter) -> (artifact id: '08656a209f36e5f05e674020a8021ab6') in 0.027884 seconds
Number of updated asset objects reloaded before import = 0Number of asset objects unloaded after import = 10

========================================================================
Received Import Request.
  Time since last request: 13.661597 seconds.
  path: Assets/Animation/Chest/Chest_Green/ChestReward.prefab
  artifactKey: Guid(20afad8f6fc1691498116622a5149ee4) Importer(815301076,1909f56bfc062723c751e8b465ee728b)
Start importing Assets/Animation/Chest/Chest_Green/ChestReward.prefab using Guid(20afad8f6fc1691498116622a5149ee4) Importer(815301076,1909f56bfc062723c751e8b465ee728b) (PreviewImporter) -> (artifact id: '705bddb68e0451da6ec23659945c7e2a') in 0.02118 seconds
Number of updated asset objects reloaded before import = 0Number of asset objects unloaded after import = 17

========================================================================
Received Import Request.
  Time since last request: 5.120167 seconds.
  path: Assets/Animation/Chest/Chest_Green/Chest_Test.png
  artifactKey: Guid(8ce16f91db6f3c648886d5e374277503) Importer(815301076,1909f56bfc062723c751e8b465ee728b)
Start importing Assets/Animation/Chest/Chest_Green/Chest_Test.png using Guid(8ce16f91db6f3c648886d5e374277503) Importer(815301076,1909f56bfc062723c751e8b465ee728b) (PreviewImporter) -> (artifact id: '53035e7c120698d704713ad485c766f9') in 0.0453927 seconds
Number of updated asset objects reloaded before import = 0Number of asset objects unloaded after import = 10

========================================================================
Received Import Request.
  Time since last request: 0.787417 seconds.
  path: Assets/Animation/Chest/Chest_Green/Chest_Test.png
  artifactKey: Guid(8ce16f91db6f3c648886d5e374277503) Importer(2089858483,b0f066a214c2f5e87bad3c948f4d605d)
Start importing Assets/Animation/Chest/Chest_Green/Chest_Test.png using Guid(8ce16f91db6f3c648886d5e374277503) Importer(2089858483,b0f066a214c2f5e87bad3c948f4d605d) (ScriptedImporter) -> (artifact id: '9a09a42df3257d542360d48b4cf5d54c') in 0.022071 seconds
Number of updated asset objects reloaded before import = 0Number of asset objects unloaded after import = 10

========================================================================
Received Import Request.
  Time since last request: 11.728056 seconds.
  path: Assets/Animation/Chest/Chest_Green/Chest_Test.png
  artifactKey: Guid(8ce16f91db6f3c648886d5e374277503) Importer(815301076,1909f56bfc062723c751e8b465ee728b)
Start importing Assets/Animation/Chest/Chest_Green/Chest_Test.png using Guid(8ce16f91db6f3c648886d5e374277503) Importer(815301076,1909f56bfc062723c751e8b465ee728b) (PreviewImporter) -> (artifact id: '21177ebc897f3ac7684816470633e95c') in 0.0314802 seconds
Number of updated asset objects reloaded before import = 0Number of asset objects unloaded after import = 10

========================================================================
Received Import Request.
  Time since last request: 0.849959 seconds.
  path: Assets/Animation/Chest/Chest_Green/Chest_Test.png
  artifactKey: Guid(8ce16f91db6f3c648886d5e374277503) Importer(2089858483,b0f066a214c2f5e87bad3c948f4d605d)
Start importing Assets/Animation/Chest/Chest_Green/Chest_Test.png using Guid(8ce16f91db6f3c648886d5e374277503) Importer(2089858483,b0f066a214c2f5e87bad3c948f4d605d) (ScriptedImporter) -> (artifact id: 'e4f50f1301d3a755dfef4f859714393b') in 0.0216815 seconds
Number of updated asset objects reloaded before import = 0Number of asset objects unloaded after import = 10

========================================================================
Received Import Request.
  Time since last request: 80.295031 seconds.
  path: Assets/Animation/Chest/Chest_Green/Chest_Test.png
  artifactKey: Guid(8ce16f91db6f3c648886d5e374277503) Importer(815301076,1909f56bfc062723c751e8b465ee728b)
Start importing Assets/Animation/Chest/Chest_Green/Chest_Test.png using Guid(8ce16f91db6f3c648886d5e374277503) Importer(815301076,1909f56bfc062723c751e8b465ee728b) (PreviewImporter) -> (artifact id: 'd331baeae3b61650f09a3c8fbd46a49a') in 0.0301241 seconds
Number of updated asset objects reloaded before import = 0Number of asset objects unloaded after import = 10

========================================================================
Received Import Request.
  Time since last request: 0.693620 seconds.
  path: Assets/Animation/Chest/Chest_Green/Chest_Test.png
  artifactKey: Guid(8ce16f91db6f3c648886d5e374277503) Importer(2089858483,b0f066a214c2f5e87bad3c948f4d605d)
Start importing Assets/Animation/Chest/Chest_Green/Chest_Test.png using Guid(8ce16f91db6f3c648886d5e374277503) Importer(2089858483,b0f066a214c2f5e87bad3c948f4d605d) (ScriptedImporter) -> (artifact id: 'f0addaaa4797b565571f73ff75c298ae') in 0.0272409 seconds
Number of updated asset objects reloaded before import = 0Number of asset objects unloaded after import = 10

========================================================================
Received Import Request.
  Time since last request: 39.875825 seconds.
  path: Assets/Animation/Chest/Chest_Green/Chest_Idle.anim
  artifactKey: Guid(31c765aa5b07181469bd862e13d7bbfe) Importer(2089858483,b0f066a214c2f5e87bad3c948f4d605d)
Start importing Assets/Animation/Chest/Chest_Green/Chest_Idle.anim using Guid(31c765aa5b07181469bd862e13d7bbfe) Importer(2089858483,b0f066a214c2f5e87bad3c948f4d605d) (ScriptedImporter) -> (artifact id: '188b880f3151587b606cc126a52da4b9') in 0.0229692 seconds
Number of updated asset objects reloaded before import = 0Number of asset objects unloaded after import = 1

========================================================================
Received Import Request.
  Time since last request: 2.645853 seconds.
  path: Assets/Animation/Chest/Chest_Green/ChestReward.prefab
  artifactKey: Guid(20afad8f6fc1691498116622a5149ee4) Importer(815301076,1909f56bfc062723c751e8b465ee728b)
Start importing Assets/Animation/Chest/Chest_Green/ChestReward.prefab using Guid(20afad8f6fc1691498116622a5149ee4) Importer(815301076,1909f56bfc062723c751e8b465ee728b) (PreviewImporter) -> (artifact id: '22897930bce882c98e36cd3cd354bbf7') in 0.9374874 seconds
Number of updated asset objects reloaded before import = 0Number of asset objects unloaded after import = 5199

========================================================================
Received Prepare
[Licensing::Client] Successfully resolved entitlement details
Begin MonoManager ReloadAssembly
[Licensing::Client] Successfully resolved entitlement details
Duplicate assembly 'log4net.dll' with different versions detected, using 'Packages/com.unity.package-validation-suite/Lib/Editor/log4net.dll, AssemblyName=log4net, Version=2.0.8.0, Culture=neutral, PublicKeyToken=669e0ddf0bb1aa2a' and ignoring 'Packages/com.unity.collab-proxy/Lib/Editor/log4netPlastic.dll, AssemblyName=log4net, Version=1.2.15.0, Culture=neutral, PublicKeyToken=669e0ddf0bb1aa2a'.Symbol file LoadedFromMemory is not a mono symbol file
- Loaded All Assemblies, in  1.385 seconds
Refreshing native plugins compatible for Editor in 15.05 ms, found 5 plugins.
Native extension for Android target not found
Native extension for WindowsStandalone target not found
[Package Manager] Failed to launch server process. Reason: Unity was launched with the -noUpm command-line argument
[Package Manager] Unable to send message (not connected to server process).
[Package Manager] Cannot connect to Unity Package Manager local server
[Package Manager] Failed to launch server process. Reason: Unity was launched with the -noUpm command-line argument
[Package Manager] Unable to send message (not connected to server process).
[Package Manager] Cannot connect to Unity Package Manager local server
[Package Manager] Failed to launch server process. Reason: Unity was launched with the -noUpm command-line argument
[Package Manager] Unable to send message (not connected to server process).
[Package Manager] Cannot connect to Unity Package Manager local server
ScheduleIndexationOnStartup MainProcess:False IndexOnStartup:True
Mono: successfully reloaded assembly
- Finished resetting the current domain, in  1.377 seconds
Domain Reload Profiling: 2768ms
	BeginReloadAssembly (345ms)
		ExecutionOrderSort (0ms)
		DisableScriptedObjects (42ms)
		BackupInstance (0ms)
		ReleaseScriptingObjects (0ms)
		CreateAndSetChildDomain (81ms)
	RebuildCommonClasses (56ms)
	RebuildNativeTypeToScriptingClass (22ms)
	initialDomainReloadingComplete (46ms)
	LoadAllAssembliesAndSetupDomain (921ms)
		LoadAssemblies (659ms)
		RebuildTransferFunctionScriptingTraits (0ms)
		AnalyzeDomain (399ms)
			TypeCache.Refresh (11ms)
				TypeCache.ScanAssembly (0ms)
			BuildScriptInfoCaches (357ms)
			ResolveRequiredComponents (23ms)
	FinalizeReload (1377ms)
		ReleaseScriptCaches (0ms)
		RebuildScriptCaches (0ms)
		SetupLoadedEditorAssemblies (1093ms)
			LogAssemblyErrors (0ms)
			InitializePlatformSupportModulesInManaged (12ms)
			SetLoadedEditorAssemblies (10ms)
			BeforeProcessingInitializeOnLoad (260ms)
			ProcessInitializeOnLoadAttributes (556ms)
			ProcessInitializeOnLoadMethodAttributes (250ms)
			AfterProcessingInitializeOnLoad (4ms)
			EditorAssembliesLoaded (1ms)
		ExecutionOrderSort2 (0ms)
		AwakeInstancesAfterBackupRestoration (22ms)
Refreshing native plugins compatible for Editor in 13.10 ms, found 5 plugins.
Preloading 0 native plugins for Editor in 0.00 ms.
Unloading 17 Unused Serialized files (Serialized files now loaded: 0)
Unloading 9100 unused Assets / (5.1 MB). Loaded Objects now: 10523.
Memory consumption went from 180.9 MB to 175.8 MB.
Total: 16.065700 ms (FindLiveObjects: 1.698400 ms CreateObjectMapping: 1.982000 ms MarkObjects: 7.859500 ms  DeleteObjects: 4.524500 ms)

Prepare: number of updated asset objects reloaded= 0
========================================================================
Received Import Request.
  Time since last request: 33.908459 seconds.
  path: Assets/Animation/Chest/Chest_Green/Chest_Idle.anim
  artifactKey: Guid(31c765aa5b07181469bd862e13d7bbfe) Importer(815301076,1909f56bfc062723c751e8b465ee728b)
Start importing Assets/Animation/Chest/Chest_Green/Chest_Idle.anim using Guid(31c765aa5b07181469bd862e13d7bbfe) Importer(815301076,1909f56bfc062723c751e8b465ee728b) (PreviewImporter) -> (artifact id: '8ed858a687500c1837ec08aa2216d917') in 0.0359105 seconds
Number of updated asset objects reloaded before import = 0Number of asset objects unloaded after import = 1

========================================================================
Received Import Request.
  Time since last request: 0.638215 seconds.
  path: Assets/Animation/Chest/Chest_Green/Chest_Open.anim
  artifactKey: Guid(1baf364baae74fb4e8d574f3c3762888) Importer(815301076,1909f56bfc062723c751e8b465ee728b)
Start importing Assets/Animation/Chest/Chest_Green/Chest_Open.anim using Guid(1baf364baae74fb4e8d574f3c3762888) Importer(815301076,1909f56bfc062723c751e8b465ee728b) (PreviewImporter) -> (artifact id: '8ad96a037e6cdbf3a9b8eed0d1369df9') in 0.0014279 seconds
Number of updated asset objects reloaded before import = 0Number of asset objects unloaded after import = 1

========================================================================
Received Import Request.
  Time since last request: 1.391752 seconds.
  path: Assets/Animation/Chest/Chest_Green/ChestReward.controller
  artifactKey: Guid(e31fc18c56b2c3d4e8f1832f11d7215c) Importer(815301076,1909f56bfc062723c751e8b465ee728b)
Start importing Assets/Animation/Chest/Chest_Green/ChestReward.controller using Guid(e31fc18c56b2c3d4e8f1832f11d7215c) Importer(815301076,1909f56bfc062723c751e8b465ee728b) (PreviewImporter) -> (artifact id: '41cb3a245b10dc4af2b0f9423ecbca21') in 0.0031118 seconds
Number of updated asset objects reloaded before import = 0Number of asset objects unloaded after import = 7

========================================================================
Received Import Request.
  Time since last request: 23.167677 seconds.
  path: Assets/Animation/Chest/Chest_Green/ChestReward.prefab
  artifactKey: Guid(20afad8f6fc1691498116622a5149ee4) Importer(815301076,1909f56bfc062723c751e8b465ee728b)
Start importing Assets/Animation/Chest/Chest_Green/ChestReward.prefab using Guid(20afad8f6fc1691498116622a5149ee4) Importer(815301076,1909f56bfc062723c751e8b465ee728b) (PreviewImporter) -> (artifact id: '19d35fe31b67d03831820ecd63926916') in 1.0577306 seconds
Number of updated asset objects reloaded before import = 0Number of asset objects unloaded after import = 5200

========================================================================
Received Import Request.
  Time since last request: 11.173141 seconds.
  path: Assets/Animation/Chest/Chest_Green/Chest_Test.png
  artifactKey: Guid(8ce16f91db6f3c648886d5e374277503) Importer(815301076,1909f56bfc062723c751e8b465ee728b)
Start importing Assets/Animation/Chest/Chest_Green/Chest_Test.png using Guid(8ce16f91db6f3c648886d5e374277503) Importer(815301076,1909f56bfc062723c751e8b465ee728b) (PreviewImporter) -> (artifact id: '54b8e296e0b976bc81a1811e395f4844') in 0.0542382 seconds
Number of updated asset objects reloaded before import = 0Number of asset objects unloaded after import = 10

========================================================================
Received Prepare
[Licensing::Client] Successfully resolved entitlement details
Begin MonoManager ReloadAssembly
[Licensing::Client] Successfully resolved entitlement details
Duplicate assembly 'log4net.dll' with different versions detected, using 'Packages/com.unity.package-validation-suite/Lib/Editor/log4net.dll, AssemblyName=log4net, Version=2.0.8.0, Culture=neutral, PublicKeyToken=669e0ddf0bb1aa2a' and ignoring 'Packages/com.unity.collab-proxy/Lib/Editor/log4netPlastic.dll, AssemblyName=log4net, Version=1.2.15.0, Culture=neutral, PublicKeyToken=669e0ddf0bb1aa2a'.Symbol file LoadedFromMemory is not a mono symbol file
- Loaded All Assemblies, in  1.379 seconds
Refreshing native plugins compatible for Editor in 12.26 ms, found 5 plugins.
Native extension for Android target not found
Native extension for WindowsStandalone target not found
[Package Manager] Failed to launch server process. Reason: Unity was launched with the -noUpm command-line argument
[Package Manager] Unable to send message (not connected to server process).
[Package Manager] Cannot connect to Unity Package Manager local server
[Package Manager] Failed to launch server process. Reason: Unity was launched with the -noUpm command-line argument
[Package Manager] Unable to send message (not connected to server process).
[Package Manager] Cannot connect to Unity Package Manager local server
[Package Manager] Failed to launch server process. Reason: Unity was launched with the -noUpm command-line argument
[Package Manager] Unable to send message (not connected to server process).
[Package Manager] Cannot connect to Unity Package Manager local server
ScheduleIndexationOnStartup MainProcess:False IndexOnStartup:True
Mono: successfully reloaded assembly
- Finished resetting the current domain, in  1.244 seconds
Domain Reload Profiling: 2626ms
	BeginReloadAssembly (358ms)
		ExecutionOrderSort (0ms)
		DisableScriptedObjects (48ms)
		BackupInstance (0ms)
		ReleaseScriptingObjects (0ms)
		CreateAndSetChildDomain (80ms)
	RebuildCommonClasses (53ms)
	RebuildNativeTypeToScriptingClass (22ms)
	initialDomainReloadingComplete (42ms)
	LoadAllAssembliesAndSetupDomain (907ms)
		LoadAssemblies (654ms)
		RebuildTransferFunctionScriptingTraits (0ms)
		AnalyzeDomain (400ms)
			TypeCache.Refresh (10ms)
				TypeCache.ScanAssembly (0ms)
			BuildScriptInfoCaches (359ms)
			ResolveRequiredComponents (24ms)
	FinalizeReload (1244ms)
		ReleaseScriptCaches (0ms)
		RebuildScriptCaches (0ms)
		SetupLoadedEditorAssemblies (983ms)
			LogAssemblyErrors (0ms)
			InitializePlatformSupportModulesInManaged (11ms)
			SetLoadedEditorAssemblies (7ms)
			BeforeProcessingInitializeOnLoad (238ms)
			ProcessInitializeOnLoadAttributes (492ms)
			ProcessInitializeOnLoadMethodAttributes (230ms)
			AfterProcessingInitializeOnLoad (4ms)
			EditorAssembliesLoaded (1ms)
		ExecutionOrderSort2 (0ms)
		AwakeInstancesAfterBackupRestoration (22ms)
Refreshing native plugins compatible for Editor in 11.99 ms, found 5 plugins.
Preloading 0 native plugins for Editor in 0.00 ms.
Unloading 17 Unused Serialized files (Serialized files now loaded: 0)
Unloading 9100 unused Assets / (5.9 MB). Loaded Objects now: 10549.
Memory consumption went from 180.8 MB to 174.9 MB.
Total: 15.738100 ms (FindLiveObjects: 1.354400 ms CreateObjectMapping: 0.975900 ms MarkObjects: 7.986400 ms  DeleteObjects: 5.419900 ms)

Prepare: number of updated asset objects reloaded= 0
========================================================================
Received Import Request.
  Time since last request: 43.314553 seconds.
  path: Assets/Animation/Chest/Chest_Green/Chest_Test.png
  artifactKey: Guid(8ce16f91db6f3c648886d5e374277503) Importer(815301076,1909f56bfc062723c751e8b465ee728b)
Start importing Assets/Animation/Chest/Chest_Green/Chest_Test.png using Guid(8ce16f91db6f3c648886d5e374277503) Importer(815301076,1909f56bfc062723c751e8b465ee728b) (PreviewImporter) -> (artifact id: '7cc0c89e58d21c2f42a6109d494c417e') in 0.1108607 seconds
Number of updated asset objects reloaded before import = 0Number of asset objects unloaded after import = 10

========================================================================
Received Prepare
Begin MonoManager ReloadAssembly
Duplicate assembly 'log4net.dll' with different versions detected, using 'Packages/com.unity.package-validation-suite/Lib/Editor/log4net.dll, AssemblyName=log4net, Version=2.0.8.0, Culture=neutral, PublicKeyToken=669e0ddf0bb1aa2a' and ignoring 'Packages/com.unity.collab-proxy/Lib/Editor/log4netPlastic.dll, AssemblyName=log4net, Version=1.2.15.0, Culture=neutral, PublicKeyToken=669e0ddf0bb1aa2a'.Symbol file LoadedFromMemory is not a mono symbol file
- Loaded All Assemblies, in  1.355 seconds
Refreshing native plugins compatible for Editor in 12.04 ms, found 5 plugins.
Native extension for Android target not found
Native extension for WindowsStandalone target not found
[Package Manager] Failed to launch server process. Reason: Unity was launched with the -noUpm command-line argument
[Package Manager] Unable to send message (not connected to server process).
[Package Manager] Cannot connect to Unity Package Manager local server
[Package Manager] Failed to launch server process. Reason: Unity was launched with the -noUpm command-line argument
[Package Manager] Unable to send message (not connected to server process).
[Package Manager] Cannot connect to Unity Package Manager local server
[Package Manager] Failed to launch server process. Reason: Unity was launched with the -noUpm command-line argument
[Package Manager] Unable to send message (not connected to server process).
[Package Manager] Cannot connect to Unity Package Manager local server
ScheduleIndexationOnStartup MainProcess:False IndexOnStartup:True
Mono: successfully reloaded assembly
- Finished resetting the current domain, in  1.295 seconds
Domain Reload Profiling: 2655ms
	BeginReloadAssembly (317ms)
		ExecutionOrderSort (0ms)
		DisableScriptedObjects (19ms)
		BackupInstance (0ms)
		ReleaseScriptingObjects (0ms)
		CreateAndSetChildDomain (73ms)
	RebuildCommonClasses (53ms)
	RebuildNativeTypeToScriptingClass (22ms)
	initialDomainReloadingComplete (40ms)
	LoadAllAssembliesAndSetupDomain (927ms)
		LoadAssemblies (652ms)
		RebuildTransferFunctionScriptingTraits (0ms)
		AnalyzeDomain (417ms)
			TypeCache.Refresh (10ms)
				TypeCache.ScanAssembly (0ms)
			BuildScriptInfoCaches (373ms)
			ResolveRequiredComponents (26ms)
	FinalizeReload (1295ms)
		ReleaseScriptCaches (0ms)
		RebuildScriptCaches (0ms)
		SetupLoadedEditorAssemblies (1023ms)
			LogAssemblyErrors (0ms)
			InitializePlatformSupportModulesInManaged (12ms)
			SetLoadedEditorAssemblies (7ms)
			BeforeProcessingInitializeOnLoad (232ms)
			ProcessInitializeOnLoadAttributes (522ms)
			ProcessInitializeOnLoadMethodAttributes (244ms)
			AfterProcessingInitializeOnLoad (6ms)
			EditorAssembliesLoaded (1ms)
		ExecutionOrderSort2 (0ms)
		AwakeInstancesAfterBackupRestoration (31ms)
Refreshing native plugins compatible for Editor in 12.08 ms, found 5 plugins.
Preloading 0 native plugins for Editor in 0.00 ms.
Unloading 17 Unused Serialized files (Serialized files now loaded: 0)
Unloading 9099 unused Assets / (5.1 MB). Loaded Objects now: 10555.
Memory consumption went from 180.7 MB to 175.6 MB.
Total: 14.856500 ms (FindLiveObjects: 1.499200 ms CreateObjectMapping: 1.122000 ms MarkObjects: 7.621400 ms  DeleteObjects: 4.612000 ms)

Prepare: number of updated asset objects reloaded= 0
========================================================================
Received Prepare
[Licensing::Client] Successfully resolved entitlement details
Begin MonoManager ReloadAssembly
[Licensing::Client] Successfully resolved entitlement details
Duplicate assembly 'log4net.dll' with different versions detected, using 'Packages/com.unity.package-validation-suite/Lib/Editor/log4net.dll, AssemblyName=log4net, Version=2.0.8.0, Culture=neutral, PublicKeyToken=669e0ddf0bb1aa2a' and ignoring 'Packages/com.unity.collab-proxy/Lib/Editor/log4netPlastic.dll, AssemblyName=log4net, Version=1.2.15.0, Culture=neutral, PublicKeyToken=669e0ddf0bb1aa2a'.Symbol file LoadedFromMemory is not a mono symbol file
- Loaded All Assemblies, in  1.387 seconds
Refreshing native plugins compatible for Editor in 12.27 ms, found 5 plugins.
Native extension for Android target not found
Native extension for WindowsStandalone target not found
[Package Manager] Failed to launch server process. Reason: Unity was launched with the -noUpm command-line argument
[Package Manager] Unable to send message (not connected to server process).
[Package Manager] Cannot connect to Unity Package Manager local server
[Package Manager] Failed to launch server process. Reason: Unity was launched with the -noUpm command-line argument
[Package Manager] Unable to send message (not connected to server process).
[Package Manager] Cannot connect to Unity Package Manager local server
[Package Manager] Failed to launch server process. Reason: Unity was launched with the -noUpm command-line argument
[Package Manager] Unable to send message (not connected to server process).
[Package Manager] Cannot connect to Unity Package Manager local server
ScheduleIndexationOnStartup MainProcess:False IndexOnStartup:True
Mono: successfully reloaded assembly
- Finished resetting the current domain, in  1.298 seconds
Domain Reload Profiling: 2690ms
	BeginReloadAssembly (339ms)
		ExecutionOrderSort (0ms)
		DisableScriptedObjects (21ms)
		BackupInstance (0ms)
		ReleaseScriptingObjects (0ms)
		CreateAndSetChildDomain (68ms)
	RebuildCommonClasses (53ms)
	RebuildNativeTypeToScriptingClass (22ms)
	initialDomainReloadingComplete (42ms)
	LoadAllAssembliesAndSetupDomain (936ms)
		LoadAssemblies (654ms)
		RebuildTransferFunctionScriptingTraits (0ms)
		AnalyzeDomain (426ms)
			TypeCache.Refresh (10ms)
				TypeCache.ScanAssembly (0ms)
			BuildScriptInfoCaches (382ms)
			ResolveRequiredComponents (26ms)
	FinalizeReload (1298ms)
		ReleaseScriptCaches (0ms)
		RebuildScriptCaches (0ms)
		SetupLoadedEditorAssemblies (1028ms)
			LogAssemblyErrors (0ms)
			InitializePlatformSupportModulesInManaged (13ms)
			SetLoadedEditorAssemblies (7ms)
			BeforeProcessingInitializeOnLoad (252ms)
			ProcessInitializeOnLoadAttributes (507ms)
			ProcessInitializeOnLoadMethodAttributes (245ms)
			AfterProcessingInitializeOnLoad (4ms)
			EditorAssembliesLoaded (1ms)
		ExecutionOrderSort2 (0ms)
		AwakeInstancesAfterBackupRestoration (23ms)
Refreshing native plugins compatible for Editor in 12.06 ms, found 5 plugins.
Preloading 0 native plugins for Editor in 0.00 ms.
Unloading 17 Unused Serialized files (Serialized files now loaded: 0)
Unloading 9099 unused Assets / (5.5 MB). Loaded Objects now: 10561.
Memory consumption went from 180.8 MB to 175.3 MB.
Total: 13.862900 ms (FindLiveObjects: 1.405300 ms CreateObjectMapping: 0.980400 ms MarkObjects: 7.467100 ms  DeleteObjects: 4.008700 ms)

Prepare: number of updated asset objects reloaded= 0
========================================================================
Received Prepare
[Licensing::Client] Successfully resolved entitlement details
Begin MonoManager ReloadAssembly
[Licensing::Client] Successfully resolved entitlement details
Duplicate assembly 'log4net.dll' with different versions detected, using 'Packages/com.unity.package-validation-suite/Lib/Editor/log4net.dll, AssemblyName=log4net, Version=2.0.8.0, Culture=neutral, PublicKeyToken=669e0ddf0bb1aa2a' and ignoring 'Packages/com.unity.collab-proxy/Lib/Editor/log4netPlastic.dll, AssemblyName=log4net, Version=1.2.15.0, Culture=neutral, PublicKeyToken=669e0ddf0bb1aa2a'.Symbol file LoadedFromMemory is not a mono symbol file
- Loaded All Assemblies, in  1.547 seconds
Refreshing native plugins compatible for Editor in 13.54 ms, found 5 plugins.
Native extension for Android target not found
Native extension for WindowsStandalone target not found
[Package Manager] Failed to launch server process. Reason: Unity was launched with the -noUpm command-line argument
[Package Manager] Unable to send message (not connected to server process).
[Package Manager] Cannot connect to Unity Package Manager local server
[Package Manager] Failed to launch server process. Reason: Unity was launched with the -noUpm command-line argument
[Package Manager] Unable to send message (not connected to server process).
[Package Manager] Cannot connect to Unity Package Manager local server
[Package Manager] Failed to launch server process. Reason: Unity was launched with the -noUpm command-line argument
[Package Manager] Unable to send message (not connected to server process).
[Package Manager] Cannot connect to Unity Package Manager local server
ScheduleIndexationOnStartup MainProcess:False IndexOnStartup:True
Mono: successfully reloaded assembly
- Finished resetting the current domain, in  1.349 seconds
Domain Reload Profiling: 2900ms
	BeginReloadAssembly (324ms)
		ExecutionOrderSort (0ms)
		DisableScriptedObjects (23ms)
		BackupInstance (0ms)
		ReleaseScriptingObjects (0ms)
		CreateAndSetChildDomain (71ms)
	RebuildCommonClasses (57ms)
	RebuildNativeTypeToScriptingClass (25ms)
	initialDomainReloadingComplete (45ms)
	LoadAllAssembliesAndSetupDomain (1099ms)
		LoadAssemblies (800ms)
		RebuildTransferFunctionScriptingTraits (0ms)
		AnalyzeDomain (445ms)
			TypeCache.Refresh (31ms)
				TypeCache.ScanAssembly (4ms)
			BuildScriptInfoCaches (379ms)
			ResolveRequiredComponents (28ms)
	FinalizeReload (1350ms)
		ReleaseScriptCaches (0ms)
		RebuildScriptCaches (0ms)
		SetupLoadedEditorAssemblies (1068ms)
			LogAssemblyErrors (0ms)
			InitializePlatformSupportModulesInManaged (11ms)
			SetLoadedEditorAssemblies (7ms)
			BeforeProcessingInitializeOnLoad (272ms)
			ProcessInitializeOnLoadAttributes (549ms)
			ProcessInitializeOnLoadMethodAttributes (225ms)
			AfterProcessingInitializeOnLoad (3ms)
			EditorAssembliesLoaded (1ms)
		ExecutionOrderSort2 (0ms)
		AwakeInstancesAfterBackupRestoration (23ms)
Refreshing native plugins compatible for Editor in 12.76 ms, found 5 plugins.
Preloading 0 native plugins for Editor in 0.00 ms.
Unloading 17 Unused Serialized files (Serialized files now loaded: 0)
Unloading 9099 unused Assets / (5.7 MB). Loaded Objects now: 10567.
Memory consumption went from 180.8 MB to 175.2 MB.
Total: 15.390900 ms (FindLiveObjects: 1.621500 ms CreateObjectMapping: 1.274300 ms MarkObjects: 7.602000 ms  DeleteObjects: 4.891200 ms)

Prepare: number of updated asset objects reloaded= 0
========================================================================
Received Prepare
[Licensing::Client] Successfully resolved entitlement details
Begin MonoManager ReloadAssembly
[Licensing::Client] Successfully resolved entitlement details
Duplicate assembly 'log4net.dll' with different versions detected, using 'Packages/com.unity.package-validation-suite/Lib/Editor/log4net.dll, AssemblyName=log4net, Version=2.0.8.0, Culture=neutral, PublicKeyToken=669e0ddf0bb1aa2a' and ignoring 'Packages/com.unity.collab-proxy/Lib/Editor/log4netPlastic.dll, AssemblyName=log4net, Version=1.2.15.0, Culture=neutral, PublicKeyToken=669e0ddf0bb1aa2a'.Symbol file LoadedFromMemory is not a mono symbol file
- Loaded All Assemblies, in  1.321 seconds
Refreshing native plugins compatible for Editor in 12.28 ms, found 5 plugins.
Native extension for Android target not found
Native extension for WindowsStandalone target not found
[Package Manager] Failed to launch server process. Reason: Unity was launched with the -noUpm command-line argument
[Package Manager] Unable to send message (not connected to server process).
[Package Manager] Cannot connect to Unity Package Manager local server
[Package Manager] Failed to launch server process. Reason: Unity was launched with the -noUpm command-line argument
[Package Manager] Unable to send message (not connected to server process).
[Package Manager] Cannot connect to Unity Package Manager local server
[Package Manager] Failed to launch server process. Reason: Unity was launched with the -noUpm command-line argument
[Package Manager] Unable to send message (not connected to server process).
[Package Manager] Cannot connect to Unity Package Manager local server
ScheduleIndexationOnStartup MainProcess:False IndexOnStartup:True
Mono: successfully reloaded assembly
- Finished resetting the current domain, in  1.378 seconds
Domain Reload Profiling: 2702ms
	BeginReloadAssembly (314ms)
		ExecutionOrderSort (0ms)
		DisableScriptedObjects (21ms)
		BackupInstance (0ms)
		ReleaseScriptingObjects (0ms)
		CreateAndSetChildDomain (65ms)
	RebuildCommonClasses (54ms)
	RebuildNativeTypeToScriptingClass (26ms)
	initialDomainReloadingComplete (41ms)
	LoadAllAssembliesAndSetupDomain (888ms)
		LoadAssemblies (634ms)
		RebuildTransferFunctionScriptingTraits (0ms)
		AnalyzeDomain (395ms)
			TypeCache.Refresh (18ms)
				TypeCache.ScanAssembly (3ms)
			BuildScriptInfoCaches (351ms)
			ResolveRequiredComponents (20ms)
	FinalizeReload (1378ms)
		ReleaseScriptCaches (0ms)
		RebuildScriptCaches (0ms)
		SetupLoadedEditorAssemblies (1068ms)
			LogAssemblyErrors (0ms)
			InitializePlatformSupportModulesInManaged (12ms)
			SetLoadedEditorAssemblies (7ms)
			BeforeProcessingInitializeOnLoad (278ms)
			ProcessInitializeOnLoadAttributes (505ms)
			ProcessInitializeOnLoadMethodAttributes (259ms)
			AfterProcessingInitializeOnLoad (5ms)
			EditorAssembliesLoaded (1ms)
		ExecutionOrderSort2 (0ms)
		AwakeInstancesAfterBackupRestoration (35ms)
Refreshing native plugins compatible for Editor in 20.99 ms, found 5 plugins.
Preloading 0 native plugins for Editor in 0.00 ms.
Unloading 17 Unused Serialized files (Serialized files now loaded: 0)
Unloading 9099 unused Assets / (6.7 MB). Loaded Objects now: 10573.
Memory consumption went from 180.9 MB to 174.2 MB.
Total: 25.228700 ms (FindLiveObjects: 1.918900 ms CreateObjectMapping: 2.399700 ms MarkObjects: 13.152600 ms  DeleteObjects: 7.755600 ms)

Prepare: number of updated asset objects reloaded= 0
========================================================================
Received Import Request.
  Time since last request: 615.735436 seconds.
  path: ProjectSettings/TagManager.asset
  artifactKey: Guid(00000000000000003000000000000000) Importer(815301076,1909f56bfc062723c751e8b465ee728b)
Start importing ProjectSettings/TagManager.asset using Guid(00000000000000003000000000000000) Importer(815301076,1909f56bfc062723c751e8b465ee728b) (PreviewImporter) -> (artifact id: '505961efd6509494cc1b33287fec18c7') in 0.0366281 seconds
Number of updated asset objects reloaded before import = 0Number of asset objects unloaded after import = 0

========================================================================
Received Import Request.
  Time since last request: 7.953135 seconds.
  path: ProjectSettings/TagManager.asset
  artifactKey: Guid(00000000000000003000000000000000) Importer(815301076,1909f56bfc062723c751e8b465ee728b)
Start importing ProjectSettings/TagManager.asset using Guid(00000000000000003000000000000000) Importer(815301076,1909f56bfc062723c751e8b465ee728b) (PreviewImporter) -> (artifact id: '84c12d9fbf9ddaab0384c13123dfdcbc') in 0.001004 seconds
Number of updated asset objects reloaded before import = 0Number of asset objects unloaded after import = 0

========================================================================
Received Import Request.
  Time since last request: 9.586447 seconds.
  path: Assets/Prefabs/Totem_Projectile.prefab
  artifactKey: Guid(c653272f33688ae45933be472d095943) Importer(815301076,1909f56bfc062723c751e8b465ee728b)
Start importing Assets/Prefabs/Totem_Projectile.prefab using Guid(c653272f33688ae45933be472d095943) Importer(815301076,1909f56bfc062723c751e8b465ee728b) (PreviewImporter) -> (artifact id: 'a5eec621f033661a4963b51162f0733f') in 1.3329527 seconds
Number of updated asset objects reloaded before import = 0Number of asset objects unloaded after import = 5251

========================================================================
Received Import Request.
  Time since last request: 1.891536 seconds.
  path: Assets/Prefabs/Trap_Spikes.prefab
  artifactKey: Guid(676b364e6065b5f4a88327294be521db) Importer(815301076,1909f56bfc062723c751e8b465ee728b)
Start importing Assets/Prefabs/Trap_Spikes.prefab using Guid(676b364e6065b5f4a88327294be521db) Importer(815301076,1909f56bfc062723c751e8b465ee728b) (PreviewImporter) -> (artifact id: '0e55ead4ef0cb135693db3259fa9dbd6') in 0.5564382 seconds
Number of updated asset objects reloaded before import = 0Number of asset objects unloaded after import = 5185

========================================================================
Received Prepare
[Licensing::Client] Successfully resolved entitlement details
Begin MonoManager ReloadAssembly
[Licensing::Client] Successfully resolved entitlement details
Duplicate assembly 'log4net.dll' with different versions detected, using 'Packages/com.unity.package-validation-suite/Lib/Editor/log4net.dll, AssemblyName=log4net, Version=2.0.8.0, Culture=neutral, PublicKeyToken=669e0ddf0bb1aa2a' and ignoring 'Packages/com.unity.collab-proxy/Lib/Editor/log4netPlastic.dll, AssemblyName=log4net, Version=1.2.15.0, Culture=neutral, PublicKeyToken=669e0ddf0bb1aa2a'.Symbol file LoadedFromMemory is not a mono symbol file
- Loaded All Assemblies, in  1.343 seconds
Refreshing native plugins compatible for Editor in 12.11 ms, found 5 plugins.
Native extension for Android target not found
Native extension for WindowsStandalone target not found
[Package Manager] Failed to launch server process. Reason: Unity was launched with the -noUpm command-line argument
[Package Manager] Unable to send message (not connected to server process).
[Package Manager] Cannot connect to Unity Package Manager local server
[Package Manager] Failed to launch server process. Reason: Unity was launched with the -noUpm command-line argument
[Package Manager] Unable to send message (not connected to server process).
[Package Manager] Cannot connect to Unity Package Manager local server
[Package Manager] Failed to launch server process. Reason: Unity was launched with the -noUpm command-line argument
[Package Manager] Unable to send message (not connected to server process).
[Package Manager] Cannot connect to Unity Package Manager local server
ScheduleIndexationOnStartup MainProcess:False IndexOnStartup:True
Mono: successfully reloaded assembly
- Finished resetting the current domain, in  1.261 seconds
Domain Reload Profiling: 2607ms
	BeginReloadAssembly (340ms)
		ExecutionOrderSort (0ms)
		DisableScriptedObjects (45ms)
		BackupInstance (0ms)
		ReleaseScriptingObjects (0ms)
		CreateAndSetChildDomain (73ms)
	RebuildCommonClasses (52ms)
	RebuildNativeTypeToScriptingClass (22ms)
	initialDomainReloadingComplete (39ms)
	LoadAllAssembliesAndSetupDomain (892ms)
		LoadAssemblies (622ms)
		RebuildTransferFunctionScriptingTraits (0ms)
		AnalyzeDomain (405ms)
			TypeCache.Refresh (12ms)
				TypeCache.ScanAssembly (0ms)
			BuildScriptInfoCaches (361ms)
			ResolveRequiredComponents (26ms)
	FinalizeReload (1262ms)
		ReleaseScriptCaches (0ms)
		RebuildScriptCaches (0ms)
		SetupLoadedEditorAssemblies (996ms)
			LogAssemblyErrors (0ms)
			InitializePlatformSupportModulesInManaged (11ms)
			SetLoadedEditorAssemblies (7ms)
			BeforeProcessingInitializeOnLoad (256ms)
			ProcessInitializeOnLoadAttributes (488ms)
			ProcessInitializeOnLoadMethodAttributes (229ms)
			AfterProcessingInitializeOnLoad (4ms)
			EditorAssembliesLoaded (1ms)
		ExecutionOrderSort2 (0ms)
		AwakeInstancesAfterBackupRestoration (22ms)
Refreshing native plugins compatible for Editor in 12.13 ms, found 5 plugins.
Preloading 0 native plugins for Editor in 0.00 ms.
Unloading 17 Unused Serialized files (Serialized files now loaded: 0)
Unloading 9101 unused Assets / (5.5 MB). Loaded Objects now: 10599.
Memory consumption went from 181.2 MB to 175.7 MB.
Total: 15.414000 ms (FindLiveObjects: 1.427500 ms CreateObjectMapping: 1.214900 ms MarkObjects: 7.982200 ms  DeleteObjects: 4.788000 ms)

Prepare: number of updated asset objects reloaded= 0
========================================================================
Received Prepare
[Licensing::Client] Successfully resolved entitlement details
Begin MonoManager ReloadAssembly
[Licensing::Client] Successfully resolved entitlement details
Duplicate assembly 'log4net.dll' with different versions detected, using 'Packages/com.unity.package-validation-suite/Lib/Editor/log4net.dll, AssemblyName=log4net, Version=2.0.8.0, Culture=neutral, PublicKeyToken=669e0ddf0bb1aa2a' and ignoring 'Packages/com.unity.collab-proxy/Lib/Editor/log4netPlastic.dll, AssemblyName=log4net, Version=1.2.15.0, Culture=neutral, PublicKeyToken=669e0ddf0bb1aa2a'.Symbol file LoadedFromMemory is not a mono symbol file
- Loaded All Assemblies, in  1.349 seconds
Refreshing native plugins compatible for Editor in 11.59 ms, found 5 plugins.
Native extension for Android target not found
Native extension for WindowsStandalone target not found
[Package Manager] Failed to launch server process. Reason: Unity was launched with the -noUpm command-line argument
[Package Manager] Unable to send message (not connected to server process).
[Package Manager] Cannot connect to Unity Package Manager local server
[Package Manager] Failed to launch server process. Reason: Unity was launched with the -noUpm command-line argument
[Package Manager] Unable to send message (not connected to server process).
[Package Manager] Cannot connect to Unity Package Manager local server
[Package Manager] Failed to launch server process. Reason: Unity was launched with the -noUpm command-line argument
[Package Manager] Unable to send message (not connected to server process).
[Package Manager] Cannot connect to Unity Package Manager local server
ScheduleIndexationOnStartup MainProcess:False IndexOnStartup:True
Mono: successfully reloaded assembly
- Finished resetting the current domain, in  1.316 seconds
Domain Reload Profiling: 2669ms
	BeginReloadAssembly (314ms)
		ExecutionOrderSort (0ms)
		DisableScriptedObjects (21ms)
		BackupInstance (0ms)
		ReleaseScriptingObjects (0ms)
		CreateAndSetChildDomain (69ms)
	RebuildCommonClasses (52ms)
	RebuildNativeTypeToScriptingClass (24ms)
	initialDomainReloadingComplete (44ms)
	LoadAllAssembliesAndSetupDomain (918ms)
		LoadAssemblies (639ms)
		RebuildTransferFunctionScriptingTraits (0ms)
		AnalyzeDomain (419ms)
			TypeCache.Refresh (19ms)
				TypeCache.ScanAssembly (4ms)
			BuildScriptInfoCaches (375ms)
			ResolveRequiredComponents (20ms)
	FinalizeReload (1317ms)
		ReleaseScriptCaches (0ms)
		RebuildScriptCaches (0ms)
		SetupLoadedEditorAssemblies (1024ms)
			LogAssemblyErrors (0ms)
			InitializePlatformSupportModulesInManaged (11ms)
			SetLoadedEditorAssemblies (7ms)
			BeforeProcessingInitializeOnLoad (239ms)
			ProcessInitializeOnLoadAttributes (519ms)
			ProcessInitializeOnLoadMethodAttributes (244ms)
			AfterProcessingInitializeOnLoad (4ms)
			EditorAssembliesLoaded (1ms)
		ExecutionOrderSort2 (0ms)
		AwakeInstancesAfterBackupRestoration (23ms)
Refreshing native plugins compatible for Editor in 13.09 ms, found 5 plugins.
Preloading 0 native plugins for Editor in 0.00 ms.
Unloading 17 Unused Serialized files (Serialized files now loaded: 0)
Unloading 9099 unused Assets / (4.7 MB). Loaded Objects now: 10605.
Memory consumption went from 181.0 MB to 176.4 MB.
Total: 25.425300 ms (FindLiveObjects: 1.728100 ms CreateObjectMapping: 1.751500 ms MarkObjects: 17.178800 ms  DeleteObjects: 4.764900 ms)

Prepare: number of updated asset objects reloaded= 0
========================================================================
Received Import Request.
  Time since last request: 264.138712 seconds.
  path: Assets/Animation/Chest/Chest_Green/ChestReward.prefab
  artifactKey: Guid(20afad8f6fc1691498116622a5149ee4) Importer(2089858483,b0f066a214c2f5e87bad3c948f4d605d)
Start importing Assets/Animation/Chest/Chest_Green/ChestReward.prefab using Guid(20afad8f6fc1691498116622a5149ee4) Importer(2089858483,b0f066a214c2f5e87bad3c948f4d605d) (ScriptedImporter) -> (artifact id: '6e1f24db36975e01388f1d371c9a44ed') in 0.3531442 seconds
Number of updated asset objects reloaded before import = 0Number of asset objects unloaded after import = 26

========================================================================
Received Import Request.
  Time since last request: 0.000037 seconds.
  path: Assets/Prefabs/Trap_Spikes.prefab
  artifactKey: Guid(676b364e6065b5f4a88327294be521db) Importer(2089858483,b0f066a214c2f5e87bad3c948f4d605d)
Start importing Assets/Prefabs/Trap_Spikes.prefab using Guid(676b364e6065b5f4a88327294be521db) Importer(2089858483,b0f066a214c2f5e87bad3c948f4d605d) (ScriptedImporter) -> (artifact id: '3a4773a638f08a8b481b2573192a22a2') in 0.0629466 seconds
Number of updated asset objects reloaded before import = 0Number of asset objects unloaded after import = 20

========================================================================
Received Import Request.
  Time since last request: 0.000039 seconds.
  path: Assets/Prefabs/Totem_Projectile.prefab
  artifactKey: Guid(c653272f33688ae45933be472d095943) Importer(2089858483,b0f066a214c2f5e87bad3c948f4d605d)
Start importing Assets/Prefabs/Totem_Projectile.prefab using Guid(c653272f33688ae45933be472d095943) Importer(2089858483,b0f066a214c2f5e87bad3c948f4d605d) (ScriptedImporter) -> (artifact id: 'c21b896e6d26b57a2452b09ab1adecea') in 0.1139441 seconds
Number of updated asset objects reloaded before import = 0Number of asset objects unloaded after import = 86

========================================================================
Received Import Request.
  Time since last request: 0.000025 seconds.
  path: Assets/Scripts/ChestSpawner.cs
  artifactKey: Guid(d7b2efebcb235fe4984a0a308eca93db) Importer(2089858483,b0f066a214c2f5e87bad3c948f4d605d)
Start importing Assets/Scripts/ChestSpawner.cs using Guid(d7b2efebcb235fe4984a0a308eca93db) Importer(2089858483,b0f066a214c2f5e87bad3c948f4d605d) (ScriptedImporter) -> (artifact id: '21a1db310399e27d07c985bf87137788') in 0.0156933 seconds
Number of updated asset objects reloaded before import = 0Number of asset objects unloaded after import = 0

========================================================================
Received Import Request.
  Time since last request: 5.835464 seconds.
  path: Assets/Prefabs/Totem_Projectile_Trap.prefab
  artifactKey: Guid(c653272f33688ae45933be472d095943) Importer(815301076,1909f56bfc062723c751e8b465ee728b)
Start importing Assets/Prefabs/Totem_Projectile_Trap.prefab using Guid(c653272f33688ae45933be472d095943) Importer(815301076,1909f56bfc062723c751e8b465ee728b) (PreviewImporter) -> (artifact id: '2adb372e77c4b486724c6ac3ca1d95c2') in 2.0046417 seconds
Number of updated asset objects reloaded before import = 0Number of asset objects unloaded after import = 5251

========================================================================
Received Prepare
[Licensing::Client] Successfully resolved entitlement details
Begin MonoManager ReloadAssembly
[Licensing::Client] Successfully resolved entitlement details
Duplicate assembly 'log4net.dll' with different versions detected, using 'Packages/com.unity.package-validation-suite/Lib/Editor/log4net.dll, AssemblyName=log4net, Version=2.0.8.0, Culture=neutral, PublicKeyToken=669e0ddf0bb1aa2a' and ignoring 'Packages/com.unity.collab-proxy/Lib/Editor/log4netPlastic.dll, AssemblyName=log4net, Version=1.2.15.0, Culture=neutral, PublicKeyToken=669e0ddf0bb1aa2a'.Symbol file LoadedFromMemory is not a mono symbol file
- Loaded All Assemblies, in  1.503 seconds
Refreshing native plugins compatible for Editor in 11.59 ms, found 5 plugins.
Native extension for Android target not found
Native extension for WindowsStandalone target not found
[Package Manager] Failed to launch server process. Reason: Unity was launched with the -noUpm command-line argument
[Package Manager] Unable to send message (not connected to server process).
[Package Manager] Cannot connect to Unity Package Manager local server
[Package Manager] Failed to launch server process. Reason: Unity was launched with the -noUpm command-line argument
[Package Manager] Unable to send message (not connected to server process).
[Package Manager] Cannot connect to Unity Package Manager local server
[Package Manager] Failed to launch server process. Reason: Unity was launched with the -noUpm command-line argument
[Package Manager] Unable to send message (not connected to server process).
[Package Manager] Cannot connect to Unity Package Manager local server
ScheduleIndexationOnStartup MainProcess:False IndexOnStartup:True
Mono: successfully reloaded assembly
- Finished resetting the current domain, in  1.295 seconds
Domain Reload Profiling: 2802ms
	BeginReloadAssembly (364ms)
		ExecutionOrderSort (0ms)
		DisableScriptedObjects (53ms)
		BackupInstance (0ms)
		ReleaseScriptingObjects (0ms)
		CreateAndSetChildDomain (87ms)
	RebuildCommonClasses (59ms)
	RebuildNativeTypeToScriptingClass (25ms)
	initialDomainReloadingComplete (39ms)
	LoadAllAssembliesAndSetupDomain (1020ms)
		LoadAssemblies (718ms)
		RebuildTransferFunctionScriptingTraits (0ms)
		AnalyzeDomain (442ms)
			TypeCache.Refresh (20ms)
				TypeCache.ScanAssembly (3ms)
			BuildScriptInfoCaches (396ms)
			ResolveRequiredComponents (20ms)
	FinalizeReload (1296ms)
		ReleaseScriptCaches (0ms)
		RebuildScriptCaches (0ms)
		SetupLoadedEditorAssemblies (1020ms)
			LogAssemblyErrors (0ms)
			InitializePlatformSupportModulesInManaged (12ms)
			SetLoadedEditorAssemblies (7ms)
			BeforeProcessingInitializeOnLoad (268ms)
			ProcessInitializeOnLoadAttributes (494ms)
			ProcessInitializeOnLoadMethodAttributes (236ms)
			AfterProcessingInitializeOnLoad (4ms)
			EditorAssembliesLoaded (1ms)
		ExecutionOrderSort2 (0ms)
		AwakeInstancesAfterBackupRestoration (26ms)
Refreshing native plugins compatible for Editor in 11.96 ms, found 5 plugins.
Preloading 0 native plugins for Editor in 0.00 ms.
Unloading 17 Unused Serialized files (Serialized files now loaded: 0)
Unloading 9100 unused Assets / (5.2 MB). Loaded Objects now: 10631.
Memory consumption went from 181.3 MB to 176.1 MB.
Total: 14.484300 ms (FindLiveObjects: 1.400800 ms CreateObjectMapping: 0.799800 ms MarkObjects: 7.828400 ms  DeleteObjects: 4.453700 ms)

Prepare: number of updated asset objects reloaded= 0
========================================================================
Received Prepare
Begin MonoManager ReloadAssembly
Duplicate assembly 'log4net.dll' with different versions detected, using 'Packages/com.unity.package-validation-suite/Lib/Editor/log4net.dll, AssemblyName=log4net, Version=2.0.8.0, Culture=neutral, PublicKeyToken=669e0ddf0bb1aa2a' and ignoring 'Packages/com.unity.collab-proxy/Lib/Editor/log4netPlastic.dll, AssemblyName=log4net, Version=1.2.15.0, Culture=neutral, PublicKeyToken=669e0ddf0bb1aa2a'.Symbol file LoadedFromMemory is not a mono symbol file
- Loaded All Assemblies, in  1.363 seconds
Refreshing native plugins compatible for Editor in 11.31 ms, found 5 plugins.
Native extension for Android target not found
Native extension for WindowsStandalone target not found
[Package Manager] Failed to launch server process. Reason: Unity was launched with the -noUpm command-line argument
[Package Manager] Unable to send message (not connected to server process).
[Package Manager] Cannot connect to Unity Package Manager local server
[Package Manager] Failed to launch server process. Reason: Unity was launched with the -noUpm command-line argument
[Package Manager] Unable to send message (not connected to server process).
[Package Manager] Cannot connect to Unity Package Manager local server
[Package Manager] Failed to launch server process. Reason: Unity was launched with the -noUpm command-line argument
[Package Manager] Unable to send message (not connected to server process).
[Package Manager] Cannot connect to Unity Package Manager local server
ScheduleIndexationOnStartup MainProcess:False IndexOnStartup:True
Mono: successfully reloaded assembly
- Finished resetting the current domain, in  1.313 seconds
Domain Reload Profiling: 2680ms
	BeginReloadAssembly (343ms)
		ExecutionOrderSort (0ms)
		DisableScriptedObjects (21ms)
		BackupInstance (0ms)
		ReleaseScriptingObjects (0ms)
		CreateAndSetChildDomain (75ms)
	RebuildCommonClasses (56ms)
	RebuildNativeTypeToScriptingClass (23ms)
	initialDomainReloadingComplete (41ms)
	LoadAllAssembliesAndSetupDomain (903ms)
		LoadAssemblies (647ms)
		RebuildTransferFunctionScriptingTraits (0ms)
		AnalyzeDomain (403ms)
			TypeCache.Refresh (12ms)
				TypeCache.ScanAssembly (0ms)
			BuildScriptInfoCaches (364ms)
			ResolveRequiredComponents (21ms)
	FinalizeReload (1314ms)
		ReleaseScriptCaches (0ms)
		RebuildScriptCaches (0ms)
		SetupLoadedEditorAssemblies (1044ms)
			LogAssemblyErrors (0ms)
			InitializePlatformSupportModulesInManaged (12ms)
			SetLoadedEditorAssemblies (8ms)
			BeforeProcessingInitializeOnLoad (270ms)
			ProcessInitializeOnLoadAttributes (518ms)
			ProcessInitializeOnLoadMethodAttributes (231ms)
			AfterProcessingInitializeOnLoad (4ms)
			EditorAssembliesLoaded (1ms)
		ExecutionOrderSort2 (0ms)
		AwakeInstancesAfterBackupRestoration (26ms)
Refreshing native plugins compatible for Editor in 11.27 ms, found 5 plugins.
Preloading 0 native plugins for Editor in 0.00 ms.
Unloading 17 Unused Serialized files (Serialized files now loaded: 0)
Unloading 9099 unused Assets / (4.8 MB). Loaded Objects now: 10637.
Memory consumption went from 181.1 MB to 176.3 MB.
Total: 14.483700 ms (FindLiveObjects: 1.431500 ms CreateObjectMapping: 1.243800 ms MarkObjects: 7.950100 ms  DeleteObjects: 3.856600 ms)

Prepare: number of updated asset objects reloaded= 0
========================================================================
Received Prepare
[Licensing::Client] Successfully resolved entitlement details
Begin MonoManager ReloadAssembly
[Licensing::Client] Successfully resolved entitlement details
Duplicate assembly 'log4net.dll' with different versions detected, using 'Packages/com.unity.package-validation-suite/Lib/Editor/log4net.dll, AssemblyName=log4net, Version=2.0.8.0, Culture=neutral, PublicKeyToken=669e0ddf0bb1aa2a' and ignoring 'Packages/com.unity.collab-proxy/Lib/Editor/log4netPlastic.dll, AssemblyName=log4net, Version=1.2.15.0, Culture=neutral, PublicKeyToken=669e0ddf0bb1aa2a'.Symbol file LoadedFromMemory is not a mono symbol file
- Loaded All Assemblies, in  1.356 seconds
Refreshing native plugins compatible for Editor in 12.65 ms, found 5 plugins.
Native extension for Android target not found
Native extension for WindowsStandalone target not found
[Package Manager] Failed to launch server process. Reason: Unity was launched with the -noUpm command-line argument
[Package Manager] Unable to send message (not connected to server process).
[Package Manager] Cannot connect to Unity Package Manager local server
[Package Manager] Failed to launch server process. Reason: Unity was launched with the -noUpm command-line argument
[Package Manager] Unable to send message (not connected to server process).
[Package Manager] Cannot connect to Unity Package Manager local server
[Package Manager] Failed to launch server process. Reason: Unity was launched with the -noUpm command-line argument
[Package Manager] Unable to send message (not connected to server process).
[Package Manager] Cannot connect to Unity Package Manager local server
ScheduleIndexationOnStartup MainProcess:False IndexOnStartup:True
Mono: successfully reloaded assembly
- Finished resetting the current domain, in  1.398 seconds
Domain Reload Profiling: 2758ms
	BeginReloadAssembly (321ms)
		ExecutionOrderSort (0ms)
		DisableScriptedObjects (29ms)
		BackupInstance (0ms)
		ReleaseScriptingObjects (0ms)
		CreateAndSetChildDomain (66ms)
	RebuildCommonClasses (58ms)
	RebuildNativeTypeToScriptingClass (22ms)
	initialDomainReloadingComplete (41ms)
	LoadAllAssembliesAndSetupDomain (918ms)
		LoadAssemblies (630ms)
		RebuildTransferFunctionScriptingTraits (0ms)
		AnalyzeDomain (428ms)
			TypeCache.Refresh (18ms)
				TypeCache.ScanAssembly (3ms)
			BuildScriptInfoCaches (385ms)
			ResolveRequiredComponents (20ms)
	FinalizeReload (1399ms)
		ReleaseScriptCaches (0ms)
		RebuildScriptCaches (0ms)
		SetupLoadedEditorAssemblies (1109ms)
			LogAssemblyErrors (0ms)
			InitializePlatformSupportModulesInManaged (12ms)
			SetLoadedEditorAssemblies (8ms)
			BeforeProcessingInitializeOnLoad (275ms)
			ProcessInitializeOnLoadAttributes (582ms)
			ProcessInitializeOnLoadMethodAttributes (228ms)
			AfterProcessingInitializeOnLoad (4ms)
			EditorAssembliesLoaded (1ms)
		ExecutionOrderSort2 (0ms)
		AwakeInstancesAfterBackupRestoration (23ms)
Refreshing native plugins compatible for Editor in 14.05 ms, found 5 plugins.
Preloading 0 native plugins for Editor in 0.00 ms.
Unloading 17 Unused Serialized files (Serialized files now loaded: 0)
Unloading 9099 unused Assets / (5.3 MB). Loaded Objects now: 10643.
Memory consumption went from 181.2 MB to 175.9 MB.
Total: 16.108800 ms (FindLiveObjects: 1.418900 ms CreateObjectMapping: 1.553800 ms MarkObjects: 8.196100 ms  DeleteObjects: 4.938500 ms)

Prepare: number of updated asset objects reloaded= 0
========================================================================
Received Prepare
Begin MonoManager ReloadAssembly
Duplicate assembly 'log4net.dll' with different versions detected, using 'Packages/com.unity.package-validation-suite/Lib/Editor/log4net.dll, AssemblyName=log4net, Version=2.0.8.0, Culture=neutral, PublicKeyToken=669e0ddf0bb1aa2a' and ignoring 'Packages/com.unity.collab-proxy/Lib/Editor/log4netPlastic.dll, AssemblyName=log4net, Version=1.2.15.0, Culture=neutral, PublicKeyToken=669e0ddf0bb1aa2a'.Symbol file LoadedFromMemory is not a mono symbol file
- Loaded All Assemblies, in  1.342 seconds
Refreshing native plugins compatible for Editor in 12.64 ms, found 5 plugins.
Native extension for Android target not found
Native extension for WindowsStandalone target not found
[Package Manager] Failed to launch server process. Reason: Unity was launched with the -noUpm command-line argument
[Package Manager] Unable to send message (not connected to server process).
[Package Manager] Cannot connect to Unity Package Manager local server
[Package Manager] Failed to launch server process. Reason: Unity was launched with the -noUpm command-line argument
[Package Manager] Unable to send message (not connected to server process).
[Package Manager] Cannot connect to Unity Package Manager local server
[Package Manager] Failed to launch server process. Reason: Unity was launched with the -noUpm command-line argument
[Package Manager] Unable to send message (not connected to server process).
[Package Manager] Cannot connect to Unity Package Manager local server
ScheduleIndexationOnStartup MainProcess:False IndexOnStartup:True
Mono: successfully reloaded assembly
- Finished resetting the current domain, in  1.309 seconds
Domain Reload Profiling: 2655ms
	BeginReloadAssembly (355ms)
		ExecutionOrderSort (0ms)
		DisableScriptedObjects (20ms)
		BackupInstance (0ms)
		ReleaseScriptingObjects (0ms)
		CreateAndSetChildDomain (64ms)
	RebuildCommonClasses (57ms)
	RebuildNativeTypeToScriptingClass (23ms)
	initialDomainReloadingComplete (39ms)
	LoadAllAssembliesAndSetupDomain (872ms)
		LoadAssemblies (670ms)
		RebuildTransferFunctionScriptingTraits (0ms)
		AnalyzeDomain (391ms)
			TypeCache.Refresh (11ms)
				TypeCache.ScanAssembly (0ms)
			BuildScriptInfoCaches (354ms)
			ResolveRequiredComponents (20ms)
	FinalizeReload (1309ms)
		ReleaseScriptCaches (0ms)
		RebuildScriptCaches (0ms)
		SetupLoadedEditorAssemblies (1048ms)
			LogAssemblyErrors (0ms)
			InitializePlatformSupportModulesInManaged (11ms)
			SetLoadedEditorAssemblies (7ms)
			BeforeProcessingInitializeOnLoad (236ms)
			ProcessInitializeOnLoadAttributes (560ms)
			ProcessInitializeOnLoadMethodAttributes (229ms)
			AfterProcessingInitializeOnLoad (3ms)
			EditorAssembliesLoaded (1ms)
		ExecutionOrderSort2 (0ms)
		AwakeInstancesAfterBackupRestoration (27ms)
Refreshing native plugins compatible for Editor in 12.59 ms, found 5 plugins.
Preloading 0 native plugins for Editor in 0.00 ms.
Unloading 17 Unused Serialized files (Serialized files now loaded: 0)
Unloading 9099 unused Assets / (5.5 MB). Loaded Objects now: 10649.
Memory consumption went from 181.2 MB to 175.7 MB.
Total: 21.034500 ms (FindLiveObjects: 1.394700 ms CreateObjectMapping: 1.133500 ms MarkObjects: 14.097700 ms  DeleteObjects: 4.406900 ms)

Prepare: number of updated asset objects reloaded= 0
========================================================================
Received Prepare
[Licensing::Client] Successfully resolved entitlement details
Begin MonoManager ReloadAssembly
[Licensing::Client] Successfully resolved entitlement details
Duplicate assembly 'log4net.dll' with different versions detected, using 'Packages/com.unity.package-validation-suite/Lib/Editor/log4net.dll, AssemblyName=log4net, Version=2.0.8.0, Culture=neutral, PublicKeyToken=669e0ddf0bb1aa2a' and ignoring 'Packages/com.unity.collab-proxy/Lib/Editor/log4netPlastic.dll, AssemblyName=log4net, Version=1.2.15.0, Culture=neutral, PublicKeyToken=669e0ddf0bb1aa2a'.Symbol file LoadedFromMemory is not a mono symbol file
- Loaded All Assemblies, in  1.403 seconds
Refreshing native plugins compatible for Editor in 12.31 ms, found 5 plugins.
Native extension for Android target not found
Native extension for WindowsStandalone target not found
[Package Manager] Failed to launch server process. Reason: Unity was launched with the -noUpm command-line argument
[Package Manager] Unable to send message (not connected to server process).
[Package Manager] Cannot connect to Unity Package Manager local server
[Package Manager] Failed to launch server process. Reason: Unity was launched with the -noUpm command-line argument
[Package Manager] Unable to send message (not connected to server process).
[Package Manager] Cannot connect to Unity Package Manager local server
[Package Manager] Failed to launch server process. Reason: Unity was launched with the -noUpm command-line argument
[Package Manager] Unable to send message (not connected to server process).
[Package Manager] Cannot connect to Unity Package Manager local server
ScheduleIndexationOnStartup MainProcess:False IndexOnStartup:True
Mono: successfully reloaded assembly
- Finished resetting the current domain, in  1.295 seconds
Domain Reload Profiling: 2701ms
	BeginReloadAssembly (377ms)
		ExecutionOrderSort (0ms)
		DisableScriptedObjects (28ms)
		BackupInstance (0ms)
		ReleaseScriptingObjects (0ms)
		CreateAndSetChildDomain (75ms)
	RebuildCommonClasses (58ms)
	RebuildNativeTypeToScriptingClass (24ms)
	initialDomainReloadingComplete (42ms)
	LoadAllAssembliesAndSetupDomain (905ms)
		LoadAssemblies (671ms)
		RebuildTransferFunctionScriptingTraits (0ms)
		AnalyzeDomain (401ms)
			TypeCache.Refresh (10ms)
				TypeCache.ScanAssembly (0ms)
			BuildScriptInfoCaches (361ms)
			ResolveRequiredComponents (23ms)
	FinalizeReload (1295ms)
		ReleaseScriptCaches (0ms)
		RebuildScriptCaches (0ms)
		SetupLoadedEditorAssemblies (1033ms)
			LogAssemblyErrors (0ms)
			InitializePlatformSupportModulesInManaged (11ms)
			SetLoadedEditorAssemblies (8ms)
			BeforeProcessingInitializeOnLoad (236ms)
			ProcessInitializeOnLoadAttributes (539ms)
			ProcessInitializeOnLoadMethodAttributes (235ms)
			AfterProcessingInitializeOnLoad (3ms)
			EditorAssembliesLoaded (1ms)
		ExecutionOrderSort2 (0ms)
		AwakeInstancesAfterBackupRestoration (30ms)
Refreshing native plugins compatible for Editor in 12.63 ms, found 5 plugins.
Preloading 0 native plugins for Editor in 0.00 ms.
Unloading 17 Unused Serialized files (Serialized files now loaded: 0)
Unloading 9099 unused Assets / (6.2 MB). Loaded Objects now: 10655.
Memory consumption went from 181.3 MB to 175.1 MB.
Total: 16.502800 ms (FindLiveObjects: 1.413800 ms CreateObjectMapping: 1.275000 ms MarkObjects: 7.975900 ms  DeleteObjects: 5.835900 ms)

Prepare: number of updated asset objects reloaded= 0
========================================================================
Received Prepare
[Licensing::Client] Successfully resolved entitlement details
Begin MonoManager ReloadAssembly
[Licensing::Client] Successfully resolved entitlement details
Duplicate assembly 'log4net.dll' with different versions detected, using 'Packages/com.unity.package-validation-suite/Lib/Editor/log4net.dll, AssemblyName=log4net, Version=2.0.8.0, Culture=neutral, PublicKeyToken=669e0ddf0bb1aa2a' and ignoring 'Packages/com.unity.collab-proxy/Lib/Editor/log4netPlastic.dll, AssemblyName=log4net, Version=1.2.15.0, Culture=neutral, PublicKeyToken=669e0ddf0bb1aa2a'.Symbol file LoadedFromMemory is not a mono symbol file
- Loaded All Assemblies, in  1.349 seconds
Refreshing native plugins compatible for Editor in 11.65 ms, found 5 plugins.
Native extension for Android target not found
Native extension for WindowsStandalone target not found
[Package Manager] Failed to launch server process. Reason: Unity was launched with the -noUpm command-line argument
[Package Manager] Unable to send message (not connected to server process).
[Package Manager] Cannot connect to Unity Package Manager local server
[Package Manager] Failed to launch server process. Reason: Unity was launched with the -noUpm command-line argument
[Package Manager] Unable to send message (not connected to server process).
[Package Manager] Cannot connect to Unity Package Manager local server
[Package Manager] Failed to launch server process. Reason: Unity was launched with the -noUpm command-line argument
[Package Manager] Unable to send message (not connected to server process).
[Package Manager] Cannot connect to Unity Package Manager local server
ScheduleIndexationOnStartup MainProcess:False IndexOnStartup:True
Mono: successfully reloaded assembly
- Finished resetting the current domain, in  1.302 seconds
Domain Reload Profiling: 2658ms
	BeginReloadAssembly (326ms)
		ExecutionOrderSort (0ms)
		DisableScriptedObjects (25ms)
		BackupInstance (0ms)
		ReleaseScriptingObjects (0ms)
		CreateAndSetChildDomain (65ms)
	RebuildCommonClasses (58ms)
	RebuildNativeTypeToScriptingClass (22ms)
	initialDomainReloadingComplete (40ms)
	LoadAllAssembliesAndSetupDomain (908ms)
		LoadAssemblies (636ms)
		RebuildTransferFunctionScriptingTraits (0ms)
		AnalyzeDomain (413ms)
			TypeCache.Refresh (20ms)
				TypeCache.ScanAssembly (3ms)
			BuildScriptInfoCaches (365ms)
			ResolveRequiredComponents (20ms)
	FinalizeReload (1303ms)
		ReleaseScriptCaches (0ms)
		RebuildScriptCaches (0ms)
		SetupLoadedEditorAssemblies (1024ms)
			LogAssemblyErrors (0ms)
			InitializePlatformSupportModulesInManaged (11ms)
			SetLoadedEditorAssemblies (7ms)
			BeforeProcessingInitializeOnLoad (243ms)
			ProcessInitializeOnLoadAttributes (501ms)
			ProcessInitializeOnLoadMethodAttributes (258ms)
			AfterProcessingInitializeOnLoad (3ms)
			EditorAssembliesLoaded (1ms)
		ExecutionOrderSort2 (0ms)
		AwakeInstancesAfterBackupRestoration (34ms)
Refreshing native plugins compatible for Editor in 11.55 ms, found 5 plugins.
Preloading 0 native plugins for Editor in 0.00 ms.
Unloading 17 Unused Serialized files (Serialized files now loaded: 0)
Unloading 9099 unused Assets / (5.0 MB). Loaded Objects now: 10661.
Memory consumption went from 181.3 MB to 176.4 MB.
Total: 14.850700 ms (FindLiveObjects: 1.574000 ms CreateObjectMapping: 1.282800 ms MarkObjects: 7.855100 ms  DeleteObjects: 4.137100 ms)

Prepare: number of updated asset objects reloaded= 0
========================================================================
Received Prepare
Begin MonoManager ReloadAssembly
Duplicate assembly 'log4net.dll' with different versions detected, using 'Packages/com.unity.package-validation-suite/Lib/Editor/log4net.dll, AssemblyName=log4net, Version=2.0.8.0, Culture=neutral, PublicKeyToken=669e0ddf0bb1aa2a' and ignoring 'Packages/com.unity.collab-proxy/Lib/Editor/log4netPlastic.dll, AssemblyName=log4net, Version=1.2.15.0, Culture=neutral, PublicKeyToken=669e0ddf0bb1aa2a'.Symbol file LoadedFromMemory is not a mono symbol file
- Loaded All Assemblies, in  1.431 seconds
Refreshing native plugins compatible for Editor in 11.95 ms, found 5 plugins.
Native extension for Android target not found
Native extension for WindowsStandalone target not found
[Package Manager] Failed to launch server process. Reason: Unity was launched with the -noUpm command-line argument
[Package Manager] Unable to send message (not connected to server process).
[Package Manager] Cannot connect to Unity Package Manager local server
[Package Manager] Failed to launch server process. Reason: Unity was launched with the -noUpm command-line argument
[Package Manager] Unable to send message (not connected to server process).
[Package Manager] Cannot connect to Unity Package Manager local server
[Package Manager] Failed to launch server process. Reason: Unity was launched with the -noUpm command-line argument
[Package Manager] Unable to send message (not connected to server process).
[Package Manager] Cannot connect to Unity Package Manager local server
ScheduleIndexationOnStartup MainProcess:False IndexOnStartup:True
Mono: successfully reloaded assembly
- Finished resetting the current domain, in  1.282 seconds
Domain Reload Profiling: 2720ms
	BeginReloadAssembly (333ms)
		ExecutionOrderSort (0ms)
		DisableScriptedObjects (22ms)
		BackupInstance (0ms)
		ReleaseScriptingObjects (0ms)
		CreateAndSetChildDomain (67ms)
	RebuildCommonClasses (54ms)
	RebuildNativeTypeToScriptingClass (22ms)
	initialDomainReloadingComplete (45ms)
	LoadAllAssembliesAndSetupDomain (983ms)
		LoadAssemblies (675ms)
		RebuildTransferFunctionScriptingTraits (0ms)
		AnalyzeDomain (453ms)
			TypeCache.Refresh (10ms)
				TypeCache.ScanAssembly (0ms)
			BuildScriptInfoCaches (406ms)
			ResolveRequiredComponents (30ms)
	FinalizeReload (1282ms)
		ReleaseScriptCaches (0ms)
		RebuildScriptCaches (0ms)
		SetupLoadedEditorAssemblies (1007ms)
			LogAssemblyErrors (0ms)
			InitializePlatformSupportModulesInManaged (11ms)
			SetLoadedEditorAssemblies (7ms)
			BeforeProcessingInitializeOnLoad (249ms)
			ProcessInitializeOnLoadAttributes (493ms)
			ProcessInitializeOnLoadMethodAttributes (244ms)
			AfterProcessingInitializeOnLoad (3ms)
			EditorAssembliesLoaded (1ms)
		ExecutionOrderSort2 (0ms)
		AwakeInstancesAfterBackupRestoration (27ms)
Refreshing native plugins compatible for Editor in 11.02 ms, found 5 plugins.
Preloading 0 native plugins for Editor in 0.00 ms.
Unloading 17 Unused Serialized files (Serialized files now loaded: 0)
Unloading 9099 unused Assets / (6.0 MB). Loaded Objects now: 10667.
Memory consumption went from 181.4 MB to 175.4 MB.
Total: 19.431700 ms (FindLiveObjects: 1.451100 ms CreateObjectMapping: 0.924100 ms MarkObjects: 8.307700 ms  DeleteObjects: 8.747600 ms)

Prepare: number of updated asset objects reloaded= 0
========================================================================
Received Prepare
[Licensing::Client] Successfully resolved entitlement details
Begin MonoManager ReloadAssembly
[Licensing::Client] Successfully resolved entitlement details
Duplicate assembly 'log4net.dll' with different versions detected, using 'Packages/com.unity.package-validation-suite/Lib/Editor/log4net.dll, AssemblyName=log4net, Version=2.0.8.0, Culture=neutral, PublicKeyToken=669e0ddf0bb1aa2a' and ignoring 'Packages/com.unity.collab-proxy/Lib/Editor/log4netPlastic.dll, AssemblyName=log4net, Version=1.2.15.0, Culture=neutral, PublicKeyToken=669e0ddf0bb1aa2a'.Symbol file LoadedFromMemory is not a mono symbol file
- Loaded All Assemblies, in  1.364 seconds
Refreshing native plugins compatible for Editor in 12.48 ms, found 5 plugins.
Native extension for Android target not found
Native extension for WindowsStandalone target not found
[Package Manager] Failed to launch server process. Reason: Unity was launched with the -noUpm command-line argument
[Package Manager] Unable to send message (not connected to server process).
[Package Manager] Cannot connect to Unity Package Manager local server
[Package Manager] Failed to launch server process. Reason: Unity was launched with the -noUpm command-line argument
[Package Manager] Unable to send message (not connected to server process).
[Package Manager] Cannot connect to Unity Package Manager local server
[Package Manager] Failed to launch server process. Reason: Unity was launched with the -noUpm command-line argument
[Package Manager] Unable to send message (not connected to server process).
[Package Manager] Cannot connect to Unity Package Manager local server
ScheduleIndexationOnStartup MainProcess:False IndexOnStartup:True
Mono: successfully reloaded assembly
- Finished resetting the current domain, in  1.374 seconds
Domain Reload Profiling: 2741ms
	BeginReloadAssembly (329ms)
		ExecutionOrderSort (0ms)
		DisableScriptedObjects (21ms)
		BackupInstance (0ms)
		ReleaseScriptingObjects (0ms)
		CreateAndSetChildDomain (71ms)
	RebuildCommonClasses (53ms)
	RebuildNativeTypeToScriptingClass (22ms)
	initialDomainReloadingComplete (42ms)
	LoadAllAssembliesAndSetupDomain (921ms)
		LoadAssemblies (672ms)
		RebuildTransferFunctionScriptingTraits (0ms)
		AnalyzeDomain (402ms)
			TypeCache.Refresh (18ms)
				TypeCache.ScanAssembly (3ms)
			BuildScriptInfoCaches (359ms)
			ResolveRequiredComponents (20ms)
	FinalizeReload (1375ms)
		ReleaseScriptCaches (0ms)
		RebuildScriptCaches (0ms)
		SetupLoadedEditorAssemblies (1111ms)
			LogAssemblyErrors (0ms)
			InitializePlatformSupportModulesInManaged (13ms)
			SetLoadedEditorAssemblies (8ms)
			BeforeProcessingInitializeOnLoad (260ms)
			ProcessInitializeOnLoadAttributes (578ms)
			ProcessInitializeOnLoadMethodAttributes (248ms)
			AfterProcessingInitializeOnLoad (4ms)
			EditorAssembliesLoaded (1ms)
		ExecutionOrderSort2 (0ms)
		AwakeInstancesAfterBackupRestoration (26ms)
Refreshing native plugins compatible for Editor in 13.76 ms, found 5 plugins.
Preloading 0 native plugins for Editor in 0.00 ms.
Unloading 17 Unused Serialized files (Serialized files now loaded: 0)
Unloading 9099 unused Assets / (6.9 MB). Loaded Objects now: 10673.
Memory consumption went from 181.4 MB to 174.5 MB.
Total: 20.761300 ms (FindLiveObjects: 1.817300 ms CreateObjectMapping: 2.664100 ms MarkObjects: 8.906900 ms  DeleteObjects: 7.370600 ms)

Prepare: number of updated asset objects reloaded= 0
========================================================================
Received Prepare
[Licensing::Client] Successfully resolved entitlement details
Begin MonoManager ReloadAssembly
[Licensing::Client] Successfully resolved entitlement details
Duplicate assembly 'log4net.dll' with different versions detected, using 'Packages/com.unity.package-validation-suite/Lib/Editor/log4net.dll, AssemblyName=log4net, Version=2.0.8.0, Culture=neutral, PublicKeyToken=669e0ddf0bb1aa2a' and ignoring 'Packages/com.unity.collab-proxy/Lib/Editor/log4netPlastic.dll, AssemblyName=log4net, Version=1.2.15.0, Culture=neutral, PublicKeyToken=669e0ddf0bb1aa2a'.Symbol file LoadedFromMemory is not a mono symbol file
- Loaded All Assemblies, in  1.371 seconds
Refreshing native plugins compatible for Editor in 14.68 ms, found 5 plugins.
Native extension for Android target not found
Native extension for WindowsStandalone target not found
[Package Manager] Failed to launch server process. Reason: Unity was launched with the -noUpm command-line argument
[Package Manager] Unable to send message (not connected to server process).
[Package Manager] Cannot connect to Unity Package Manager local server
[Package Manager] Failed to launch server process. Reason: Unity was launched with the -noUpm command-line argument
[Package Manager] Unable to send message (not connected to server process).
[Package Manager] Cannot connect to Unity Package Manager local server
[Package Manager] Failed to launch server process. Reason: Unity was launched with the -noUpm command-line argument
[Package Manager] Unable to send message (not connected to server process).
[Package Manager] Cannot connect to Unity Package Manager local server
ScheduleIndexationOnStartup MainProcess:False IndexOnStartup:True
Mono: successfully reloaded assembly
- Finished resetting the current domain, in  1.280 seconds
Domain Reload Profiling: 2654ms
	BeginReloadAssembly (339ms)
		ExecutionOrderSort (0ms)
		DisableScriptedObjects (24ms)
		BackupInstance (0ms)
		ReleaseScriptingObjects (0ms)
		CreateAndSetChildDomain (67ms)
	RebuildCommonClasses (70ms)
	RebuildNativeTypeToScriptingClass (32ms)
	initialDomainReloadingComplete (49ms)
	LoadAllAssembliesAndSetupDomain (885ms)
		LoadAssemblies (657ms)
		RebuildTransferFunctionScriptingTraits (0ms)
		AnalyzeDomain (391ms)
			TypeCache.Refresh (10ms)
				TypeCache.ScanAssembly (0ms)
			BuildScriptInfoCaches (355ms)
			ResolveRequiredComponents (20ms)
	FinalizeReload (1280ms)
		ReleaseScriptCaches (0ms)
		RebuildScriptCaches (0ms)
		SetupLoadedEditorAssemblies (1013ms)
			LogAssemblyErrors (0ms)
			InitializePlatformSupportModulesInManaged (11ms)
			SetLoadedEditorAssemblies (7ms)
			BeforeProcessingInitializeOnLoad (247ms)
			ProcessInitializeOnLoadAttributes (503ms)
			ProcessInitializeOnLoadMethodAttributes (240ms)
			AfterProcessingInitializeOnLoad (3ms)
			EditorAssembliesLoaded (1ms)
		ExecutionOrderSort2 (0ms)
		AwakeInstancesAfterBackupRestoration (22ms)
Refreshing native plugins compatible for Editor in 12.25 ms, found 5 plugins.
Preloading 0 native plugins for Editor in 0.00 ms.
Unloading 17 Unused Serialized files (Serialized files now loaded: 0)
Unloading 9099 unused Assets / (5.1 MB). Loaded Objects now: 10679.
Memory consumption went from 181.5 MB to 176.4 MB.
Total: 15.183800 ms (FindLiveObjects: 1.382100 ms CreateObjectMapping: 0.720800 ms MarkObjects: 9.281500 ms  DeleteObjects: 3.797800 ms)

Prepare: number of updated asset objects reloaded= 0
========================================================================
Received Prepare
[Licensing::Client] Successfully resolved entitlement details
Begin MonoManager ReloadAssembly
[Licensing::Client] Successfully resolved entitlement details
Duplicate assembly 'log4net.dll' with different versions detected, using 'Packages/com.unity.package-validation-suite/Lib/Editor/log4net.dll, AssemblyName=log4net, Version=2.0.8.0, Culture=neutral, PublicKeyToken=669e0ddf0bb1aa2a' and ignoring 'Packages/com.unity.collab-proxy/Lib/Editor/log4netPlastic.dll, AssemblyName=log4net, Version=1.2.15.0, Culture=neutral, PublicKeyToken=669e0ddf0bb1aa2a'.Symbol file LoadedFromMemory is not a mono symbol file
- Loaded All Assemblies, in  1.446 seconds
Refreshing native plugins compatible for Editor in 12.10 ms, found 5 plugins.
Native extension for Android target not found
Native extension for WindowsStandalone target not found
[Package Manager] Failed to launch server process. Reason: Unity was launched with the -noUpm command-line argument
[Package Manager] Unable to send message (not connected to server process).
[Package Manager] Cannot connect to Unity Package Manager local server
[Package Manager] Failed to launch server process. Reason: Unity was launched with the -noUpm command-line argument
[Package Manager] Unable to send message (not connected to server process).
[Package Manager] Cannot connect to Unity Package Manager local server
[Package Manager] Failed to launch server process. Reason: Unity was launched with the -noUpm command-line argument
[Package Manager] Unable to send message (not connected to server process).
[Package Manager] Cannot connect to Unity Package Manager local server
ScheduleIndexationOnStartup MainProcess:False IndexOnStartup:True
Mono: successfully reloaded assembly
- Finished resetting the current domain, in  1.258 seconds
Domain Reload Profiling: 2708ms
	BeginReloadAssembly (340ms)
		ExecutionOrderSort (0ms)
		DisableScriptedObjects (27ms)
		BackupInstance (0ms)
		ReleaseScriptingObjects (0ms)
		CreateAndSetChildDomain (67ms)
	RebuildCommonClasses (59ms)
	RebuildNativeTypeToScriptingClass (22ms)
	initialDomainReloadingComplete (49ms)
	LoadAllAssembliesAndSetupDomain (979ms)
		LoadAssemblies (741ms)
		RebuildTransferFunctionScriptingTraits (0ms)
		AnalyzeDomain (396ms)
			TypeCache.Refresh (10ms)
				TypeCache.ScanAssembly (0ms)
			BuildScriptInfoCaches (360ms)
			ResolveRequiredComponents (20ms)
	FinalizeReload (1259ms)
		ReleaseScriptCaches (0ms)
		RebuildScriptCaches (0ms)
		SetupLoadedEditorAssemblies (988ms)
			LogAssemblyErrors (0ms)
			InitializePlatformSupportModulesInManaged (11ms)
			SetLoadedEditorAssemblies (8ms)
			BeforeProcessingInitializeOnLoad (245ms)
			ProcessInitializeOnLoadAttributes (489ms)
			ProcessInitializeOnLoadMethodAttributes (231ms)
			AfterProcessingInitializeOnLoad (3ms)
			EditorAssembliesLoaded (1ms)
		ExecutionOrderSort2 (0ms)
		AwakeInstancesAfterBackupRestoration (23ms)
Refreshing native plugins compatible for Editor in 13.05 ms, found 5 plugins.
Preloading 0 native plugins for Editor in 0.00 ms.
Unloading 17 Unused Serialized files (Serialized files now loaded: 0)
Unloading 9099 unused Assets / (6.2 MB). Loaded Objects now: 10685.
Memory consumption went from 181.5 MB to 175.4 MB.
Total: 15.596200 ms (FindLiveObjects: 1.357800 ms CreateObjectMapping: 1.152900 ms MarkObjects: 7.567800 ms  DeleteObjects: 5.516700 ms)

Prepare: number of updated asset objects reloaded= 0
========================================================================
Received Import Request.
  Time since last request: 2047.381030 seconds.
  path: Assets/Resources/400+ Rpg items16x16/tile001.png
  artifactKey: Guid(91e7e2b106fcc864aa2ec1fea737c2f2) Importer(815301076,1909f56bfc062723c751e8b465ee728b)
Start importing Assets/Resources/400+ Rpg items16x16/tile001.png using Guid(91e7e2b106fcc864aa2ec1fea737c2f2) Importer(815301076,1909f56bfc062723c751e8b465ee728b) (PreviewImporter) -> (artifact id: 'f99e75eace8e0e2af085c70551e12864') in 1.4014565 seconds
Number of updated asset objects reloaded before import = 0Number of asset objects unloaded after import = 5170

========================================================================
Received Import Request.
  Time since last request: 0.000031 seconds.
  path: Assets/Resources/400+ Rpg items16x16/tile058.png
  artifactKey: Guid(80ef3691d2f33cd439f0b1c8e1920548) Importer(815301076,1909f56bfc062723c751e8b465ee728b)
Start importing Assets/Resources/400+ Rpg items16x16/tile058.png using Guid(80ef3691d2f33cd439f0b1c8e1920548) Importer(815301076,1909f56bfc062723c751e8b465ee728b) (PreviewImporter) -> (artifact id: 'dfddf269c618a639ef32cf048e72d3ae') in 0.5596651 seconds
Number of updated asset objects reloaded before import = 0Number of asset objects unloaded after import = 5170

========================================================================
Received Import Request.
  Time since last request: 0.000043 seconds.
  path: Assets/Resources/400+ Rpg items16x16/tile014.png
  artifactKey: Guid(f7359bfd48369b84e88b6ca31787b047) Importer(815301076,1909f56bfc062723c751e8b465ee728b)
Start importing Assets/Resources/400+ Rpg items16x16/tile014.png using Guid(f7359bfd48369b84e88b6ca31787b047) Importer(815301076,1909f56bfc062723c751e8b465ee728b) (PreviewImporter) -> (artifact id: '6f69161b4ccbe3c4f8b48eb9083709da') in 0.5551026 seconds
Number of updated asset objects reloaded before import = 0Number of asset objects unloaded after import = 5170

========================================================================
Received Import Request.
  Time since last request: 0.000044 seconds.
  path: Assets/Resources/400+ Rpg items16x16/tile027.png
  artifactKey: Guid(b8a4d4bf04cfe1946ae1e8b927155089) Importer(815301076,1909f56bfc062723c751e8b465ee728b)
Start importing Assets/Resources/400+ Rpg items16x16/tile027.png using Guid(b8a4d4bf04cfe1946ae1e8b927155089) Importer(815301076,1909f56bfc062723c751e8b465ee728b) (PreviewImporter) -> (artifact id: 'e09248ec991d582ab2b8635c91063811') in 0.5355759 seconds
Number of updated asset objects reloaded before import = 0Number of asset objects unloaded after import = 5170

========================================================================
Received Import Request.
  Time since last request: 0.000045 seconds.
  path: Assets/Resources/400+ Rpg items16x16/tile051.png
  artifactKey: Guid(7b37e8150226cb64aa1510f640450883) Importer(815301076,1909f56bfc062723c751e8b465ee728b)
Start importing Assets/Resources/400+ Rpg items16x16/tile051.png using Guid(7b37e8150226cb64aa1510f640450883) Importer(815301076,1909f56bfc062723c751e8b465ee728b) (PreviewImporter) -> (artifact id: 'df3f01aa3658dfb31413b823da29d183') in 0.6116782 seconds
Number of updated asset objects reloaded before import = 0Number of asset objects unloaded after import = 5170

========================================================================
Received Import Request.
  Time since last request: 0.000043 seconds.
  path: Assets/Resources/400+ Rpg items16x16/tile062.png
  artifactKey: Guid(5100473dfa76a2c4eb04b32e7d84174e) Importer(815301076,1909f56bfc062723c751e8b465ee728b)
Start importing Assets/Resources/400+ Rpg items16x16/tile062.png using Guid(5100473dfa76a2c4eb04b32e7d84174e) Importer(815301076,1909f56bfc062723c751e8b465ee728b) (PreviewImporter) -> (artifact id: 'd54232e10ac9f4efa901012e5b3d420d') in 0.5790022 seconds
Number of updated asset objects reloaded before import = 0Number of asset objects unloaded after import = 5170

========================================================================
Received Import Request.
  Time since last request: 0.000045 seconds.
  path: Assets/Resources/400+ Rpg items16x16/tile009.png
  artifactKey: Guid(7b5b1044fdcdd1c42bb3f746bc081613) Importer(815301076,1909f56bfc062723c751e8b465ee728b)
Start importing Assets/Resources/400+ Rpg items16x16/tile009.png using Guid(7b5b1044fdcdd1c42bb3f746bc081613) Importer(815301076,1909f56bfc062723c751e8b465ee728b) (PreviewImporter) -> (artifact id: 'e6ac17eb71be8b9003eda34a3b332ab0') in 0.5945381 seconds
Number of updated asset objects reloaded before import = 0Number of asset objects unloaded after import = 5170

========================================================================
Received Import Request.
  Time since last request: 0.000034 seconds.
  path: Assets/Resources/400+ Rpg items16x16/tile044.png
  artifactKey: Guid(1769caf937090374ba7c0257c94baca6) Importer(815301076,1909f56bfc062723c751e8b465ee728b)
Start importing Assets/Resources/400+ Rpg items16x16/tile044.png using Guid(1769caf937090374ba7c0257c94baca6) Importer(815301076,1909f56bfc062723c751e8b465ee728b) (PreviewImporter) -> (artifact id: '19b3974232b48694bc26c6d1e42c9e3a') in 0.5712727 seconds
Number of updated asset objects reloaded before import = 0Number of asset objects unloaded after import = 5170

========================================================================
Received Import Request.
  Time since last request: 0.000048 seconds.
  path: Assets/Resources/400+ Rpg items16x16/tile030.png
  artifactKey: Guid(b82606088e3f40645a40754a28ba1706) Importer(815301076,1909f56bfc062723c751e8b465ee728b)
Start importing Assets/Resources/400+ Rpg items16x16/tile030.png using Guid(b82606088e3f40645a40754a28ba1706) Importer(815301076,1909f56bfc062723c751e8b465ee728b) (PreviewImporter) -> (artifact id: '3f6cd57185a6d61344adaf3ef2050901') in 0.5766546 seconds
Number of updated asset objects reloaded before import = 0Number of asset objects unloaded after import = 5170

========================================================================
Received Import Request.
  Time since last request: 0.000070 seconds.
  path: Assets/Resources/400+ Rpg items16x16/tile026.png
  artifactKey: Guid(fc70ccae6d44ddb4da3eb7eca19cf2a1) Importer(815301076,1909f56bfc062723c751e8b465ee728b)
Start importing Assets/Resources/400+ Rpg items16x16/tile026.png using Guid(fc70ccae6d44ddb4da3eb7eca19cf2a1) Importer(815301076,1909f56bfc062723c751e8b465ee728b) (PreviewImporter) -> (artifact id: '794f79b69cecc4be673ac1042494beaf') in 0.6287069 seconds
Number of updated asset objects reloaded before import = 0Number of asset objects unloaded after import = 5170

========================================================================
Received Import Request.
  Time since last request: 0.000044 seconds.
  path: Assets/Resources/400+ Rpg items16x16/tile010.png
  artifactKey: Guid(8db47940703f79849a858f9f9c2a20cf) Importer(815301076,1909f56bfc062723c751e8b465ee728b)
Start importing Assets/Resources/400+ Rpg items16x16/tile010.png using Guid(8db47940703f79849a858f9f9c2a20cf) Importer(815301076,1909f56bfc062723c751e8b465ee728b) (PreviewImporter) -> (artifact id: '0962540cb6f208d0c46dae5c0120a592') in 0.60036 seconds
Number of updated asset objects reloaded before import = 0Number of asset objects unloaded after import = 5170

========================================================================
Received Import Request.
  Time since last request: 0.000058 seconds.
  path: Assets/Resources/400+ Rpg items16x16/tile006.png
  artifactKey: Guid(9f5e66234984fde448eb7dfe517d31b8) Importer(815301076,1909f56bfc062723c751e8b465ee728b)
Start importing Assets/Resources/400+ Rpg items16x16/tile006.png using Guid(9f5e66234984fde448eb7dfe517d31b8) Importer(815301076,1909f56bfc062723c751e8b465ee728b) (PreviewImporter) -> (artifact id: '462ab18f9ede745f66cd95127d1497d6') in 0.5566019 seconds
Number of updated asset objects reloaded before import = 0Number of asset objects unloaded after import = 5170

========================================================================
Received Import Request.
  Time since last request: 0.000047 seconds.
  path: Assets/Resources/400+ Rpg items16x16/tile023.png
  artifactKey: Guid(0840c1819a412d84bb17f101d804d232) Importer(815301076,1909f56bfc062723c751e8b465ee728b)
Start importing Assets/Resources/400+ Rpg items16x16/tile023.png using Guid(0840c1819a412d84bb17f101d804d232) Importer(815301076,1909f56bfc062723c751e8b465ee728b) (PreviewImporter) -> (artifact id: '88a78b850d2e45b53e15384379aebbe5') in 0.5476712 seconds
Number of updated asset objects reloaded before import = 0Number of asset objects unloaded after import = 5170

========================================================================
Received Import Request.
  Time since last request: 0.000039 seconds.
  path: Assets/Resources/400+ Rpg items16x16/tile042.png
  artifactKey: Guid(a7b74702c36846149971df53c3d3c036) Importer(815301076,1909f56bfc062723c751e8b465ee728b)
Start importing Assets/Resources/400+ Rpg items16x16/tile042.png using Guid(a7b74702c36846149971df53c3d3c036) Importer(815301076,1909f56bfc062723c751e8b465ee728b) (PreviewImporter) -> (artifact id: 'a090421a74de115e86b789b5ece6e439') in 0.5504533 seconds
Number of updated asset objects reloaded before import = 0Number of asset objects unloaded after import = 5170

========================================================================
Received Import Request.
  Time since last request: 0.000053 seconds.
  path: Assets/Resources/400+ Rpg items16x16/tile013.png
  artifactKey: Guid(2f9a0abcc15b92e41b734933534debe3) Importer(815301076,1909f56bfc062723c751e8b465ee728b)
Start importing Assets/Resources/400+ Rpg items16x16/tile013.png using Guid(2f9a0abcc15b92e41b734933534debe3) Importer(815301076,1909f56bfc062723c751e8b465ee728b) (PreviewImporter) -> (artifact id: 'a011962b820ec4c48f6396a5c002afda') in 0.5524302 seconds
Number of updated asset objects reloaded before import = 0Number of asset objects unloaded after import = 5170

========================================================================
Received Import Request.
  Time since last request: 0.000036 seconds.
  path: Assets/Resources/400+ Rpg items16x16/tile018.png
  artifactKey: Guid(e31001c9b5c32794ea80006af8043f11) Importer(815301076,1909f56bfc062723c751e8b465ee728b)
Start importing Assets/Resources/400+ Rpg items16x16/tile018.png using Guid(e31001c9b5c32794ea80006af8043f11) Importer(815301076,1909f56bfc062723c751e8b465ee728b) (PreviewImporter) -> (artifact id: 'e3d3752cf0013c814a0731302ffc259f') in 0.5705829 seconds
Number of updated asset objects reloaded before import = 0Number of asset objects unloaded after import = 5170

========================================================================
Received Import Request.
  Time since last request: 0.000083 seconds.
  path: Assets/Resources/400+ Rpg items16x16/tile063.png
  artifactKey: Guid(43bb6f39fa91b9f4d89cde90ea431af5) Importer(815301076,1909f56bfc062723c751e8b465ee728b)
Start importing Assets/Resources/400+ Rpg items16x16/tile063.png using Guid(43bb6f39fa91b9f4d89cde90ea431af5) Importer(815301076,1909f56bfc062723c751e8b465ee728b) (PreviewImporter) -> (artifact id: '3e731fb4c062444f56eb8d377af40477') in 0.5208338 seconds
Number of updated asset objects reloaded before import = 0Number of asset objects unloaded after import = 5170

========================================================================
Received Import Request.
  Time since last request: 0.000038 seconds.
  path: Assets/Resources/400+ Rpg items16x16/tile032.png
  artifactKey: Guid(0ef0b9fe0ffde354f8d6d8d5e8ea40fb) Importer(815301076,1909f56bfc062723c751e8b465ee728b)
Start importing Assets/Resources/400+ Rpg items16x16/tile032.png using Guid(0ef0b9fe0ffde354f8d6d8d5e8ea40fb) Importer(815301076,1909f56bfc062723c751e8b465ee728b) (PreviewImporter) -> (artifact id: '60753610597c4d560186f4b6c0f58506') in 0.5329569 seconds
Number of updated asset objects reloaded before import = 0Number of asset objects unloaded after import = 5170

========================================================================
Received Import Request.
  Time since last request: 0.000050 seconds.
  path: Assets/Resources/400+ Rpg items16x16/tile053.png
  artifactKey: Guid(7177fc492eccdc44b89cf141a5e04aab) Importer(815301076,1909f56bfc062723c751e8b465ee728b)
Start importing Assets/Resources/400+ Rpg items16x16/tile053.png using Guid(7177fc492eccdc44b89cf141a5e04aab) Importer(815301076,1909f56bfc062723c751e8b465ee728b) (PreviewImporter) -> (artifact id: '3bda127e7a205edf416e6d452b274184') in 0.5774368 seconds
Number of updated asset objects reloaded before import = 0Number of asset objects unloaded after import = 5170

========================================================================
Received Import Request.
  Time since last request: 0.000034 seconds.
  path: Assets/Resources/400+ Rpg items16x16/tile022.png
  artifactKey: Guid(5cdc13ac0b588ad44914025fc1964224) Importer(815301076,1909f56bfc062723c751e8b465ee728b)
Start importing Assets/Resources/400+ Rpg items16x16/tile022.png using Guid(5cdc13ac0b588ad44914025fc1964224) Importer(815301076,1909f56bfc062723c751e8b465ee728b) (PreviewImporter) -> (artifact id: 'a8021bd90606ce8035ac38c198a21ea3') in 0.5710771 seconds
Number of updated asset objects reloaded before import = 0Number of asset objects unloaded after import = 5170

========================================================================
Received Import Request.
  Time since last request: 0.000063 seconds.
  path: Assets/Resources/400+ Rpg items16x16/tile040.png
  artifactKey: Guid(9c7fe45d37cd92b42902daa8de3ccb50) Importer(815301076,1909f56bfc062723c751e8b465ee728b)
Start importing Assets/Resources/400+ Rpg items16x16/tile040.png using Guid(9c7fe45d37cd92b42902daa8de3ccb50) Importer(815301076,1909f56bfc062723c751e8b465ee728b) (PreviewImporter) -> (artifact id: '709a2806196048a6aa8ff2ec6a9a4a60') in 0.5133708 seconds
Number of updated asset objects reloaded before import = 0Number of asset objects unloaded after import = 5170

========================================================================
Received Import Request.
  Time since last request: 0.000061 seconds.
  path: Assets/Resources/400+ Rpg items16x16/tile033.png
  artifactKey: Guid(1eb17e90a0be94f4cb3d62879206254f) Importer(815301076,1909f56bfc062723c751e8b465ee728b)
Start importing Assets/Resources/400+ Rpg items16x16/tile033.png using Guid(1eb17e90a0be94f4cb3d62879206254f) Importer(815301076,1909f56bfc062723c751e8b465ee728b) (PreviewImporter) -> (artifact id: '6f999d0c423242df1d72a4dd931774d1') in 0.550118 seconds
Number of updated asset objects reloaded before import = 0Number of asset objects unloaded after import = 5170

========================================================================
Received Import Request.
  Time since last request: 3.576462 seconds.
  path: Assets/Resources/Attack_Button.png
  artifactKey: Guid(922948878c2b2f34babb501f14917630) Importer(815301076,1909f56bfc062723c751e8b465ee728b)
Start importing Assets/Resources/Attack_Button.png using Guid(922948878c2b2f34babb501f14917630) Importer(815301076,1909f56bfc062723c751e8b465ee728b) (PreviewImporter) -> (artifact id: 'e3cc37d694a53b6e81f88790ba851ede') in 0.6009497 seconds
Number of updated asset objects reloaded before import = 0Number of asset objects unloaded after import = 5170

========================================================================
Received Import Request.
  Time since last request: 0.000038 seconds.
  path: Assets/Resources/Tower_2.png
  artifactKey: Guid(709d97e9a63232047b834bcb0a4d783b) Importer(815301076,1909f56bfc062723c751e8b465ee728b)
Start importing Assets/Resources/Tower_2.png using Guid(709d97e9a63232047b834bcb0a4d783b) Importer(815301076,1909f56bfc062723c751e8b465ee728b) (PreviewImporter) -> (artifact id: '4edc671f13d7c00ea82a0db55e7fe508') in 0.5772701 seconds
Number of updated asset objects reloaded before import = 0Number of asset objects unloaded after import = 5170

========================================================================
Received Import Request.
  Time since last request: 0.000050 seconds.
  path: Assets/Resources/potions_black_outline.png
  artifactKey: Guid(a9fe4898b61b4394886d460606cba7e9) Importer(815301076,1909f56bfc062723c751e8b465ee728b)
Start importing Assets/Resources/potions_black_outline.png using Guid(a9fe4898b61b4394886d460606cba7e9) Importer(815301076,1909f56bfc062723c751e8b465ee728b) (PreviewImporter) -> (artifact id: '468041920d755879f79f39e03dce12db') in 1.3288999 seconds
Number of updated asset objects reloaded before import = 0Number of asset objects unloaded after import = 5170

========================================================================
Received Import Request.
  Time since last request: 0.000031 seconds.
  path: Assets/Resources/Hp_Line.png
  artifactKey: Guid(47902c081f8418c469bf5c7416e3f222) Importer(815301076,1909f56bfc062723c751e8b465ee728b)
Start importing Assets/Resources/Hp_Line.png using Guid(47902c081f8418c469bf5c7416e3f222) Importer(815301076,1909f56bfc062723c751e8b465ee728b) (PreviewImporter) -> (artifact id: '267af07da80d5fcb5a1a2fdf0639d061') in 0.541163 seconds
Number of updated asset objects reloaded before import = 0Number of asset objects unloaded after import = 5170

========================================================================
Received Import Request.
  Time since last request: 1.605444 seconds.
  path: Assets/Resources/Attack_Button.png
  artifactKey: Guid(922948878c2b2f34babb501f14917630) Importer(815301076,1909f56bfc062723c751e8b465ee728b)
Start importing Assets/Resources/Attack_Button.png using Guid(922948878c2b2f34babb501f14917630) Importer(815301076,1909f56bfc062723c751e8b465ee728b) (PreviewImporter) -> (artifact id: 'cdcec87a9ecb7c292932fbcd65260961') in 0.6099389 seconds
Number of updated asset objects reloaded before import = 0Number of asset objects unloaded after import = 5170

========================================================================
Received Import Request.
  Time since last request: 0.000035 seconds.
  path: Assets/Resources/Colodaz.png
  artifactKey: Guid(1465737cb42171c49a2ae0e72d8b0434) Importer(815301076,1909f56bfc062723c751e8b465ee728b)
Start importing Assets/Resources/Colodaz.png using Guid(1465737cb42171c49a2ae0e72d8b0434) Importer(815301076,1909f56bfc062723c751e8b465ee728b) (PreviewImporter) -> (artifact id: 'f28afdb11a3a93c44e8c35226f4fc854') in 0.563492 seconds
Number of updated asset objects reloaded before import = 0Number of asset objects unloaded after import = 5170

========================================================================
Received Import Request.
  Time since last request: 0.000066 seconds.
  path: Assets/Resources/Tower_2/Dungeon_Tile_3_35.asset
  artifactKey: Guid(361d5b0e0956dfe4f898c5c54dd1015a) Importer(815301076,1909f56bfc062723c751e8b465ee728b)
Start importing Assets/Resources/Tower_2/Dungeon_Tile_3_35.asset using Guid(361d5b0e0956dfe4f898c5c54dd1015a) Importer(815301076,1909f56bfc062723c751e8b465ee728b) (PreviewImporter) -> (artifact id: 'd1c51893e2e3c0e20ef9acf3961610bb') in 0.5824013 seconds
Number of updated asset objects reloaded before import = 0Number of asset objects unloaded after import = 5170

========================================================================
Received Import Request.
  Time since last request: 0.000044 seconds.
  path: Assets/Resources/Tower_2/Dungeon_Tile_3_56.asset
  artifactKey: Guid(0adff7dceb6f0904b88841905fb6f3d2) Importer(815301076,1909f56bfc062723c751e8b465ee728b)
Start importing Assets/Resources/Tower_2/Dungeon_Tile_3_56.asset using Guid(0adff7dceb6f0904b88841905fb6f3d2) Importer(815301076,1909f56bfc062723c751e8b465ee728b) (PreviewImporter) -> (artifact id: '83fd45fd08082c461feb7f43c7465057') in 0.6453008 seconds
Number of updated asset objects reloaded before import = 0Number of asset objects unloaded after import = 5170

========================================================================
Received Import Request.
  Time since last request: 0.000043 seconds.
  path: Assets/Resources/Tower_2/Dungeon_Tile_3_25.asset
  artifactKey: Guid(e012270616d3de0449dc6adf39a1e6ae) Importer(815301076,1909f56bfc062723c751e8b465ee728b)
Start importing Assets/Resources/Tower_2/Dungeon_Tile_3_25.asset using Guid(e012270616d3de0449dc6adf39a1e6ae) Importer(815301076,1909f56bfc062723c751e8b465ee728b) (PreviewImporter) -> (artifact id: '72755f86ba9367324bec7c3b6629990a') in 0.6024331 seconds
Number of updated asset objects reloaded before import = 0Number of asset objects unloaded after import = 5170

========================================================================
Received Import Request.
  Time since last request: 0.000049 seconds.
  path: Assets/Resources/Tower_2/Dungeon_Tile_3_51.asset
  artifactKey: Guid(3f299038211ee864885adcf03bc819fb) Importer(815301076,1909f56bfc062723c751e8b465ee728b)
Start importing Assets/Resources/Tower_2/Dungeon_Tile_3_51.asset using Guid(3f299038211ee864885adcf03bc819fb) Importer(815301076,1909f56bfc062723c751e8b465ee728b) (PreviewImporter) -> (artifact id: '3f074d84b1b7cdaa61d151ad8091f0bd') in 0.6417072 seconds
Number of updated asset objects reloaded before import = 0Number of asset objects unloaded after import = 5170

========================================================================
Received Import Request.
  Time since last request: 0.000044 seconds.
  path: Assets/Resources/Tower_2/Dungeon_Tile_3_39.asset
  artifactKey: Guid(601131dd15bf560439b949f73d170a73) Importer(815301076,1909f56bfc062723c751e8b465ee728b)
Start importing Assets/Resources/Tower_2/Dungeon_Tile_3_39.asset using Guid(601131dd15bf560439b949f73d170a73) Importer(815301076,1909f56bfc062723c751e8b465ee728b) (PreviewImporter) -> (artifact id: 'f95503b817ec4a7453bd7d4cd411506b') in 0.6425113 seconds
Number of updated asset objects reloaded before import = 0Number of asset objects unloaded after import = 5170

========================================================================
Received Import Request.
  Time since last request: 0.000037 seconds.
  path: Assets/Resources/Tower_2/Dungeon_Tile_3_22.asset
  artifactKey: Guid(092b73dd77a40c441a36287c7b7f840c) Importer(815301076,1909f56bfc062723c751e8b465ee728b)
Start importing Assets/Resources/Tower_2/Dungeon_Tile_3_22.asset using Guid(092b73dd77a40c441a36287c7b7f840c) Importer(815301076,1909f56bfc062723c751e8b465ee728b) (PreviewImporter) -> (artifact id: 'c903a634987f029f03a51ef3f468ba6e') in 0.6365031 seconds
Number of updated asset objects reloaded before import = 0Number of asset objects unloaded after import = 5170

========================================================================
Received Import Request.
  Time since last request: 0.000054 seconds.
  path: Assets/Resources/Tower_2/Dungeon_Tile_3_62.asset
  artifactKey: Guid(d422b68207843ae4198a9e0dc27dff42) Importer(815301076,1909f56bfc062723c751e8b465ee728b)
Start importing Assets/Resources/Tower_2/Dungeon_Tile_3_62.asset using Guid(d422b68207843ae4198a9e0dc27dff42) Importer(815301076,1909f56bfc062723c751e8b465ee728b) (PreviewImporter) -> (artifact id: '704ec23f81d79afc00b038448b856835') in 0.6634656 seconds
Number of updated asset objects reloaded before import = 0Number of asset objects unloaded after import = 5170

========================================================================
Received Import Request.
  Time since last request: 0.000042 seconds.
  path: Assets/Resources/Tower_2/Dungeon_Tile_3_17.asset
  artifactKey: Guid(ccf5c2db3749cc24b804744e270f0fd8) Importer(815301076,1909f56bfc062723c751e8b465ee728b)
Start importing Assets/Resources/Tower_2/Dungeon_Tile_3_17.asset using Guid(ccf5c2db3749cc24b804744e270f0fd8) Importer(815301076,1909f56bfc062723c751e8b465ee728b) (PreviewImporter) -> (artifact id: 'f55766a1955dca5c4cd738b689fedaf4') in 0.6256539 seconds
Number of updated asset objects reloaded before import = 0Number of asset objects unloaded after import = 5170

========================================================================
Received Import Request.
  Time since last request: 0.000041 seconds.
  path: Assets/Resources/Tower_2/Dungeon_Tile_3_48.asset
  artifactKey: Guid(365f8788494a7d94ca3de25f9d04d2f5) Importer(815301076,1909f56bfc062723c751e8b465ee728b)
Start importing Assets/Resources/Tower_2/Dungeon_Tile_3_48.asset using Guid(365f8788494a7d94ca3de25f9d04d2f5) Importer(815301076,1909f56bfc062723c751e8b465ee728b) (PreviewImporter) -> (artifact id: 'a80f51507b99c3ceeaebdc6eda6209a2') in 0.5700335 seconds
Number of updated asset objects reloaded before import = 0Number of asset objects unloaded after import = 5170

========================================================================
Received Import Request.
  Time since last request: 0.000042 seconds.
  path: Assets/Resources/Tower_2/Dungeon_Tile_3_21.asset
  artifactKey: Guid(7ccba6037e3165c4a93d277f99f3fe52) Importer(815301076,1909f56bfc062723c751e8b465ee728b)
Start importing Assets/Resources/Tower_2/Dungeon_Tile_3_21.asset using Guid(7ccba6037e3165c4a93d277f99f3fe52) Importer(815301076,1909f56bfc062723c751e8b465ee728b) (PreviewImporter) -> (artifact id: 'b089b9978f57893616cf81ae9d01fa0c') in 0.5711423 seconds
Number of updated asset objects reloaded before import = 0Number of asset objects unloaded after import = 5170

========================================================================
Received Import Request.
  Time since last request: 0.000048 seconds.
  path: Assets/Resources/Tower_2/Dungeon_Tile_3_41.asset
  artifactKey: Guid(a0f583e77f83b3c41bc160df8c82aa33) Importer(815301076,1909f56bfc062723c751e8b465ee728b)
Start importing Assets/Resources/Tower_2/Dungeon_Tile_3_41.asset using Guid(a0f583e77f83b3c41bc160df8c82aa33) Importer(815301076,1909f56bfc062723c751e8b465ee728b) (PreviewImporter) -> (artifact id: '231aac99d51dc60a314eafb2231a00ac') in 0.5917413 seconds
Number of updated asset objects reloaded before import = 0Number of asset objects unloaded after import = 5170

========================================================================
Received Import Request.
  Time since last request: 0.000035 seconds.
  path: Assets/Resources/Tower_2/Dungeon_Tile_3_8.asset
  artifactKey: Guid(41c1f3bfa3695f848b3033aa12716e75) Importer(815301076,1909f56bfc062723c751e8b465ee728b)
Start importing Assets/Resources/Tower_2/Dungeon_Tile_3_8.asset using Guid(41c1f3bfa3695f848b3033aa12716e75) Importer(815301076,1909f56bfc062723c751e8b465ee728b) (PreviewImporter) -> (artifact id: '013ffb7ab9eb8d07fa6855abbfda1d9b') in 0.6420557 seconds
Number of updated asset objects reloaded before import = 0Number of asset objects unloaded after import = 5170

========================================================================
Received Import Request.
  Time since last request: 0.000049 seconds.
  path: Assets/Resources/Street_Lamp.png
  artifactKey: Guid(50e95044d05781144a59a010df3a6b3b) Importer(815301076,1909f56bfc062723c751e8b465ee728b)
Start importing Assets/Resources/Street_Lamp.png using Guid(50e95044d05781144a59a010df3a6b3b) Importer(815301076,1909f56bfc062723c751e8b465ee728b) (PreviewImporter) -> (artifact id: '76ac9d26581b7d82cfb0ea4dd56beed6') in 0.5787572 seconds
Number of updated asset objects reloaded before import = 0Number of asset objects unloaded after import = 5170

========================================================================
Received Import Request.
  Time since last request: 0.000032 seconds.
  path: Assets/Resources/Sprite_PPG_Item/spritesheet_16x16.png
  artifactKey: Guid(0eaafce6002b05e4faea1ec30bec88de) Importer(815301076,1909f56bfc062723c751e8b465ee728b)
Start importing Assets/Resources/Sprite_PPG_Item/spritesheet_16x16.png using Guid(0eaafce6002b05e4faea1ec30bec88de) Importer(815301076,1909f56bfc062723c751e8b465ee728b) (PreviewImporter) -> (artifact id: '404b52f6e5227d50d5e5e471787f27f0') in 0.9793855 seconds
Number of updated asset objects reloaded before import = 0Number of asset objects unloaded after import = 5170

========================================================================
Received Import Request.
  Time since last request: 0.000047 seconds.
  path: Assets/Resources/Tower_2/Dungeon_Tile_3_19.asset
  artifactKey: Guid(808b146bede59d24f8a2724b6d084c61) Importer(815301076,1909f56bfc062723c751e8b465ee728b)
Start importing Assets/Resources/Tower_2/Dungeon_Tile_3_19.asset using Guid(808b146bede59d24f8a2724b6d084c61) Importer(815301076,1909f56bfc062723c751e8b465ee728b) (PreviewImporter) -> (artifact id: '8540fbdf44a00a2dfaf26803d29ad636') in 0.5844918 seconds
Number of updated asset objects reloaded before import = 0Number of asset objects unloaded after import = 5170

========================================================================
Received Import Request.
  Time since last request: 0.000036 seconds.
  path: Assets/Resources/Tower_2/Dungeon_Tile_3_30.asset
  artifactKey: Guid(f76c677e4721cef47bf12002677854d2) Importer(815301076,1909f56bfc062723c751e8b465ee728b)
Start importing Assets/Resources/Tower_2/Dungeon_Tile_3_30.asset using Guid(f76c677e4721cef47bf12002677854d2) Importer(815301076,1909f56bfc062723c751e8b465ee728b) (PreviewImporter) -> (artifact id: 'f87473a162afefdb057a4aecead9b99b') in 0.5743824 seconds
Number of updated asset objects reloaded before import = 0Number of asset objects unloaded after import = 5170

========================================================================
Received Import Request.
  Time since last request: 0.000043 seconds.
  path: Assets/Resources/WeaponSwap.png
  artifactKey: Guid(0f67ba4f57f6f854e971a54ef8e3e511) Importer(815301076,1909f56bfc062723c751e8b465ee728b)
Start importing Assets/Resources/WeaponSwap.png using Guid(0f67ba4f57f6f854e971a54ef8e3e511) Importer(815301076,1909f56bfc062723c751e8b465ee728b) (PreviewImporter) -> (artifact id: '952d11df078dfd8b4abc96e7c8bf0d1a') in 0.5682864 seconds
Number of updated asset objects reloaded before import = 0Number of asset objects unloaded after import = 5170

========================================================================
Received Import Request.
  Time since last request: 0.000072 seconds.
  path: Assets/Resources/Tower_2/Dungeon_Tile_3_2.asset
  artifactKey: Guid(37b012971eec7db4e815621ff6197082) Importer(815301076,1909f56bfc062723c751e8b465ee728b)
Start importing Assets/Resources/Tower_2/Dungeon_Tile_3_2.asset using Guid(37b012971eec7db4e815621ff6197082) Importer(815301076,1909f56bfc062723c751e8b465ee728b) (PreviewImporter) -> (artifact id: 'b6da7f5f223580ea1a6be228d5fbc76a') in 0.5708663 seconds
Number of updated asset objects reloaded before import = 0Number of asset objects unloaded after import = 5170

========================================================================
Received Import Request.
  Time since last request: 0.000041 seconds.
  path: Assets/Resources/Tower_2/Dungeon_Tile_3_54.asset
  artifactKey: Guid(4791ba873bcb0ad4b9c21e21d1cece97) Importer(815301076,1909f56bfc062723c751e8b465ee728b)
Start importing Assets/Resources/Tower_2/Dungeon_Tile_3_54.asset using Guid(4791ba873bcb0ad4b9c21e21d1cece97) Importer(815301076,1909f56bfc062723c751e8b465ee728b) (PreviewImporter) -> (artifact id: 'e7c2056f97f5cb1051dd8922998ad21f') in 0.5575786 seconds
Number of updated asset objects reloaded before import = 0Number of asset objects unloaded after import = 5170

========================================================================
Received Import Request.
  Time since last request: 0.000032 seconds.
  path: Assets/Resources/Tower_2/Dungeon_Tile_3_60.asset
  artifactKey: Guid(ae27bdd79c86c9f4cb9517ae361a4200) Importer(815301076,1909f56bfc062723c751e8b465ee728b)
Start importing Assets/Resources/Tower_2/Dungeon_Tile_3_60.asset using Guid(ae27bdd79c86c9f4cb9517ae361a4200) Importer(815301076,1909f56bfc062723c751e8b465ee728b) (PreviewImporter) -> (artifact id: '93e22d84240d04ce07679290d809f2b9') in 0.5829288 seconds
Number of updated asset objects reloaded before import = 0Number of asset objects unloaded after import = 5170

========================================================================
Received Import Request.
  Time since last request: 0.000047 seconds.
  path: Assets/Resources/Tower_2/Dungeon_Tile_3_27.asset
  artifactKey: Guid(12a3feb98791ca64c9158f9c722844ff) Importer(815301076,1909f56bfc062723c751e8b465ee728b)
Start importing Assets/Resources/Tower_2/Dungeon_Tile_3_27.asset using Guid(12a3feb98791ca64c9158f9c722844ff) Importer(815301076,1909f56bfc062723c751e8b465ee728b) (PreviewImporter) -> (artifact id: 'e44da19f553a148c4cfb1431f9145f2a') in 0.5686543 seconds
Number of updated asset objects reloaded before import = 0Number of asset objects unloaded after import = 5170

========================================================================
Received Import Request.
  Time since last request: 0.000032 seconds.
  path: Assets/Resources/Tower_2/Dungeon_Tile_3.png
  artifactKey: Guid(6ecbb21f09937864a9b9b33b1110f45c) Importer(815301076,1909f56bfc062723c751e8b465ee728b)
Start importing Assets/Resources/Tower_2/Dungeon_Tile_3.png using Guid(6ecbb21f09937864a9b9b33b1110f45c) Importer(815301076,1909f56bfc062723c751e8b465ee728b) (PreviewImporter) -> (artifact id: 'c6892e1c815a2701e0fc88d5425c65be') in 1.2979691 seconds
Number of updated asset objects reloaded before import = 0Number of asset objects unloaded after import = 5170

========================================================================
Received Import Request.
  Time since last request: 0.000049 seconds.
  path: Assets/Resources/Tower_2/Dungeon_Tile_3_45.asset
  artifactKey: Guid(de33fb8c68cf24a4bb9f5669f2f20014) Importer(815301076,1909f56bfc062723c751e8b465ee728b)
Start importing Assets/Resources/Tower_2/Dungeon_Tile_3_45.asset using Guid(de33fb8c68cf24a4bb9f5669f2f20014) Importer(815301076,1909f56bfc062723c751e8b465ee728b) (PreviewImporter) -> (artifact id: '24ba970bd2354217fad451e34d5e5bee') in 0.6566044 seconds
Number of updated asset objects reloaded before import = 0Number of asset objects unloaded after import = 5170

========================================================================
Received Import Request.
  Time since last request: 0.000038 seconds.
  path: Assets/Resources/Tower_2/Dungeon_Tile_3_63.asset
  artifactKey: Guid(583042ea16330284d855c4fd4ff4b01c) Importer(815301076,1909f56bfc062723c751e8b465ee728b)
Start importing Assets/Resources/Tower_2/Dungeon_Tile_3_63.asset using Guid(583042ea16330284d855c4fd4ff4b01c) Importer(815301076,1909f56bfc062723c751e8b465ee728b) (PreviewImporter) -> (artifact id: 'd6d23ef8923afdbc20c897c40c9c1d54') in 0.5719045 seconds
Number of updated asset objects reloaded before import = 0Number of asset objects unloaded after import = 5170

========================================================================
Received Import Request.
  Time since last request: 0.000052 seconds.
  path: Assets/Resources/Tower_2/Dungeon_Tile_3_42.asset
  artifactKey: Guid(8451604809957bc4595d09aa7a8c038a) Importer(815301076,1909f56bfc062723c751e8b465ee728b)
Start importing Assets/Resources/Tower_2/Dungeon_Tile_3_42.asset using Guid(8451604809957bc4595d09aa7a8c038a) Importer(815301076,1909f56bfc062723c751e8b465ee728b) (PreviewImporter) -> (artifact id: '8c4a9e4f97b0eec0e048b79e49348b5c') in 0.5827865 seconds
Number of updated asset objects reloaded before import = 0Number of asset objects unloaded after import = 5170

========================================================================
Received Import Request.
  Time since last request: 0.000033 seconds.
  path: Assets/Resources/Tower_2/Dungeon_Tile_3_43.asset
  artifactKey: Guid(a873f4a2720aa6a4193168a421c1f298) Importer(815301076,1909f56bfc062723c751e8b465ee728b)
Start importing Assets/Resources/Tower_2/Dungeon_Tile_3_43.asset using Guid(a873f4a2720aa6a4193168a421c1f298) Importer(815301076,1909f56bfc062723c751e8b465ee728b) (PreviewImporter) -> (artifact id: 'c4797194b8dbc6f865e9ce3fa18916de') in 0.6176636 seconds
Number of updated asset objects reloaded before import = 0Number of asset objects unloaded after import = 5170

========================================================================
Received Import Request.
  Time since last request: 0.000048 seconds.
  path: Assets/Resources/Tower_2/Dungeon_Tile_3_1.asset
  artifactKey: Guid(c9cf179231c00e34fa7c18a7646384dd) Importer(815301076,1909f56bfc062723c751e8b465ee728b)
Start importing Assets/Resources/Tower_2/Dungeon_Tile_3_1.asset using Guid(c9cf179231c00e34fa7c18a7646384dd) Importer(815301076,1909f56bfc062723c751e8b465ee728b) (PreviewImporter) -> (artifact id: '11a734c0a6beb3a20f4f6c1a3e966501') in 0.5769083 seconds
Number of updated asset objects reloaded before import = 0Number of asset objects unloaded after import = 5170

========================================================================
Received Import Request.
  Time since last request: 5.807397 seconds.
  path: Assets/Bridge_2.asset
  artifactKey: Guid(d8e4f8075d22cda429aa14250a36c280) Importer(815301076,1909f56bfc062723c751e8b465ee728b)
Start importing Assets/Bridge_2.asset using Guid(d8e4f8075d22cda429aa14250a36c280) Importer(815301076,1909f56bfc062723c751e8b465ee728b) (PreviewImporter) -> (artifact id: '5d4af4833351173f1e5bd60aa6d891c5') in 0.5837295 seconds
Number of updated asset objects reloaded before import = 0Number of asset objects unloaded after import = 5170

Editor requested this worker to shutdown with reason: Scaling down because of idle timeout
AssetImportWorker is now disconnected from the server
Process exiting
Exiting without the bug reporter. Application will terminate with return code 0