[Licensing::Module] Trying to connect to existing licensing client channel...
Built from '6000.3/staging' branch; Version is '6000.3.13f1 (8c4f11e4fb20) revision 9195281'; Using compiler version '194234433'; Build Type 'Release'
[Licensing::IpcConnector] Successfully connected to: "LicenseClient-limon" at "2026-05-06T19:37:17.6539371Z"
OS: 'Windows 10  (10.0.19045) 64bit Professional' Language: 'uk' Physical Memory: 16334 MB
BatchMode: 1, IsHumanControllingUs: 0, StartBugReporterOnCrash: 0, Is64bit: 1
System  architecture: x64
Process architecture: x64
Date: 2026-05-06T19:37:17Z

COMMAND LINE ARGUMENTS:
D:\Unity\6000.3.13f1\Editor\Unity.exe
-adb2
-batchMode
-noUpm
-name
AssetImportWorker14
-projectPath
D:/GameDev/DarkPixels-main
-logFile
Logs/AssetImportWorker14.log
-srvPort
49999
-licensingIpc
LicenseClient-limon
-job-worker-count
5
-background-job-worker-count
8
-gc-helper-count
1
-name
AssetImport
Successfully changed project path to: D:/GameDev/DarkPixels-main
D:/GameDev/DarkPixels-main
[UnityMemory] Configuration Parameters - Can be set up in boot.config
    "memorysetup-temp-allocator-size-nav-mesh-worker=65536"
    "memorysetup-temp-allocator-size-audio-worker=65536"
    "memorysetup-temp-allocator-size-gfx=262144"
    "memorysetup-allocator-temp-initial-block-size-main=262144"
    "memorysetup-allocator-temp-initial-block-size-worker=262144"
    "memorysetup-temp-allocator-size-background-worker=32768"
    "memorysetup-temp-allocator-size-job-worker=262144"
    "memorysetup-temp-allocator-size-preload-manager=33554432"
    "memorysetup-temp-allocator-size-gi-baking-worker=262144"
    "memorysetup-temp-allocator-size-gi-baking-worker=262144"
    "memorysetup-temp-allocator-size-gi-baking-worker=262144"
    "memorysetup-temp-allocator-size-gi-baking-worker=262144"
    "memorysetup-temp-allocator-size-gi-baking-worker=262144"
    "memorysetup-bucket-allocator-granularity=16"
    "memorysetup-bucket-allocator-bucket-count=8"
    "memorysetup-bucket-allocator-block-size=33554432"
    "memorysetup-bucket-allocator-block-count=8"
    "memorysetup-main-allocator-block-size=16777216"
    "memorysetup-thread-allocator-block-size=16777216"
    "memorysetup-gfx-main-allocator-block-size=16777216"
    "memorysetup-gfx-thread-allocator-block-size=16777216"
    "memorysetup-cache-allocator-block-size=4194304"
    "memorysetup-typetree-allocator-block-size=2097152"
    "memorysetup-profiler-bucket-allocator-granularity=16"
    "memorysetup-profiler-bucket-allocator-bucket-count=8"
    "memorysetup-profiler-bucket-allocator-block-size=33554432"
    "memorysetup-profiler-bucket-allocator-block-count=8"
    "memorysetup-profiler-allocator-block-size=16777216"
    "memorysetup-profiler-editor-allocator-block-size=1048576"
    "memorysetup-temp-allocator-size-main=16777216"
    "memorysetup-job-temp-allocator-block-size=2097152"
    "memorysetup-job-temp-allocator-block-size-background=1048576"
    "memorysetup-job-temp-allocator-reduction-small-platforms=262144"
    "memorysetup-temp-allocator-size-cloud-worker=32768"
Player connection [24344]  Target information:

Player connection [24344]  * "[IP] 192.168.0.28 [Port] 0 [Flags] 2 [Guid] 2972855464 [EditorId] 2972855464 [Version] 1048832 [Id] WindowsEditor(7,DESKTOP-4DD92S9) [Debug] 1 [PackageName] WindowsEditor [ProjectName] Editor" 

Player connection [24344] Host joined multi-casting on [225.0.0.222:54997]...
Player connection [24344] Host joined alternative multi-casting on [225.0.0.222:34997]...
JobSystem: Creating JobQueue using job-worker-count value 5
Input System module state changed to: Initialized.
[Physics::Module] Initialized fallback backend.
[Physics::Module] Id: 0xdecafbad
Library Redirect Path: Library/
[Physics::Module] Selected backend.
[Physics::Module] Name: PhysX
[Physics::Module] Id: 0xf2b8ea05
[Physics::Module] SDK Version: 4.1.2
[Physics::Module] Integration Version: 1.0.0
[Physics::Module] Threading Mode: Multi-Threaded
Refreshing native plugins compatible for Editor in 20.84 ms, found 5 plugins.
Preloading 0 native plugins for Editor in 0.00 ms.
Initialize engine version: 6000.3.13f1 (8c4f11e4fb20)
[Subsystems] Discovering subsystems at path D:/Unity/6000.3.13f1/Editor/Data/Resources/UnitySubsystems
[Subsystems] Discovering subsystems at path D:/GameDev/DarkPixels-main/Assets
GfxDevice: creating device client; kGfxThreadingModeNonThreaded
Direct3D:
    Version:  Direct3D 11.0 [level 11.1]
    Renderer: Radeon RX 590 Series (ID=0x67df)
    Vendor:   ATI
    VRAM:     8170 MB
    Driver:   31.0.21923.1000
Initialize mono
Mono path[0] = 'D:/Unity/6000.3.13f1/Editor/Data/Managed'
Mono path[1] = 'D:/Unity/6000.3.13f1/Editor/Data/MonoBleedingEdge/lib/mono/unityjit-win32'
Mono config path = 'D:/Unity/6000.3.13f1/Editor/Data/MonoBleedingEdge/etc'
Using monoOptions --debugger-agent=transport=dt_socket,embedding=1,server=y,suspend=n,address=127.0.0.1:56436
Begin MonoManager ReloadAssembly
Registering precompiled unity dll's ...
Register platform support module: D:/Unity/6000.3.13f1/Editor/Data/PlaybackEngines/WindowsStandaloneSupport/UnityEditor.WindowsStandalone.Extensions.dll
[Licensing::Module] Licensing is not yet initialized.
[Licensing::Client] Error: HandshakeResponse reported an error:
	ResponseCode: 505
	ResponseStatus: Unsupported protocol version '1.18.1'.
[Licensing::Module] Error: Failed to handshake to channel: "LicenseClient-limon"
[Licensing::IpcConnector] LicenseClient-limon channel disconnected successfully.
[Licensing::IpcConnector] Successfully connected to: "LicenseClient-limon-6000.3.13" at "2026-05-06T19:37:19.0996035Z"
[Licensing::Client] Handshaking with LicensingClient:
  Version:                 1.18.1+9fbee8e
  Session Id:              5c127bbeefde4b798802caac15b5f1cf
  Correlation Id:          23cbb0f75efcc6e60987acad716d20b7
  External correlation Id: 8251599071362411940
  Machine Id:              4D8GW8ETA38K6LsA7GOMWmqZxN4=
[Licensing::Module] Successfully connected to LicensingClient on channel: "LicenseClient-limon-6000.3.13" (connect: 0.00s, validation: 0.00s, handshake: 1.66s)
[Licensing::IpcConnector] Successfully connected to: "LicenseClient-limon-6000.3.13-notifications" at "2026-05-06T19:37:20.7570546Z"
[Licensing::Module] Licensing Background thread has ended after 3.10s
[Licensing::Module] Licensing is initialized (took 2.15s).
[Licensing::Client] Successfully resolved entitlement details
[Licensing::Module] License group:
  Id: 7971680487528-UnityPersXXXX
  Product: Unity Personal
  Type: Assigned
  Expiration: Unlimited
Register platform support module: D:/Unity/6000.3.13f1/Editor/Data/PlaybackEngines/AndroidPlayer/UnityEditor.Android.Extensions.dll
Registered in 2.150433 seconds.
- Loaded All Assemblies, in  2.753 seconds
Native extension for Android target not found
Native extension for WindowsStandalone target not found
Package Manager log level set to [2]
[Package Manager] Failed to launch server process. Reason: Unity was launched with the -noUpm command-line argument
[Package Manager] Unable to send message (not connected to server process).
[Package Manager] Cannot connect to Unity Package Manager local server
ScheduleIndexationOnStartup MainProcess:False IndexOnStartup:True
Mono: successfully reloaded assembly
- Finished resetting the current domain, in  0.592 seconds
Domain Reload Profiling: 3344ms
	BeginReloadAssembly (180ms)
		ExecutionOrderSort (0ms)
		DisableScriptedObjects (0ms)
		BackupInstance (0ms)
		ReleaseScriptingObjects (0ms)
		CreateAndSetChildDomain (1ms)
	RebuildCommonClasses (59ms)
	RebuildNativeTypeToScriptingClass (20ms)
	initialDomainReloadingComplete (2212ms)
	LoadAllAssembliesAndSetupDomain (281ms)
		LoadAssemblies (180ms)
		RebuildTransferFunctionScriptingTraits (0ms)
		AnalyzeDomain (276ms)
			TypeCache.Refresh (274ms)
				TypeCache.ScanAssembly (251ms)
			BuildScriptInfoCaches (0ms)
			ResolveRequiredComponents (1ms)
	FinalizeReload (592ms)
		ReleaseScriptCaches (0ms)
		RebuildScriptCaches (0ms)
		SetupLoadedEditorAssemblies (520ms)
			LogAssemblyErrors (0ms)
			InitializePlatformSupportModulesInManaged (86ms)
			SetLoadedEditorAssemblies (6ms)
			BeforeProcessingInitializeOnLoad (112ms)
			ProcessInitializeOnLoadAttributes (187ms)
			ProcessInitializeOnLoadMethodAttributes (130ms)
			AfterProcessingInitializeOnLoad (0ms)
			EditorAssembliesLoaded (0ms)
		ExecutionOrderSort2 (0ms)
		AwakeInstancesAfterBackupRestoration (0ms)
========================================================================
Worker process is ready to serve import requests
Import Worker Mode flag is 0x00
Begin MonoManager ReloadAssembly
[Licensing::Client] Successfully resolved entitlement details
Duplicate assembly 'log4net.dll' with different versions detected, using 'Packages/com.unity.package-validation-suite/Lib/Editor/log4net.dll, AssemblyName=log4net, Version=2.0.8.0, Culture=neutral, PublicKeyToken=669e0ddf0bb1aa2a' and ignoring 'Packages/com.unity.collab-proxy/Lib/Editor/log4netPlastic.dll, AssemblyName=log4net, Version=1.2.15.0, Culture=neutral, PublicKeyToken=669e0ddf0bb1aa2a'.Symbol file LoadedFromMemory is not a mono symbol file
- Loaded All Assemblies, in  1.565 seconds
Refreshing native plugins compatible for Editor in 20.62 ms, found 5 plugins.
Native extension for Android target not found
Native extension for WindowsStandalone target not found
[Package Manager] Failed to launch server process. Reason: Unity was launched with the -noUpm command-line argument
[Package Manager] Unable to send message (not connected to server process).
[Package Manager] Cannot connect to Unity Package Manager local server
[Package Manager] Failed to launch server process. Reason: Unity was launched with the -noUpm command-line argument
[Package Manager] Unable to send message (not connected to server process).
[Package Manager] Cannot connect to Unity Package Manager local server
Refreshing native plugins compatible for Editor in 13.57 ms, found 5 plugins.
[Package Manager] Failed to launch server process. Reason: Unity was launched with the -noUpm command-line argument
[Package Manager] Unable to send message (not connected to server process).
[Package Manager] Cannot connect to Unity Package Manager local server
ScheduleIndexationOnStartup MainProcess:False IndexOnStartup:True
Mono: successfully reloaded assembly
- Finished resetting the current domain, in  1.563 seconds
Domain Reload Profiling: 3125ms
	BeginReloadAssembly (270ms)
		ExecutionOrderSort (0ms)
		DisableScriptedObjects (8ms)
		BackupInstance (0ms)
		ReleaseScriptingObjects (0ms)
		CreateAndSetChildDomain (38ms)
	RebuildCommonClasses (60ms)
	RebuildNativeTypeToScriptingClass (20ms)
	initialDomainReloadingComplete (62ms)
	LoadAllAssembliesAndSetupDomain (1150ms)
		LoadAssemblies (726ms)
		RebuildTransferFunctionScriptingTraits (0ms)
		AnalyzeDomain (580ms)
			TypeCache.Refresh (419ms)
				TypeCache.ScanAssembly (386ms)
			BuildScriptInfoCaches (134ms)
			ResolveRequiredComponents (21ms)
	FinalizeReload (1563ms)
		ReleaseScriptCaches (0ms)
		RebuildScriptCaches (0ms)
		SetupLoadedEditorAssemblies (1336ms)
			LogAssemblyErrors (0ms)
			InitializePlatformSupportModulesInManaged (11ms)
			SetLoadedEditorAssemblies (6ms)
			BeforeProcessingInitializeOnLoad (260ms)
			ProcessInitializeOnLoadAttributes (657ms)
			ProcessInitializeOnLoadMethodAttributes (397ms)
			AfterProcessingInitializeOnLoad (5ms)
			EditorAssembliesLoaded (1ms)
		ExecutionOrderSort2 (0ms)
		AwakeInstancesAfterBackupRestoration (7ms)
Launched and connected shader compiler UnityShaderCompiler.exe after 0.03 seconds
Refreshing native plugins compatible for Editor in 13.43 ms, found 5 plugins.
Preloading 0 native plugins for Editor in 0.00 ms.
Unloading 17 Unused Serialized files (Serialized files now loaded: 0)
Unloading 9446 unused Assets / (5.6 MB). Loaded Objects now: 10268.
Memory consumption went from 194.1 MB to 188.5 MB.
Total: 13.186000 ms (FindLiveObjects: 1.254000 ms CreateObjectMapping: 0.802800 ms MarkObjects: 7.755400 ms  DeleteObjects: 3.372500 ms)

========================================================================
Received Prepare
Refreshing native plugins compatible for Editor in 15.74 ms, found 5 plugins.
Preloading 0 native plugins for Editor in 0.00 ms.
Unloading 17 Unused Serialized files (Serialized files now loaded: 0)
Unloading 9381 unused Assets / (5.3 MB). Loaded Objects now: 10269.
Memory consumption went from 192.6 MB to 187.3 MB.
Total: 13.774100 ms (FindLiveObjects: 1.395100 ms CreateObjectMapping: 0.949000 ms MarkObjects: 7.796900 ms  DeleteObjects: 3.631900 ms)

Prepare: number of updated asset objects reloaded= 0
========================================================================
Received Prepare
Begin MonoManager ReloadAssembly
Duplicate assembly 'log4net.dll' with different versions detected, using 'Packages/com.unity.package-validation-suite/Lib/Editor/log4net.dll, AssemblyName=log4net, Version=2.0.8.0, Culture=neutral, PublicKeyToken=669e0ddf0bb1aa2a' and ignoring 'Packages/com.unity.collab-proxy/Lib/Editor/log4netPlastic.dll, AssemblyName=log4net, Version=1.2.15.0, Culture=neutral, PublicKeyToken=669e0ddf0bb1aa2a'.Symbol file LoadedFromMemory is not a mono symbol file
- Loaded All Assemblies, in  1.916 seconds
Refreshing native plugins compatible for Editor in 15.34 ms, found 5 plugins.
Native extension for Android target not found
Native extension for WindowsStandalone target not found
[Package Manager] Failed to launch server process. Reason: Unity was launched with the -noUpm command-line argument
[Package Manager] Unable to send message (not connected to server process).
[Package Manager] Cannot connect to Unity Package Manager local server
[Package Manager] Failed to launch server process. Reason: Unity was launched with the -noUpm command-line argument
[Package Manager] Unable to send message (not connected to server process).
[Package Manager] Cannot connect to Unity Package Manager local server
[Package Manager] Failed to launch server process. Reason: Unity was launched with the -noUpm command-line argument
[Package Manager] Unable to send message (not connected to server process).
[Package Manager] Cannot connect to Unity Package Manager local server
ScheduleIndexationOnStartup MainProcess:False IndexOnStartup:True
Mono: successfully reloaded assembly
- Finished resetting the current domain, in  1.491 seconds
Domain Reload Profiling: 3413ms
	BeginReloadAssembly (354ms)
		ExecutionOrderSort (0ms)
		DisableScriptedObjects (22ms)
		BackupInstance (0ms)
		ReleaseScriptingObjects (0ms)
		CreateAndSetChildDomain (83ms)
	RebuildCommonClasses (57ms)
	RebuildNativeTypeToScriptingClass (29ms)
	initialDomainReloadingComplete (44ms)
	LoadAllAssembliesAndSetupDomain (1438ms)
		LoadAssemblies (1029ms)
		RebuildTransferFunctionScriptingTraits (0ms)
		AnalyzeDomain (563ms)
			TypeCache.Refresh (33ms)
				TypeCache.ScanAssembly (5ms)
			BuildScriptInfoCaches (501ms)
			ResolveRequiredComponents (23ms)
	FinalizeReload (1491ms)
		ReleaseScriptCaches (0ms)
		RebuildScriptCaches (0ms)
		SetupLoadedEditorAssemblies (1181ms)
			LogAssemblyErrors (0ms)
			InitializePlatformSupportModulesInManaged (12ms)
			SetLoadedEditorAssemblies (9ms)
			BeforeProcessingInitializeOnLoad (300ms)
			ProcessInitializeOnLoadAttributes (686ms)
			ProcessInitializeOnLoadMethodAttributes (166ms)
			AfterProcessingInitializeOnLoad (6ms)
			EditorAssembliesLoaded (1ms)
		ExecutionOrderSort2 (0ms)
		AwakeInstancesAfterBackupRestoration (25ms)
Refreshing native plugins compatible for Editor in 17.08 ms, found 5 plugins.
Preloading 0 native plugins for Editor in 0.00 ms.
Unloading 17 Unused Serialized files (Serialized files now loaded: 0)
Unloading 9445 unused Assets / (4.9 MB). Loaded Objects now: 10276.
Memory consumption went from 196.7 MB to 191.8 MB.
Total: 23.493700 ms (FindLiveObjects: 1.793200 ms CreateObjectMapping: 2.687200 ms MarkObjects: 13.763500 ms  DeleteObjects: 5.248000 ms)

Prepare: number of updated asset objects reloaded= 0
========================================================================
Received Prepare
Refreshing native plugins compatible for Editor in 17.90 ms, found 5 plugins.
Preloading 0 native plugins for Editor in 0.00 ms.
Unloading 17 Unused Serialized files (Serialized files now loaded: 0)
Unloading 9381 unused Assets / (5.4 MB). Loaded Objects now: 10276.
Memory consumption went from 196.5 MB to 191.1 MB.
Total: 15.792800 ms (FindLiveObjects: 1.487300 ms CreateObjectMapping: 1.583700 ms MarkObjects: 8.260100 ms  DeleteObjects: 4.459600 ms)

Prepare: number of updated asset objects reloaded= 0
========================================================================
Received Import Request.
  Time since last request: 20868.680838 seconds.
  path: Assets/Scripts/RingData.cs
  artifactKey: Guid(da68c3d00f88b0d429ed45dc89ff455b) Importer(815301076,1909f56bfc062723c751e8b465ee728b)
Start importing Assets/Scripts/RingData.cs using Guid(da68c3d00f88b0d429ed45dc89ff455b) Importer(815301076,1909f56bfc062723c751e8b465ee728b) (PreviewImporter) -> (artifact id: 'a4b2792382ad2b4f7e16915fe4e9f8ed') in 0.0085941 seconds
Number of updated asset objects reloaded before import = 0Number of asset objects unloaded after import = 0

========================================================================
Received Prepare
Refreshing native plugins compatible for Editor in 20.74 ms, found 5 plugins.
Preloading 0 native plugins for Editor in 0.00 ms.
Unloading 17 Unused Serialized files (Serialized files now loaded: 0)
Unloading 9381 unused Assets / (3.3 MB). Loaded Objects now: 10278.
Memory consumption went from 197.3 MB to 194.0 MB.
Total: 22.506200 ms (FindLiveObjects: 1.845300 ms CreateObjectMapping: 2.711700 ms MarkObjects: 11.903300 ms  DeleteObjects: 6.044200 ms)

Prepare: number of updated asset objects reloaded= 0
========================================================================
Received Prepare
Begin MonoManager ReloadAssembly
[Licensing::Client] Successfully resolved entitlement details
Duplicate assembly 'log4net.dll' with different versions detected, using 'Packages/com.unity.package-validation-suite/Lib/Editor/log4net.dll, AssemblyName=log4net, Version=2.0.8.0, Culture=neutral, PublicKeyToken=669e0ddf0bb1aa2a' and ignoring 'Packages/com.unity.collab-proxy/Lib/Editor/log4netPlastic.dll, AssemblyName=log4net, Version=1.2.15.0, Culture=neutral, PublicKeyToken=669e0ddf0bb1aa2a'.Symbol file LoadedFromMemory is not a mono symbol file
- Loaded All Assemblies, in  1.328 seconds
Refreshing native plugins compatible for Editor in 16.05 ms, found 5 plugins.
Native extension for Android target not found
Native extension for WindowsStandalone target not found
[Package Manager] Failed to launch server process. Reason: Unity was launched with the -noUpm command-line argument
[Package Manager] Unable to send message (not connected to server process).
[Package Manager] Cannot connect to Unity Package Manager local server
[Package Manager] Failed to launch server process. Reason: Unity was launched with the -noUpm command-line argument
[Package Manager] Unable to send message (not connected to server process).
[Package Manager] Cannot connect to Unity Package Manager local server
[Package Manager] Failed to launch server process. Reason: Unity was launched with the -noUpm command-line argument
[Package Manager] Unable to send message (not connected to server process).
[Package Manager] Cannot connect to Unity Package Manager local server
ScheduleIndexationOnStartup MainProcess:False IndexOnStartup:True
Mono: successfully reloaded assembly
- Finished resetting the current domain, in  1.374 seconds
Domain Reload Profiling: 2707ms
	BeginReloadAssembly (305ms)
		ExecutionOrderSort (0ms)
		DisableScriptedObjects (21ms)
		BackupInstance (0ms)
		ReleaseScriptingObjects (0ms)
		CreateAndSetChildDomain (68ms)
	RebuildCommonClasses (53ms)
	RebuildNativeTypeToScriptingClass (22ms)
	initialDomainReloadingComplete (38ms)
	LoadAllAssembliesAndSetupDomain (914ms)
		LoadAssemblies (596ms)
		RebuildTransferFunctionScriptingTraits (0ms)
		AnalyzeDomain (448ms)
			TypeCache.Refresh (16ms)
				TypeCache.ScanAssembly (3ms)
			BuildScriptInfoCaches (405ms)
			ResolveRequiredComponents (21ms)
	FinalizeReload (1374ms)
		ReleaseScriptCaches (0ms)
		RebuildScriptCaches (0ms)
		SetupLoadedEditorAssemblies (1055ms)
			LogAssemblyErrors (0ms)
			InitializePlatformSupportModulesInManaged (11ms)
			SetLoadedEditorAssemblies (7ms)
			BeforeProcessingInitializeOnLoad (251ms)
			ProcessInitializeOnLoadAttributes (621ms)
			ProcessInitializeOnLoadMethodAttributes (156ms)
			AfterProcessingInitializeOnLoad (6ms)
			EditorAssembliesLoaded (2ms)
		ExecutionOrderSort2 (0ms)
		AwakeInstancesAfterBackupRestoration (24ms)
Refreshing native plugins compatible for Editor in 15.14 ms, found 5 plugins.
Preloading 0 native plugins for Editor in 0.00 ms.
Unloading 17 Unused Serialized files (Serialized files now loaded: 0)
Unloading 9445 unused Assets / (5.3 MB). Loaded Objects now: 10284.
Memory consumption went from 197.5 MB to 192.2 MB.
Total: 15.372100 ms (FindLiveObjects: 1.349300 ms CreateObjectMapping: 0.992900 ms MarkObjects: 7.873800 ms  DeleteObjects: 5.154400 ms)

Prepare: number of updated asset objects reloaded= 0
========================================================================
Received Prepare
Begin MonoManager ReloadAssembly
Duplicate assembly 'log4net.dll' with different versions detected, using 'Packages/com.unity.package-validation-suite/Lib/Editor/log4net.dll, AssemblyName=log4net, Version=2.0.8.0, Culture=neutral, PublicKeyToken=669e0ddf0bb1aa2a' and ignoring 'Packages/com.unity.collab-proxy/Lib/Editor/log4netPlastic.dll, AssemblyName=log4net, Version=1.2.15.0, Culture=neutral, PublicKeyToken=669e0ddf0bb1aa2a'.Symbol file LoadedFromMemory is not a mono symbol file
- Loaded All Assemblies, in  1.274 seconds
Refreshing native plugins compatible for Editor in 17.31 ms, found 5 plugins.
Native extension for Android target not found
Native extension for WindowsStandalone target not found
[Package Manager] Failed to launch server process. Reason: Unity was launched with the -noUpm command-line argument
[Package Manager] Unable to send message (not connected to server process).
[Package Manager] Cannot connect to Unity Package Manager local server
[Package Manager] Failed to launch server process. Reason: Unity was launched with the -noUpm command-line argument
[Package Manager] Unable to send message (not connected to server process).
[Package Manager] Cannot connect to Unity Package Manager local server
[Package Manager] Failed to launch server process. Reason: Unity was launched with the -noUpm command-line argument
[Package Manager] Unable to send message (not connected to server process).
[Package Manager] Cannot connect to Unity Package Manager local server
ScheduleIndexationOnStartup MainProcess:False IndexOnStartup:True
Mono: successfully reloaded assembly
- Finished resetting the current domain, in  1.309 seconds
Domain Reload Profiling: 2587ms
	BeginReloadAssembly (302ms)
		ExecutionOrderSort (0ms)
		DisableScriptedObjects (19ms)
		BackupInstance (0ms)
		ReleaseScriptingObjects (0ms)
		CreateAndSetChildDomain (66ms)
	RebuildCommonClasses (55ms)
	RebuildNativeTypeToScriptingClass (21ms)
	initialDomainReloadingComplete (39ms)
	LoadAllAssembliesAndSetupDomain (860ms)
		LoadAssemblies (596ms)
		RebuildTransferFunctionScriptingTraits (0ms)
		AnalyzeDomain (399ms)
			TypeCache.Refresh (10ms)
				TypeCache.ScanAssembly (0ms)
			BuildScriptInfoCaches (357ms)
			ResolveRequiredComponents (25ms)
	FinalizeReload (1310ms)
		ReleaseScriptCaches (0ms)
		RebuildScriptCaches (0ms)
		SetupLoadedEditorAssemblies (1035ms)
			LogAssemblyErrors (0ms)
			InitializePlatformSupportModulesInManaged (11ms)
			SetLoadedEditorAssemblies (7ms)
			BeforeProcessingInitializeOnLoad (262ms)
			ProcessInitializeOnLoadAttributes (591ms)
			ProcessInitializeOnLoadMethodAttributes (158ms)
			AfterProcessingInitializeOnLoad (5ms)
			EditorAssembliesLoaded (1ms)
		ExecutionOrderSort2 (0ms)
		AwakeInstancesAfterBackupRestoration (20ms)
Refreshing native plugins compatible for Editor in 14.54 ms, found 5 plugins.
Preloading 0 native plugins for Editor in 0.00 ms.
Unloading 17 Unused Serialized files (Serialized files now loaded: 0)
Unloading 9445 unused Assets / (5.0 MB). Loaded Objects now: 10290.
Memory consumption went from 197.5 MB to 192.6 MB.
Total: 14.352400 ms (FindLiveObjects: 1.387200 ms CreateObjectMapping: 1.129400 ms MarkObjects: 7.658300 ms  DeleteObjects: 4.176000 ms)

Prepare: number of updated asset objects reloaded= 0
========================================================================
Received Import Request.
  Time since last request: 944.921590 seconds.
  path: Assets/Resources/Items/DataSwordGreen.asset
  artifactKey: Guid(e799d15de929e9b47ae1a553607dffb7) Importer(815301076,1909f56bfc062723c751e8b465ee728b)
Start importing Assets/Resources/Items/DataSwordGreen.asset using Guid(e799d15de929e9b47ae1a553607dffb7) Importer(815301076,1909f56bfc062723c751e8b465ee728b) (PreviewImporter) -> (artifact id: 'd56510c4a81d0d97814bb7d3ac4e257a') in 0.041621 seconds
Number of updated asset objects reloaded before import = 0Number of asset objects unloaded after import = 13

========================================================================
Received Import Request.
  Time since last request: 5.361648 seconds.
  path: Assets/Scripts/InventorySlot.cs
  artifactKey: Guid(a589e997b247b8d4bac3ad9abd0fff97) Importer(2089858483,b0f066a214c2f5e87bad3c948f4d605d)
Start importing Assets/Scripts/InventorySlot.cs using Guid(a589e997b247b8d4bac3ad9abd0fff97) Importer(2089858483,b0f066a214c2f5e87bad3c948f4d605d) (ScriptedImporter) -> (artifact id: 'c01131f22e8954fbc2f615f4eb96225b') in 0.0981018 seconds
Number of updated asset objects reloaded before import = 0Number of asset objects unloaded after import = 0

========================================================================
Received Import Request.
  Time since last request: 0.000022 seconds.
  path: Assets/Scenes/Game.unity
  artifactKey: Guid(8c9cfa26abfee488c85f1582747f6a02) Importer(2089858483,b0f066a214c2f5e87bad3c948f4d605d)
Start importing Assets/Scenes/Game.unity using Guid(8c9cfa26abfee488c85f1582747f6a02) Importer(2089858483,b0f066a214c2f5e87bad3c948f4d605d) (ScriptedImporter) -> (artifact id: 'eaa40797a384c35868b1289e6bb92005') in 0.495616 seconds
Number of updated asset objects reloaded before import = 0Number of asset objects unloaded after import = 1

========================================================================
Received Prepare
Begin MonoManager ReloadAssembly
[Licensing::Client] Successfully resolved entitlement details
Duplicate assembly 'log4net.dll' with different versions detected, using 'Packages/com.unity.package-validation-suite/Lib/Editor/log4net.dll, AssemblyName=log4net, Version=2.0.8.0, Culture=neutral, PublicKeyToken=669e0ddf0bb1aa2a' and ignoring 'Packages/com.unity.collab-proxy/Lib/Editor/log4netPlastic.dll, AssemblyName=log4net, Version=1.2.15.0, Culture=neutral, PublicKeyToken=669e0ddf0bb1aa2a'.Symbol file LoadedFromMemory is not a mono symbol file
- Loaded All Assemblies, in  1.515 seconds
Refreshing native plugins compatible for Editor in 13.93 ms, found 5 plugins.
Native extension for Android target not found
Native extension for WindowsStandalone target not found
[Package Manager] Failed to launch server process. Reason: Unity was launched with the -noUpm command-line argument
[Package Manager] Unable to send message (not connected to server process).
[Package Manager] Cannot connect to Unity Package Manager local server
[Package Manager] Failed to launch server process. Reason: Unity was launched with the -noUpm command-line argument
[Package Manager] Unable to send message (not connected to server process).
[Package Manager] Cannot connect to Unity Package Manager local server
[Package Manager] Failed to launch server process. Reason: Unity was launched with the -noUpm command-line argument
[Package Manager] Unable to send message (not connected to server process).
[Package Manager] Cannot connect to Unity Package Manager local server
ScheduleIndexationOnStartup MainProcess:False IndexOnStartup:True
Mono: successfully reloaded assembly
- Finished resetting the current domain, in  1.262 seconds
Domain Reload Profiling: 2782ms
	BeginReloadAssembly (366ms)
		ExecutionOrderSort (0ms)
		DisableScriptedObjects (19ms)
		BackupInstance (0ms)
		ReleaseScriptingObjects (0ms)
		CreateAndSetChildDomain (87ms)
	RebuildCommonClasses (57ms)
	RebuildNativeTypeToScriptingClass (22ms)
	initialDomainReloadingComplete (47ms)
	LoadAllAssembliesAndSetupDomain (1026ms)
		LoadAssemblies (753ms)
		RebuildTransferFunctionScriptingTraits (0ms)
		AnalyzeDomain (424ms)
			TypeCache.Refresh (16ms)
				TypeCache.ScanAssembly (3ms)
			BuildScriptInfoCaches (383ms)
			ResolveRequiredComponents (20ms)
	FinalizeReload (1263ms)
		ReleaseScriptCaches (0ms)
		RebuildScriptCaches (0ms)
		SetupLoadedEditorAssemblies (981ms)
			LogAssemblyErrors (0ms)
			InitializePlatformSupportModulesInManaged (11ms)
			SetLoadedEditorAssemblies (8ms)
			BeforeProcessingInitializeOnLoad (264ms)
			ProcessInitializeOnLoadAttributes (551ms)
			ProcessInitializeOnLoadMethodAttributes (142ms)
			AfterProcessingInitializeOnLoad (5ms)
			EditorAssembliesLoaded (1ms)
		ExecutionOrderSort2 (0ms)
		AwakeInstancesAfterBackupRestoration (23ms)
Refreshing native plugins compatible for Editor in 14.78 ms, found 5 plugins.
Preloading 0 native plugins for Editor in 0.00 ms.
Unloading 17 Unused Serialized files (Serialized files now loaded: 0)
Unloading 9445 unused Assets / (5.0 MB). Loaded Objects now: 10297.
Memory consumption went from 197.6 MB to 192.7 MB.
Total: 13.980600 ms (FindLiveObjects: 1.333700 ms CreateObjectMapping: 1.087200 ms MarkObjects: 7.795000 ms  DeleteObjects: 3.763500 ms)

Prepare: number of updated asset objects reloaded= 0
========================================================================
Received Import Request.
  Time since last request: 152.813356 seconds.
  path: Assets/Resources/AmuletIcon/Amulet_Damage_Speed.png
  artifactKey: Guid(24d27e9098cd0f449975e26868a2ef3c) Importer(815301076,1909f56bfc062723c751e8b465ee728b)
Start importing Assets/Resources/AmuletIcon/Amulet_Damage_Speed.png using Guid(24d27e9098cd0f449975e26868a2ef3c) Importer(815301076,1909f56bfc062723c751e8b465ee728b) (PreviewImporter)[Licensing::Client] Successfully resolved entitlement details
 -> (artifact id: '9571b47e2277d7d011654c64aff9f18b') in 0.8016636 seconds
Number of updated asset objects reloaded before import = 0Number of asset objects unloaded after import = 5031

========================================================================
Received Import Request.
  Time since last request: 0.000040 seconds.
  path: Assets/Resources/Fish/A - Salt Water/Anchovy Outline.png
  artifactKey: Guid(6513cc9189c34fa46bdbf5f77828ab1b) Importer(815301076,1909f56bfc062723c751e8b465ee728b)
Start importing Assets/Resources/Fish/A - Salt Water/Anchovy Outline.png using Guid(6513cc9189c34fa46bdbf5f77828ab1b) Importer(815301076,1909f56bfc062723c751e8b465ee728b) (PreviewImporter) -> (artifact id: '1828c96ae455b673cae79055091c0349') in 0.5806258 seconds
Number of updated asset objects reloaded before import = 0Number of asset objects unloaded after import = 5031

========================================================================
Received Import Request.
  Time since last request: 0.000042 seconds.
  path: Assets/Resources/Tower_1.png
  artifactKey: Guid(026a913376f47a54282d034435aaed48) Importer(815301076,1909f56bfc062723c751e8b465ee728b)
Start importing Assets/Resources/Tower_1.png using Guid(026a913376f47a54282d034435aaed48) Importer(815301076,1909f56bfc062723c751e8b465ee728b) (PreviewImporter) -> (artifact id: 'a01017cfa6c18f37bb9d9f08864182a1') in 0.5411142 seconds
Number of updated asset objects reloaded before import = 0Number of asset objects unloaded after import = 5031

========================================================================
Received Import Request.
  Time since last request: 0.000031 seconds.
  path: Assets/Resources/Tower_2.png
  artifactKey: Guid(709d97e9a63232047b834bcb0a4d783b) Importer(815301076,1909f56bfc062723c751e8b465ee728b)
Start importing Assets/Resources/Tower_2.png using Guid(709d97e9a63232047b834bcb0a4d783b) Importer(815301076,1909f56bfc062723c751e8b465ee728b) (PreviewImporter) -> (artifact id: 'e644cf75029b996dac98b5ca2924d193') in 0.485725 seconds
Number of updated asset objects reloaded before import = 0Number of asset objects unloaded after import = 5031

========================================================================
Received Import Request.
  Time since last request: 0.000042 seconds.
  path: Assets/Palm_0.asset
  artifactKey: Guid(d61fc2fb862877a4eb6e4aaada142e4a) Importer(815301076,1909f56bfc062723c751e8b465ee728b)
Start importing Assets/Palm_0.asset using Guid(d61fc2fb862877a4eb6e4aaada142e4a) Importer(815301076,1909f56bfc062723c751e8b465ee728b) (PreviewImporter) -> (artifact id: 'edf6a6d46b5654090ffa1f8b18546363') in 0.5273878 seconds
Number of updated asset objects reloaded before import = 0Number of asset objects unloaded after import = 5031

========================================================================
Received Import Request.
  Time since last request: 0.000046 seconds.
  path: Assets/Resources/potions_black_outline.png
  artifactKey: Guid(a9fe4898b61b4394886d460606cba7e9) Importer(815301076,1909f56bfc062723c751e8b465ee728b)
Start importing Assets/Resources/potions_black_outline.png using Guid(a9fe4898b61b4394886d460606cba7e9) Importer(815301076,1909f56bfc062723c751e8b465ee728b) (PreviewImporter) -> (artifact id: 'cf8fdfdd2f5f24406ae2df969860496e') in 1.2855829 seconds
Number of updated asset objects reloaded before import = 0Number of asset objects unloaded after import = 5031

========================================================================
Received Import Request.
  Time since last request: 0.000043 seconds.
  path: Assets/Resources/Attack_Button.png
  artifactKey: Guid(922948878c2b2f34babb501f14917630) Importer(815301076,1909f56bfc062723c751e8b465ee728b)
Start importing Assets/Resources/Attack_Button.png using Guid(922948878c2b2f34babb501f14917630) Importer(815301076,1909f56bfc062723c751e8b465ee728b) (PreviewImporter) -> (artifact id: '6d2416f034b5fff0f59d1e803ae78caa') in 0.5243316 seconds
Number of updated asset objects reloaded before import = 0Number of asset objects unloaded after import = 5031

========================================================================
Received Import Request.
  Time since last request: 0.000034 seconds.
  path: Assets/Resources/Coinpng.png
  artifactKey: Guid(73aa4717b8b73fc46a00c603150019ea) Importer(815301076,1909f56bfc062723c751e8b465ee728b)
Start importing Assets/Resources/Coinpng.png using Guid(73aa4717b8b73fc46a00c603150019ea) Importer(815301076,1909f56bfc062723c751e8b465ee728b) (PreviewImporter) -> (artifact id: '62e58d6347bbdf50f037403b0cf9052d') in 0.6135402 seconds
Number of updated asset objects reloaded before import = 0Number of asset objects unloaded after import = 5031

========================================================================
Received Import Request.
  Time since last request: 0.000056 seconds.
  path: Assets/Resources/Fill_HP_Bar_player (2).png
  artifactKey: Guid(6396c6bef7624b64caa15a554706c813) Importer(815301076,1909f56bfc062723c751e8b465ee728b)
Start importing Assets/Resources/Fill_HP_Bar_player (2).png using Guid(6396c6bef7624b64caa15a554706c813) Importer(815301076,1909f56bfc062723c751e8b465ee728b) (PreviewImporter) -> (artifact id: 'dcca7c3be53ea55aa8827351e3073b7b') in 0.5787526 seconds
Number of updated asset objects reloaded before import = 0Number of asset objects unloaded after import = 5031

========================================================================
Received Import Request.
  Time since last request: 0.000033 seconds.
  path: Assets/Resources/400+ Rpg items16x16/tile026.png
  artifactKey: Guid(fc70ccae6d44ddb4da3eb7eca19cf2a1) Importer(815301076,1909f56bfc062723c751e8b465ee728b)
Start importing Assets/Resources/400+ Rpg items16x16/tile026.png using Guid(fc70ccae6d44ddb4da3eb7eca19cf2a1) Importer(815301076,1909f56bfc062723c751e8b465ee728b) (PreviewImporter) -> (artifact id: '8650e6a56e5829591aff71d8f7e27718') in 0.5792273 seconds
Number of updated asset objects reloaded before import = 0Number of asset objects unloaded after import = 5031

========================================================================
Received Import Request.
  Time since last request: 0.000060 seconds.
  path: Assets/Resources/400+ Rpg items16x16/tile015.png
  artifactKey: Guid(af06d05f2d90a6b4592e08d8c539cf0d) Importer(815301076,1909f56bfc062723c751e8b465ee728b)
Start importing Assets/Resources/400+ Rpg items16x16/tile015.png using Guid(af06d05f2d90a6b4592e08d8c539cf0d) Importer(815301076,1909f56bfc062723c751e8b465ee728b) (PreviewImporter) -> (artifact id: 'a1861b7873402e2188787c1d349f9f16') in 0.5902063 seconds
Number of updated asset objects reloaded before import = 0Number of asset objects unloaded after import = 5031

========================================================================
Received Import Request.
  Time since last request: 0.000041 seconds.
  path: Assets/Resources/400+ Rpg items16x16/tile014.png
  artifactKey: Guid(f7359bfd48369b84e88b6ca31787b047) Importer(815301076,1909f56bfc062723c751e8b465ee728b)
Start importing Assets/Resources/400+ Rpg items16x16/tile014.png using Guid(f7359bfd48369b84e88b6ca31787b047) Importer(815301076,1909f56bfc062723c751e8b465ee728b) (PreviewImporter) -> (artifact id: '7b072344d7641e6f18366468899ef43f') in 0.5690517 seconds
Number of updated asset objects reloaded before import = 0Number of asset objects unloaded after import = 5031

========================================================================
Received Import Request.
  Time since last request: 0.000042 seconds.
  path: Assets/Resources/400+ Rpg items16x16/tile016.png
  artifactKey: Guid(678aa778d937b0c48823c22894bc8c5c) Importer(815301076,1909f56bfc062723c751e8b465ee728b)
Start importing Assets/Resources/400+ Rpg items16x16/tile016.png using Guid(678aa778d937b0c48823c22894bc8c5c) Importer(815301076,1909f56bfc062723c751e8b465ee728b) (PreviewImporter) -> (artifact id: '4e8927af48bf55d8dc0404fedfd2ed3d') in 0.497963 seconds
Number of updated asset objects reloaded before import = 0Number of asset objects unloaded after import = 5031

========================================================================
Received Import Request.
  Time since last request: 0.000030 seconds.
  path: Assets/Resources/400+ Rpg items16x16/tile050.png
  artifactKey: Guid(ec37d43288a2d614f9e9bbaf390f700f) Importer(815301076,1909f56bfc062723c751e8b465ee728b)
Start importing Assets/Resources/400+ Rpg items16x16/tile050.png using Guid(ec37d43288a2d614f9e9bbaf390f700f) Importer(815301076,1909f56bfc062723c751e8b465ee728b) (PreviewImporter) -> (artifact id: 'b741d3d69bc298e04f92aaa9e1a9a045') in 0.559623 seconds
Number of updated asset objects reloaded before import = 0Number of asset objects unloaded after import = 5031

========================================================================
Received Import Request.
  Time since last request: 0.000070 seconds.
  path: Assets/Resources/400+ Rpg items16x16/tile019.png
  artifactKey: Guid(6eb07e8da0239164388f82d958411df5) Importer(815301076,1909f56bfc062723c751e8b465ee728b)
Start importing Assets/Resources/400+ Rpg items16x16/tile019.png using Guid(6eb07e8da0239164388f82d958411df5) Importer(815301076,1909f56bfc062723c751e8b465ee728b) (PreviewImporter) -> (artifact id: 'd2419266efbf101f5afb9a0d7f08cad2') in 0.530113 seconds
Number of updated asset objects reloaded before import = 0Number of asset objects unloaded after import = 5031

========================================================================
Received Import Request.
  Time since last request: 0.000035 seconds.
  path: Assets/Resources/400+ Rpg items16x16/tile004.png
  artifactKey: Guid(ffd15ef98e17abc49b82a950ee256fc6) Importer(815301076,1909f56bfc062723c751e8b465ee728b)
Start importing Assets/Resources/400+ Rpg items16x16/tile004.png using Guid(ffd15ef98e17abc49b82a950ee256fc6) Importer(815301076,1909f56bfc062723c751e8b465ee728b) (PreviewImporter) -> (artifact id: '8bbeb0a65d4dcc88d27dc6a3b48803c8') in 0.4757081 seconds
Number of updated asset objects reloaded before import = 0Number of asset objects unloaded after import = 5031

========================================================================
Received Import Request.
  Time since last request: 0.000046 seconds.
  path: Assets/Resources/400+ Rpg items16x16/tile023.png
  artifactKey: Guid(0840c1819a412d84bb17f101d804d232) Importer(815301076,1909f56bfc062723c751e8b465ee728b)
Start importing Assets/Resources/400+ Rpg items16x16/tile023.png using Guid(0840c1819a412d84bb17f101d804d232) Importer(815301076,1909f56bfc062723c751e8b465ee728b) (PreviewImporter) -> (artifact id: 'cb182fb4c2bb118e74ad5f9668f1c92a') in 0.4536863 seconds
Number of updated asset objects reloaded before import = 0Number of asset objects unloaded after import = 5031

========================================================================
Received Import Request.
  Time since last request: 0.000034 seconds.
  path: Assets/Resources/400+ Rpg items16x16/tile035.png
  artifactKey: Guid(f02abcfae0ade1942bc1c8e4c24d5883) Importer(815301076,1909f56bfc062723c751e8b465ee728b)
Start importing Assets/Resources/400+ Rpg items16x16/tile035.png using Guid(f02abcfae0ade1942bc1c8e4c24d5883) Importer(815301076,1909f56bfc062723c751e8b465ee728b) (PreviewImporter) -> (artifact id: '71de818773f3f15c225bde5466b8307c') in 0.4599108 seconds
Number of updated asset objects reloaded before import = 0Number of asset objects unloaded after import = 5031

========================================================================
Received Import Request.
  Time since last request: 0.000049 seconds.
  path: Assets/Resources/400+ Rpg items16x16/tile047.png
  artifactKey: Guid(e5a161f3267cd2144b0f0bb938183fc4) Importer(815301076,1909f56bfc062723c751e8b465ee728b)
Start importing Assets/Resources/400+ Rpg items16x16/tile047.png using Guid(e5a161f3267cd2144b0f0bb938183fc4) Importer(815301076,1909f56bfc062723c751e8b465ee728b) (PreviewImporter) -> (artifact id: 'bed6cde90db3a07afc70b1bd91117fb4') in 0.4592664 seconds
Number of updated asset objects reloaded before import = 0Number of asset objects unloaded after import = 5031

========================================================================
Received Import Request.
  Time since last request: 0.000034 seconds.
  path: Assets/Resources/400+ Rpg items16x16/tile022.png
  artifactKey: Guid(5cdc13ac0b588ad44914025fc1964224) Importer(815301076,1909f56bfc062723c751e8b465ee728b)
Start importing Assets/Resources/400+ Rpg items16x16/tile022.png using Guid(5cdc13ac0b588ad44914025fc1964224) Importer(815301076,1909f56bfc062723c751e8b465ee728b) (PreviewImporter) -> (artifact id: '768c5907a0f92067c7f459297c72cfbe') in 0.521739 seconds
Number of updated asset objects reloaded before import = 0Number of asset objects unloaded after import = 5031

========================================================================
Received Import Request.
  Time since last request: 0.000048 seconds.
  path: Assets/Resources/400+ Rpg items16x16/tile034.png
  artifactKey: Guid(6742be8dbaa96df4ebd2c44d09320682) Importer(815301076,1909f56bfc062723c751e8b465ee728b)
Start importing Assets/Resources/400+ Rpg items16x16/tile034.png using Guid(6742be8dbaa96df4ebd2c44d09320682) Importer(815301076,1909f56bfc062723c751e8b465ee728b) (PreviewImporter) -> (artifact id: 'f6363fe408b17d799ee417bbb3bcf0ca') in 0.521381 seconds
Number of updated asset objects reloaded before import = 0Number of asset objects unloaded after import = 5031

========================================================================
Received Import Request.
  Time since last request: 0.000032 seconds.
  path: Assets/Resources/400+ Rpg items16x16/tile052.png
  artifactKey: Guid(c65f3c121b6564f45b64bdbc4d72672a) Importer(815301076,1909f56bfc062723c751e8b465ee728b)
Start importing Assets/Resources/400+ Rpg items16x16/tile052.png using Guid(c65f3c121b6564f45b64bdbc4d72672a) Importer(815301076,1909f56bfc062723c751e8b465ee728b) (PreviewImporter) -> (artifact id: 'd42625e93d41363ba7cbaff785f85544') in 0.481345 seconds
Number of updated asset objects reloaded before import = 0Number of asset objects unloaded after import = 5031

========================================================================
Received Import Request.
  Time since last request: 0.000042 seconds.
  path: Assets/Resources/Fish/B - Fresh Water/Angelfish.png
  artifactKey: Guid(f5252f95deb1edd46b7d205e17358e59) Importer(815301076,1909f56bfc062723c751e8b465ee728b)
Start importing Assets/Resources/Fish/B - Fresh Water/Angelfish.png using Guid(f5252f95deb1edd46b7d205e17358e59) Importer(815301076,1909f56bfc062723c751e8b465ee728b) (PreviewImporter) -> (artifact id: '164f08cc071c85577a379a7249549202') in 0.4665011 seconds
Number of updated asset objects reloaded before import = 0Number of asset objects unloaded after import = 5031

========================================================================
Received Import Request.
  Time since last request: 0.000034 seconds.
  path: Assets/Resources/400+ Rpg items16x16/tile025.png
  artifactKey: Guid(a30bc1b9eef23d6458a1a7c7c180f4ad) Importer(815301076,1909f56bfc062723c751e8b465ee728b)
Start importing Assets/Resources/400+ Rpg items16x16/tile025.png using Guid(a30bc1b9eef23d6458a1a7c7c180f4ad) Importer(815301076,1909f56bfc062723c751e8b465ee728b) (PreviewImporter) -> (artifact id: 'e0bcf661bcdfe7f8e16324360e257cca') in 0.4765896 seconds
Number of updated asset objects reloaded before import = 0Number of asset objects unloaded after import = 5031

========================================================================
Received Import Request.
  Time since last request: 0.000046 seconds.
  path: Assets/Resources/400+ Rpg items16x16/tile000.png
  artifactKey: Guid(b1d641ead2a05ba4989623a72d7e3b59) Importer(815301076,1909f56bfc062723c751e8b465ee728b)
Start importing Assets/Resources/400+ Rpg items16x16/tile000.png using Guid(b1d641ead2a05ba4989623a72d7e3b59) Importer(815301076,1909f56bfc062723c751e8b465ee728b) (PreviewImporter) -> (artifact id: '3762876e4dc4bcd8f1f005017933d852') in 0.4890842 seconds
Number of updated asset objects reloaded before import = 0Number of asset objects unloaded after import = 5031

========================================================================
Received Import Request.
  Time since last request: 0.000033 seconds.
  path: Assets/Resources/400+ Rpg items16x16/tile030.png
  artifactKey: Guid(b82606088e3f40645a40754a28ba1706) Importer(815301076,1909f56bfc062723c751e8b465ee728b)
Start importing Assets/Resources/400+ Rpg items16x16/tile030.png using Guid(b82606088e3f40645a40754a28ba1706) Importer(815301076,1909f56bfc062723c751e8b465ee728b) (PreviewImporter) -> (artifact id: '56bf916d5bd328920a56151bd0fbb160') in 0.4813774 seconds
Number of updated asset objects reloaded before import = 0Number of asset objects unloaded after import = 5031

========================================================================
Received Import Request.
  Time since last request: 0.000040 seconds.
  path: Assets/Resources/400+ Rpg items16x16/tile005.png
  artifactKey: Guid(bfa795617b76072418166c6115632f2a) Importer(815301076,1909f56bfc062723c751e8b465ee728b)
Start importing Assets/Resources/400+ Rpg items16x16/tile005.png using Guid(bfa795617b76072418166c6115632f2a) Importer(815301076,1909f56bfc062723c751e8b465ee728b) (PreviewImporter) -> (artifact id: '21e0de92a200806506c7d17128df903e') in 0.4661662 seconds
Number of updated asset objects reloaded before import = 0Number of asset objects unloaded after import = 5031

========================================================================
Received Import Request.
  Time since last request: 0.000041 seconds.
  path: Assets/Resources/400+ Rpg items16x16/tile045.png
  artifactKey: Guid(d2cfbd37708993d4294e3d66a36d6289) Importer(815301076,1909f56bfc062723c751e8b465ee728b)
Start importing Assets/Resources/400+ Rpg items16x16/tile045.png using Guid(d2cfbd37708993d4294e3d66a36d6289) Importer(815301076,1909f56bfc062723c751e8b465ee728b) (PreviewImporter) -> (artifact id: 'efff7ca81a349e8b9612ee51ee950caa') in 0.4808075 seconds
Number of updated asset objects reloaded before import = 0Number of asset objects unloaded after import = 5031

========================================================================
Received Import Request.
  Time since last request: 0.000039 seconds.
  path: Assets/Resources/400+ Rpg items16x16/tile041.png
  artifactKey: Guid(c0dd6e2eed8931442acdf1f059d3e065) Importer(815301076,1909f56bfc062723c751e8b465ee728b)
Start importing Assets/Resources/400+ Rpg items16x16/tile041.png using Guid(c0dd6e2eed8931442acdf1f059d3e065) Importer(815301076,1909f56bfc062723c751e8b465ee728b) (PreviewImporter) -> (artifact id: '206db8729daa2208a2a20b1bbdc373fb') in 0.4958907 seconds
Number of updated asset objects reloaded before import = 0Number of asset objects unloaded after import = 5031

========================================================================
Received Import Request.
  Time since last request: 0.000036 seconds.
  path: Assets/Resources/400+ Rpg items16x16/tile048.png
  artifactKey: Guid(c8999008b19df4e459a59299b126d9a1) Importer(815301076,1909f56bfc062723c751e8b465ee728b)
Start importing Assets/Resources/400+ Rpg items16x16/tile048.png using Guid(c8999008b19df4e459a59299b126d9a1) Importer(815301076,1909f56bfc062723c751e8b465ee728b) (PreviewImporter) -> (artifact id: 'f9773dd45ba3f7e90e0a2bee261a32ec') in 0.4879058 seconds
Number of updated asset objects reloaded before import = 0Number of asset objects unloaded after import = 5031

========================================================================
Received Import Request.
  Time since last request: 0.000042 seconds.
  path: Assets/Resources/400+ Rpg items16x16/tile032.png
  artifactKey: Guid(0ef0b9fe0ffde354f8d6d8d5e8ea40fb) Importer(815301076,1909f56bfc062723c751e8b465ee728b)
Start importing Assets/Resources/400+ Rpg items16x16/tile032.png using Guid(0ef0b9fe0ffde354f8d6d8d5e8ea40fb) Importer(815301076,1909f56bfc062723c751e8b465ee728b) (PreviewImporter) -> (artifact id: '77f053c58f667f5c1363292dbab99409') in 0.4858537 seconds
Number of updated asset objects reloaded before import = 0Number of asset objects unloaded after import = 5031

========================================================================
Received Import Request.
  Time since last request: 4.318236 seconds.
  path: Assets/Resources/Items_Level/Sand_Ground_Tile.png
  artifactKey: Guid(c9abcce603baa394e88f740b59eeeda1) Importer(815301076,1909f56bfc062723c751e8b465ee728b)
Start importing Assets/Resources/Items_Level/Sand_Ground_Tile.png using Guid(c9abcce603baa394e88f740b59eeeda1) Importer(815301076,1909f56bfc062723c751e8b465ee728b) (PreviewImporter) -> (artifact id: '471e3909477097331a15b96addd452d1') in 0.5260901 seconds
Number of updated asset objects reloaded before import = 0Number of asset objects unloaded after import = 5031

========================================================================
Received Import Request.
  Time since last request: 0.000034 seconds.
  path: Assets/Resources/400+ Rpg items16x16/tile153.png
  artifactKey: Guid(a4782ac61337cb24fa9bb9c228f7fa63) Importer(815301076,1909f56bfc062723c751e8b465ee728b)
Start importing Assets/Resources/400+ Rpg items16x16/tile153.png using Guid(a4782ac61337cb24fa9bb9c228f7fa63) Importer(815301076,1909f56bfc062723c751e8b465ee728b) (PreviewImporter) -> (artifact id: 'ba92da6e86c8b1ff4e5f382ebac63ef7') in 0.498099 seconds
Number of updated asset objects reloaded before import = 0Number of asset objects unloaded after import = 5031

========================================================================
Received Import Request.
  Time since last request: 0.000040 seconds.
  path: Assets/Resources/400+ Rpg items16x16/tile086.png
  artifactKey: Guid(f60bf2bf78151d94f9b861439b100ec9) Importer(815301076,1909f56bfc062723c751e8b465ee728b)
Start importing Assets/Resources/400+ Rpg items16x16/tile086.png using Guid(f60bf2bf78151d94f9b861439b100ec9) Importer(815301076,1909f56bfc062723c751e8b465ee728b) (PreviewImporter) -> (artifact id: '55d9d18df5adcee764b15acd753822eb') in 0.51611 seconds
Number of updated asset objects reloaded before import = 0Number of asset objects unloaded after import = 5031

========================================================================
Received Import Request.
  Time since last request: 0.000033 seconds.
  path: Assets/Resources/400+ Rpg items16x16/tile137.png
  artifactKey: Guid(5bd7c1cc0b752d4479544113d7fc0e44) Importer(815301076,1909f56bfc062723c751e8b465ee728b)
Start importing Assets/Resources/400+ Rpg items16x16/tile137.png using Guid(5bd7c1cc0b752d4479544113d7fc0e44) Importer(815301076,1909f56bfc062723c751e8b465ee728b) (PreviewImporter) -> (artifact id: 'e741224d4e38642e3e99c31964adfa79') in 0.5018041 seconds
Number of updated asset objects reloaded before import = 0Number of asset objects unloaded after import = 5031

========================================================================
Received Import Request.
  Time since last request: 0.000091 seconds.
  path: Assets/Resources/400+ Rpg items16x16/tile117.png
  artifactKey: Guid(fe39b49bcf756d64f88d33041b5a56c0) Importer(815301076,1909f56bfc062723c751e8b465ee728b)
Start importing Assets/Resources/400+ Rpg items16x16/tile117.png using Guid(fe39b49bcf756d64f88d33041b5a56c0) Importer(815301076,1909f56bfc062723c751e8b465ee728b) (PreviewImporter) -> (artifact id: 'affe34ee2cf510c05756139b96a32323') in 0.4935876 seconds
Number of updated asset objects reloaded before import = 0Number of asset objects unloaded after import = 5031

========================================================================
Received Import Request.
  Time since last request: 0.000041 seconds.
  path: Assets/Resources/400+ Rpg items16x16/tile091.png
  artifactKey: Guid(26362cb4c967bcd4a8affaad10132310) Importer(815301076,1909f56bfc062723c751e8b465ee728b)
Start importing Assets/Resources/400+ Rpg items16x16/tile091.png using Guid(26362cb4c967bcd4a8affaad10132310) Importer(815301076,1909f56bfc062723c751e8b465ee728b) (PreviewImporter) -> (artifact id: 'b3f23e869bff35a48addc8e8a09e8798') in 0.5123993 seconds
Number of updated asset objects reloaded before import = 0Number of asset objects unloaded after import = 5031

========================================================================
Received Import Request.
  Time since last request: 0.000043 seconds.
  path: Assets/Resources/400+ Rpg items16x16/tile159.png
  artifactKey: Guid(c44bd9a08035e494086cba3aeebc345f) Importer(815301076,1909f56bfc062723c751e8b465ee728b)
Start importing Assets/Resources/400+ Rpg items16x16/tile159.png using Guid(c44bd9a08035e494086cba3aeebc345f) Importer(815301076,1909f56bfc062723c751e8b465ee728b) (PreviewImporter) -> (artifact id: 'ce0307072620cf09c0b49eee507c985b') in 0.4939421 seconds
Number of updated asset objects reloaded before import = 0Number of asset objects unloaded after import = 5031

========================================================================
Received Import Request.
  Time since last request: 0.000035 seconds.
  path: Assets/Resources/400+ Rpg items16x16/tile094.png
  artifactKey: Guid(b224a26a66227994c90281b871678984) Importer(815301076,1909f56bfc062723c751e8b465ee728b)
Start importing Assets/Resources/400+ Rpg items16x16/tile094.png using Guid(b224a26a66227994c90281b871678984) Importer(815301076,1909f56bfc062723c751e8b465ee728b) (PreviewImporter) -> (artifact id: 'a26f120162e6d2dba286b5be9135857c') in 0.4958589 seconds
Number of updated asset objects reloaded before import = 0Number of asset objects unloaded after import = 5031

========================================================================
Received Import Request.
  Time since last request: 0.000040 seconds.
  path: Assets/Resources/400+ Rpg items16x16/tile107.png
  artifactKey: Guid(581beff5332d4f142b7fbcf0787b6476) Importer(815301076,1909f56bfc062723c751e8b465ee728b)
Start importing Assets/Resources/400+ Rpg items16x16/tile107.png using Guid(581beff5332d4f142b7fbcf0787b6476) Importer(815301076,1909f56bfc062723c751e8b465ee728b) (PreviewImporter) -> (artifact id: '2546dea19e6ba6dac99266d1500402bb') in 0.5388845 seconds
Number of updated asset objects reloaded before import = 0Number of asset objects unloaded after import = 5031

========================================================================
Received Import Request.
  Time since last request: 0.000038 seconds.
  path: Assets/Resources/400+ Rpg items16x16/tile174.png
  artifactKey: Guid(b05a0828788cd3040a0b0f254b385772) Importer(815301076,1909f56bfc062723c751e8b465ee728b)
Start importing Assets/Resources/400+ Rpg items16x16/tile174.png using Guid(b05a0828788cd3040a0b0f254b385772) Importer(815301076,1909f56bfc062723c751e8b465ee728b) (PreviewImporter) -> (artifact id: '28bd6a854e6efa3ce6c98c9753e915e2') in 0.5097595 seconds
Number of updated asset objects reloaded before import = 0Number of asset objects unloaded after import = 5031

========================================================================
Received Import Request.
  Time since last request: 0.000044 seconds.
  path: Assets/Resources/400+ Rpg items16x16/tile221.png
  artifactKey: Guid(c0326fc4db78a1a4cac9d9950a3eb796) Importer(815301076,1909f56bfc062723c751e8b465ee728b)
Start importing Assets/Resources/400+ Rpg items16x16/tile221.png using Guid(c0326fc4db78a1a4cac9d9950a3eb796) Importer(815301076,1909f56bfc062723c751e8b465ee728b) (PreviewImporter) -> (artifact id: '92e123d182214a29ed98541951535095') in 0.5261392 seconds
Number of updated asset objects reloaded before import = 0Number of asset objects unloaded after import = 5031

========================================================================
Received Import Request.
  Time since last request: 0.000032 seconds.
  path: Assets/Resources/400+ Rpg items16x16/tile246.png
  artifactKey: Guid(4f0498e52ac028b46b7027fdf658e02d) Importer(815301076,1909f56bfc062723c751e8b465ee728b)
Start importing Assets/Resources/400+ Rpg items16x16/tile246.png using Guid(4f0498e52ac028b46b7027fdf658e02d) Importer(815301076,1909f56bfc062723c751e8b465ee728b) (PreviewImporter) -> (artifact id: '5305e12be111bdeb2f0c3813033b12f3') in 0.4925457 seconds
Number of updated asset objects reloaded before import = 0Number of asset objects unloaded after import = 5031

========================================================================
Received Import Request.
  Time since last request: 0.000042 seconds.
  path: Assets/Resources/400+ Rpg items16x16/tile271.png
  artifactKey: Guid(45afe867e644fc84ab844afd8cfbc8da) Importer(815301076,1909f56bfc062723c751e8b465ee728b)
Start importing Assets/Resources/400+ Rpg items16x16/tile271.png using Guid(45afe867e644fc84ab844afd8cfbc8da) Importer(815301076,1909f56bfc062723c751e8b465ee728b) (PreviewImporter) -> (artifact id: '4a2b15903a570de62ea900e6028fce89') in 0.4918955 seconds
Number of updated asset objects reloaded before import = 0Number of asset objects unloaded after import = 5031

========================================================================
Received Import Request.
  Time since last request: 0.000035 seconds.
  path: Assets/Resources/400+ Rpg items16x16/tile277.png
  artifactKey: Guid(d7b0990cbe94df3418af4047eac4c18b) Importer(815301076,1909f56bfc062723c751e8b465ee728b)
Start importing Assets/Resources/400+ Rpg items16x16/tile277.png using Guid(d7b0990cbe94df3418af4047eac4c18b) Importer(815301076,1909f56bfc062723c751e8b465ee728b) (PreviewImporter) -> (artifact id: 'bf17f0b7c84a24dc720621baa6798866') in 0.512009 seconds
Number of updated asset objects reloaded before import = 0Number of asset objects unloaded after import = 5031

========================================================================
Received Import Request.
  Time since last request: 0.000048 seconds.
  path: Assets/Resources/400+ Rpg items16x16/tile240.png
  artifactKey: Guid(aa24052d6d48c0c4b9911d2f07128f9f) Importer(815301076,1909f56bfc062723c751e8b465ee728b)
Start importing Assets/Resources/400+ Rpg items16x16/tile240.png using Guid(aa24052d6d48c0c4b9911d2f07128f9f) Importer(815301076,1909f56bfc062723c751e8b465ee728b) (PreviewImporter) -> (artifact id: 'ec3c2ced87e177c3513ba5b4442c12bb') in 0.4926941 seconds
Number of updated asset objects reloaded before import = 0Number of asset objects unloaded after import = 5031

========================================================================
Received Import Request.
  Time since last request: 0.000030 seconds.
  path: Assets/Resources/400+ Rpg items16x16/tile346.png
  artifactKey: Guid(c5bbd1fdcf4767945b30fad9c170e818) Importer(815301076,1909f56bfc062723c751e8b465ee728b)
Start importing Assets/Resources/400+ Rpg items16x16/tile346.png using Guid(c5bbd1fdcf4767945b30fad9c170e818) Importer(815301076,1909f56bfc062723c751e8b465ee728b) (PreviewImporter) -> (artifact id: '8d864ce58a717bcf6aacf83588258daf') in 0.5004966 seconds
Number of updated asset objects reloaded before import = 0Number of asset objects unloaded after import = 5031

========================================================================
Received Import Request.
  Time since last request: 0.000041 seconds.
  path: Assets/Resources/400+ Rpg items16x16/tile352.png
  artifactKey: Guid(9c8d672631745fe499d497963aab8e12) Importer(815301076,1909f56bfc062723c751e8b465ee728b)
Start importing Assets/Resources/400+ Rpg items16x16/tile352.png using Guid(9c8d672631745fe499d497963aab8e12) Importer(815301076,1909f56bfc062723c751e8b465ee728b) (PreviewImporter) -> (artifact id: '88dd1769e9f47ecb94012ed272bc7a03') in 0.4921037 seconds
Number of updated asset objects reloaded before import = 0Number of asset objects unloaded after import = 5031

========================================================================
Received Import Request.
  Time since last request: 0.000031 seconds.
  path: Assets/Resources/400+ Rpg items16x16/tile387.png
  artifactKey: Guid(c208dcc17a0df184d99cdedaf9493918) Importer(815301076,1909f56bfc062723c751e8b465ee728b)
Start importing Assets/Resources/400+ Rpg items16x16/tile387.png using Guid(c208dcc17a0df184d99cdedaf9493918) Importer(815301076,1909f56bfc062723c751e8b465ee728b) (PreviewImporter) -> (artifact id: '9357c9aac537f09324698eedd493c71b') in 0.5003554 seconds
Number of updated asset objects reloaded before import = 0Number of asset objects unloaded after import = 5031

========================================================================
Received Import Request.
  Time since last request: 0.000042 seconds.
  path: Assets/Resources/400+ Rpg items16x16/tile403.png
  artifactKey: Guid(3656e07c20c7c6e43b75e1e1082957be) Importer(815301076,1909f56bfc062723c751e8b465ee728b)
Start importing Assets/Resources/400+ Rpg items16x16/tile403.png using Guid(3656e07c20c7c6e43b75e1e1082957be) Importer(815301076,1909f56bfc062723c751e8b465ee728b) (PreviewImporter) -> (artifact id: '82ae200b28ea6ab7268c8996b8bf51df') in 0.5126599 seconds
Number of updated asset objects reloaded before import = 0Number of asset objects unloaded after import = 5031

========================================================================
Received Import Request.
  Time since last request: 0.000033 seconds.
  path: Assets/Resources/400+ Rpg items16x16/tile438.png
  artifactKey: Guid(4953d1db2ecf954488393ccae5d03a8d) Importer(815301076,1909f56bfc062723c751e8b465ee728b)
Start importing Assets/Resources/400+ Rpg items16x16/tile438.png using Guid(4953d1db2ecf954488393ccae5d03a8d) Importer(815301076,1909f56bfc062723c751e8b465ee728b) (PreviewImporter) -> (artifact id: '7c4be41971a07fa80108100d938e36d2') in 0.5164744 seconds
Number of updated asset objects reloaded before import = 0Number of asset objects unloaded after import = 5031

========================================================================
Received Import Request.
  Time since last request: 0.000061 seconds.
  path: Assets/Resources/400+ Rpg items16x16/tile368.png
  artifactKey: Guid(cb4542427d8c9cc43ac92ac6020b1876) Importer(815301076,1909f56bfc062723c751e8b465ee728b)
Start importing Assets/Resources/400+ Rpg items16x16/tile368.png using Guid(cb4542427d8c9cc43ac92ac6020b1876) Importer(815301076,1909f56bfc062723c751e8b465ee728b) (PreviewImporter) -> (artifact id: '959693954efe23ff9f40d76a0dcbc2b7') in 0.5143402 seconds
Number of updated asset objects reloaded before import = 0Number of asset objects unloaded after import = 5031

========================================================================
Received Import Request.
  Time since last request: 0.000040 seconds.
  path: Assets/Resources/400+ Rpg items16x16/tile383.png
  artifactKey: Guid(b9e2f7c93a8e99440b24091b9b1d3ac8) Importer(815301076,1909f56bfc062723c751e8b465ee728b)
Start importing Assets/Resources/400+ Rpg items16x16/tile383.png using Guid(b9e2f7c93a8e99440b24091b9b1d3ac8) Importer(815301076,1909f56bfc062723c751e8b465ee728b) (PreviewImporter) -> (artifact id: 'd2eeecff54d6a63599a2c50df69f545f') in 0.4999059 seconds
Number of updated asset objects reloaded before import = 0Number of asset objects unloaded after import = 5031

========================================================================
Received Import Request.
  Time since last request: 0.000042 seconds.
  path: Assets/Resources/400+ Rpg items16x16/tile084.png
  artifactKey: Guid(16ee8e835a568ba4bb927c046e47dcd4) Importer(815301076,1909f56bfc062723c751e8b465ee728b)
Start importing Assets/Resources/400+ Rpg items16x16/tile084.png using Guid(16ee8e835a568ba4bb927c046e47dcd4) Importer(815301076,1909f56bfc062723c751e8b465ee728b) (PreviewImporter) -> (artifact id: 'e2f08ecdf0de250cff9559b61a7df1c1') in 0.5122564 seconds
Number of updated asset objects reloaded before import = 0Number of asset objects unloaded after import = 5031

========================================================================
Received Import Request.
  Time since last request: 0.000030 seconds.
  path: Assets/Resources/400+ Rpg items16x16/tile428.png
  artifactKey: Guid(9b7beb9128eafa34db757addaf5e0053) Importer(815301076,1909f56bfc062723c751e8b465ee728b)
Start importing Assets/Resources/400+ Rpg items16x16/tile428.png using Guid(9b7beb9128eafa34db757addaf5e0053) Importer(815301076,1909f56bfc062723c751e8b465ee728b) (PreviewImporter) -> (artifact id: '65e5cf1d96f57b638bb7658ecafdc9b5') in 0.4957294 seconds
Number of updated asset objects reloaded before import = 0Number of asset objects unloaded after import = 5031

========================================================================
Received Import Request.
  Time since last request: 0.000046 seconds.
  path: Assets/Resources/400+ Rpg items16x16/tile193.png
  artifactKey: Guid(3d18b7730ecc1e44abfe0957a5c58b68) Importer(815301076,1909f56bfc062723c751e8b465ee728b)
Start importing Assets/Resources/400+ Rpg items16x16/tile193.png using Guid(3d18b7730ecc1e44abfe0957a5c58b68) Importer(815301076,1909f56bfc062723c751e8b465ee728b) (PreviewImporter) -> (artifact id: '42337ff99d765eed95cf50466f9f6f2f') in 0.5028094 seconds
Number of updated asset objects reloaded before import = 0Number of asset objects unloaded after import = 5031

========================================================================
Received Import Request.
  Time since last request: 0.000035 seconds.
  path: Assets/Resources/400+ Rpg items16x16/tile384.png
  artifactKey: Guid(a2b44b1175f686a4cbf8ef9f61ce0abd) Importer(815301076,1909f56bfc062723c751e8b465ee728b)
Start importing Assets/Resources/400+ Rpg items16x16/tile384.png using Guid(a2b44b1175f686a4cbf8ef9f61ce0abd) Importer(815301076,1909f56bfc062723c751e8b465ee728b) (PreviewImporter) -> (artifact id: 'e2bff5fb3714fd83aaa84af0b4df30fc') in 0.4947625 seconds
Number of updated asset objects reloaded before import = 0Number of asset objects unloaded after import = 5031

========================================================================
Received Import Request.
  Time since last request: 0.000045 seconds.
  path: Assets/Resources/400+ Rpg items16x16/tile106.png
  artifactKey: Guid(c0c77bcc0c7638844aa3635dec728e86) Importer(815301076,1909f56bfc062723c751e8b465ee728b)
Start importing Assets/Resources/400+ Rpg items16x16/tile106.png using Guid(c0c77bcc0c7638844aa3635dec728e86) Importer(815301076,1909f56bfc062723c751e8b465ee728b) (PreviewImporter) -> (artifact id: '45b730c05d3b6da437ca6c6878df9d10') in 0.5047838 seconds
Number of updated asset objects reloaded before import = 0Number of asset objects unloaded after import = 5031

========================================================================
Received Import Request.
  Time since last request: 0.000035 seconds.
  path: Assets/Resources/400+ Rpg items16x16/tile183.png
  artifactKey: Guid(fd2f952f9c65b7742b6419f9b7fc23d6) Importer(815301076,1909f56bfc062723c751e8b465ee728b)
Start importing Assets/Resources/400+ Rpg items16x16/tile183.png using Guid(fd2f952f9c65b7742b6419f9b7fc23d6) Importer(815301076,1909f56bfc062723c751e8b465ee728b) (PreviewImporter) -> (artifact id: '92b18171d0abd33cbdb8d7758491ea73') in 0.4915343 seconds
Number of updated asset objects reloaded before import = 0Number of asset objects unloaded after import = 5031

========================================================================
Received Import Request.
  Time since last request: 0.000037 seconds.
  path: Assets/Resources/400+ Rpg items16x16/tile238.png
  artifactKey: Guid(4d2c8094f329ba943afabdfcc2337056) Importer(815301076,1909f56bfc062723c751e8b465ee728b)
Start importing Assets/Resources/400+ Rpg items16x16/tile238.png using Guid(4d2c8094f329ba943afabdfcc2337056) Importer(815301076,1909f56bfc062723c751e8b465ee728b) (PreviewImporter) -> (artifact id: '334bdd6ab02f9657ec0b682f3d461264') in 0.5010401 seconds
Number of updated asset objects reloaded before import = 0Number of asset objects unloaded after import = 5031

========================================================================
Received Import Request.
  Time since last request: 0.000036 seconds.
  path: Assets/Resources/400+ Rpg items16x16/tile360.png
  artifactKey: Guid(5c3fb5ce281d6d147ae9aab7ca9b2169) Importer(815301076,1909f56bfc062723c751e8b465ee728b)
Start importing Assets/Resources/400+ Rpg items16x16/tile360.png using Guid(5c3fb5ce281d6d147ae9aab7ca9b2169) Importer(815301076,1909f56bfc062723c751e8b465ee728b) (PreviewImporter) -> (artifact id: '7b2869fb600da302be5b870e1864ac87') in 0.4997859 seconds
Number of updated asset objects reloaded before import = 0Number of asset objects unloaded after import = 5031

========================================================================
Received Import Request.
  Time since last request: 0.000039 seconds.
  path: Assets/Resources/400+ Rpg items16x16/tile167.png
  artifactKey: Guid(5d2f2823213815946a54628dd3dce126) Importer(815301076,1909f56bfc062723c751e8b465ee728b)
Start importing Assets/Resources/400+ Rpg items16x16/tile167.png using Guid(5d2f2823213815946a54628dd3dce126) Importer(815301076,1909f56bfc062723c751e8b465ee728b) (PreviewImporter) -> (artifact id: '1f6b2b637f5cf263d57bcb9f088b61c6') in 0.5024057 seconds
Number of updated asset objects reloaded before import = 0Number of asset objects unloaded after import = 5031

========================================================================
Received Import Request.
  Time since last request: 0.000032 seconds.
  path: Assets/Resources/400+ Rpg items16x16/tile175.png
  artifactKey: Guid(ecdbe420d22d1ec4b8451998e3a447d3) Importer(815301076,1909f56bfc062723c751e8b465ee728b)
Start importing Assets/Resources/400+ Rpg items16x16/tile175.png using Guid(ecdbe420d22d1ec4b8451998e3a447d3) Importer(815301076,1909f56bfc062723c751e8b465ee728b) (PreviewImporter) -> (artifact id: '10dc001f40f5f520ce8250a9f84d9ab0') in 0.4982987 seconds
Number of updated asset objects reloaded before import = 0Number of asset objects unloaded after import = 5031

========================================================================
Received Import Request.
  Time since last request: 0.000045 seconds.
  path: Assets/Resources/400+ Rpg items16x16/tile413.png
  artifactKey: Guid(11bb630c3ad04e345b9c4cb19d8c67d0) Importer(815301076,1909f56bfc062723c751e8b465ee728b)
Start importing Assets/Resources/400+ Rpg items16x16/tile413.png using Guid(11bb630c3ad04e345b9c4cb19d8c67d0) Importer(815301076,1909f56bfc062723c751e8b465ee728b) (PreviewImporter) -> (artifact id: 'c4116d6021c3aed87d15480d8921d32d') in 0.4868841 seconds
Number of updated asset objects reloaded before import = 0Number of asset objects unloaded after import = 5031

========================================================================
Received Import Request.
  Time since last request: 0.000045 seconds.
  path: Assets/Resources/400+ Rpg items16x16/tile265.png
  artifactKey: Guid(4b9e77bbbbc00bc4dae1c294f81e4f53) Importer(815301076,1909f56bfc062723c751e8b465ee728b)
Start importing Assets/Resources/400+ Rpg items16x16/tile265.png using Guid(4b9e77bbbbc00bc4dae1c294f81e4f53) Importer(815301076,1909f56bfc062723c751e8b465ee728b) (PreviewImporter) -> (artifact id: 'e7eb5da1457c84d1c07d135700a9f728') in 0.5103444 seconds
Number of updated asset objects reloaded before import = 0Number of asset objects unloaded after import = 5031

========================================================================
Received Import Request.
  Time since last request: 0.000043 seconds.
  path: Assets/Resources/400+ Rpg items16x16/tile415.png
  artifactKey: Guid(5b179573f4e7ce847aec7ca74deed4fb) Importer(815301076,1909f56bfc062723c751e8b465ee728b)
Start importing Assets/Resources/400+ Rpg items16x16/tile415.png using Guid(5b179573f4e7ce847aec7ca74deed4fb) Importer(815301076,1909f56bfc062723c751e8b465ee728b) (PreviewImporter) -> (artifact id: '6e099bf9c795b5fdd4399871a833ea74') in 0.4980732 seconds
Number of updated asset objects reloaded before import = 0Number of asset objects unloaded after import = 5031

========================================================================
Received Import Request.
  Time since last request: 0.000039 seconds.
  path: Assets/Resources/400+ Rpg items16x16/tile300.png
  artifactKey: Guid(c78deb1112af7234983e1ffb2ab1bce2) Importer(815301076,1909f56bfc062723c751e8b465ee728b)
Start importing Assets/Resources/400+ Rpg items16x16/tile300.png using Guid(c78deb1112af7234983e1ffb2ab1bce2) Importer(815301076,1909f56bfc062723c751e8b465ee728b) (PreviewImporter) -> (artifact id: 'dcb1ede3673c9ca99063aa835777f0b6') in 0.4976812 seconds
Number of updated asset objects reloaded before import = 0Number of asset objects unloaded after import = 5031

========================================================================
Received Import Request.
  Time since last request: 0.000045 seconds.
  path: Assets/Resources/400+ Rpg items16x16/tile115.png
  artifactKey: Guid(34a06080ff3ed194082912f41855f441) Importer(815301076,1909f56bfc062723c751e8b465ee728b)
Start importing Assets/Resources/400+ Rpg items16x16/tile115.png using Guid(34a06080ff3ed194082912f41855f441) Importer(815301076,1909f56bfc062723c751e8b465ee728b) (PreviewImporter) -> (artifact id: '6131b0fb089ccd4ec3ea3480aed3fff6') in 0.4943605 seconds
Number of updated asset objects reloaded before import = 0Number of asset objects unloaded after import = 5031

========================================================================
Received Import Request.
  Time since last request: 0.000035 seconds.
  path: Assets/Resources/400+ Rpg items16x16/tile406.png
  artifactKey: Guid(db3e790d159cdea40a94c8422f7d9556) Importer(815301076,1909f56bfc062723c751e8b465ee728b)
Start importing Assets/Resources/400+ Rpg items16x16/tile406.png using Guid(db3e790d159cdea40a94c8422f7d9556) Importer(815301076,1909f56bfc062723c751e8b465ee728b) (PreviewImporter) -> (artifact id: 'bf689faa0e00932d43779281eb068253') in 0.4964014 seconds
Number of updated asset objects reloaded before import = 0Number of asset objects unloaded after import = 5031

========================================================================
Received Import Request.
  Time since last request: 0.000043 seconds.
  path: Assets/Resources/400+ Rpg items16x16/tile386.png
  artifactKey: Guid(854a627d6760de14e8c71d8c2bc817f7) Importer(815301076,1909f56bfc062723c751e8b465ee728b)
Start importing Assets/Resources/400+ Rpg items16x16/tile386.png using Guid(854a627d6760de14e8c71d8c2bc817f7) Importer(815301076,1909f56bfc062723c751e8b465ee728b) (PreviewImporter) -> (artifact id: 'a6145faed518836843c2643cc4d46c2c') in 0.5112757 seconds
Number of updated asset objects reloaded before import = 0Number of asset objects unloaded after import = 5031

========================================================================
Received Import Request.
  Time since last request: 0.000032 seconds.
  path: Assets/Resources/400+ Rpg items16x16/tile262.png
  artifactKey: Guid(024f80f8b2c17cd40a3815143b71751b) Importer(815301076,1909f56bfc062723c751e8b465ee728b)
Start importing Assets/Resources/400+ Rpg items16x16/tile262.png using Guid(024f80f8b2c17cd40a3815143b71751b) Importer(815301076,1909f56bfc062723c751e8b465ee728b) (PreviewImporter) -> (artifact id: 'cdef173143b02d894d3e17d6f1fe9066') in 0.4958641 seconds
Number of updated asset objects reloaded before import = 0Number of asset objects unloaded after import = 5031

========================================================================
Received Import Request.
  Time since last request: 0.000042 seconds.
  path: Assets/Resources/400+ Rpg items16x16/tile259.png
  artifactKey: Guid(a9ba96dc2b9f48048a0ad8ef76e95e6d) Importer(815301076,1909f56bfc062723c751e8b465ee728b)
Start importing Assets/Resources/400+ Rpg items16x16/tile259.png using Guid(a9ba96dc2b9f48048a0ad8ef76e95e6d) Importer(815301076,1909f56bfc062723c751e8b465ee728b) (PreviewImporter) -> (artifact id: 'e052f8d814929de83a6722269e91307a') in 0.5321126 seconds
Number of updated asset objects reloaded before import = 0Number of asset objects unloaded after import = 5031

========================================================================
Received Import Request.
  Time since last request: 0.000032 seconds.
  path: Assets/Resources/400+ Rpg items16x16/tile242.png
  artifactKey: Guid(def9a35ff89845640ab7ca41b70e51ca) Importer(815301076,1909f56bfc062723c751e8b465ee728b)
Start importing Assets/Resources/400+ Rpg items16x16/tile242.png using Guid(def9a35ff89845640ab7ca41b70e51ca) Importer(815301076,1909f56bfc062723c751e8b465ee728b) (PreviewImporter) -> (artifact id: '22296c907da786a291fa43aabe46ac89') in 0.5055271 seconds
Number of updated asset objects reloaded before import = 0Number of asset objects unloaded after import = 5031

========================================================================
Received Import Request.
  Time since last request: 0.000039 seconds.
  path: Assets/Resources/400+ Rpg items16x16/tile420.png
  artifactKey: Guid(b79d4114e1e925e42a9747fd941db654) Importer(815301076,1909f56bfc062723c751e8b465ee728b)
Start importing Assets/Resources/400+ Rpg items16x16/tile420.png using Guid(b79d4114e1e925e42a9747fd941db654) Importer(815301076,1909f56bfc062723c751e8b465ee728b) (PreviewImporter) -> (artifact id: '64c2be58921f851465e7b4a98a0a4c21') in 0.4855966 seconds
Number of updated asset objects reloaded before import = 0Number of asset objects unloaded after import = 5031

========================================================================
Received Import Request.
  Time since last request: 0.000032 seconds.
  path: Assets/Resources/400+ Rpg items16x16/tile211.png
  artifactKey: Guid(5fa8a989da3385b42ab6e9cffd4f009b) Importer(815301076,1909f56bfc062723c751e8b465ee728b)
Start importing Assets/Resources/400+ Rpg items16x16/tile211.png using Guid(5fa8a989da3385b42ab6e9cffd4f009b) Importer(815301076,1909f56bfc062723c751e8b465ee728b) (PreviewImporter) -> (artifact id: '489bc0fc5fccb216ad3942990b0f9ed6') in 0.5016379 seconds
Number of updated asset objects reloaded before import = 0Number of asset objects unloaded after import = 5031

========================================================================
Received Import Request.
  Time since last request: 0.000040 seconds.
  path: Assets/Resources/400+ Rpg items16x16/tile102.png
  artifactKey: Guid(6fe91ee8e9157f1448c129aa026c2496) Importer(815301076,1909f56bfc062723c751e8b465ee728b)
Start importing Assets/Resources/400+ Rpg items16x16/tile102.png using Guid(6fe91ee8e9157f1448c129aa026c2496) Importer(815301076,1909f56bfc062723c751e8b465ee728b) (PreviewImporter) -> (artifact id: '159708cfabb133f657d85e9c9ece124d') in 0.4367285 seconds
Number of updated asset objects reloaded before import = 0Number of asset objects unloaded after import = 5031

========================================================================
Received Import Request.
  Time since last request: 0.000031 seconds.
  path: Assets/Resources/400+ Rpg items16x16/tile348.png
  artifactKey: Guid(ebf00d8bad9ca3847a0464ed6508e94a) Importer(815301076,1909f56bfc062723c751e8b465ee728b)
Start importing Assets/Resources/400+ Rpg items16x16/tile348.png using Guid(ebf00d8bad9ca3847a0464ed6508e94a) Importer(815301076,1909f56bfc062723c751e8b465ee728b) (PreviewImporter) -> (artifact id: 'd6c00b0afa9fdcd8cc7a5680a401af17') in 0.4618568 seconds
Number of updated asset objects reloaded before import = 0Number of asset objects unloaded after import = 5031

========================================================================
Received Import Request.
  Time since last request: 0.000045 seconds.
  path: Assets/Resources/400+ Rpg items16x16/tile434.png
  artifactKey: Guid(5b99f912b1cb14c4388548316b2b7216) Importer(815301076,1909f56bfc062723c751e8b465ee728b)
Start importing Assets/Resources/400+ Rpg items16x16/tile434.png using Guid(5b99f912b1cb14c4388548316b2b7216) Importer(815301076,1909f56bfc062723c751e8b465ee728b) (PreviewImporter) -> (artifact id: 'a33e38ac68217b99aa86035872afab8a') in 0.4408954 seconds
Number of updated asset objects reloaded before import = 0Number of asset objects unloaded after import = 5031

========================================================================
Received Import Request.
  Time since last request: 0.000030 seconds.
  path: Assets/Resources/400+ Rpg items16x16/tile124.png
  artifactKey: Guid(218b841f116d64d49ad5f7d79258687a) Importer(815301076,1909f56bfc062723c751e8b465ee728b)
Start importing Assets/Resources/400+ Rpg items16x16/tile124.png using Guid(218b841f116d64d49ad5f7d79258687a) Importer(815301076,1909f56bfc062723c751e8b465ee728b) (PreviewImporter) -> (artifact id: '82258bf28fbbf80e3390ef6f11e7b71b') in 0.428792 seconds
Number of updated asset objects reloaded before import = 0Number of asset objects unloaded after import = 5031

========================================================================
Received Import Request.
  Time since last request: 0.000036 seconds.
  path: Assets/Resources/400+ Rpg items16x16/tile371.png
  artifactKey: Guid(4660836b15e13f341936e92b1a6af4b1) Importer(815301076,1909f56bfc062723c751e8b465ee728b)
Start importing Assets/Resources/400+ Rpg items16x16/tile371.png using Guid(4660836b15e13f341936e92b1a6af4b1) Importer(815301076,1909f56bfc062723c751e8b465ee728b) (PreviewImporter) -> (artifact id: 'ce249670f670667e509461abdef23a2c') in 0.4509466 seconds
Number of updated asset objects reloaded before import = 0Number of asset objects unloaded after import = 5031

========================================================================
Received Import Request.
  Time since last request: 0.000032 seconds.
  path: Assets/Resources/400+ Rpg items16x16/tile096.png
  artifactKey: Guid(b0385333e5ad18c4cb70c094462b9c58) Importer(815301076,1909f56bfc062723c751e8b465ee728b)
Start importing Assets/Resources/400+ Rpg items16x16/tile096.png using Guid(b0385333e5ad18c4cb70c094462b9c58) Importer(815301076,1909f56bfc062723c751e8b465ee728b) (PreviewImporter) -> (artifact id: '3217f416a922d6912060558630e11c85') in 0.4410873 seconds
Number of updated asset objects reloaded before import = 0Number of asset objects unloaded after import = 5031

========================================================================
Received Import Request.
  Time since last request: 0.000037 seconds.
  path: Assets/Resources/400+ Rpg items16x16/tile236.png
  artifactKey: Guid(144c50a92e831a2489c3a9c5ea40d134) Importer(815301076,1909f56bfc062723c751e8b465ee728b)
Start importing Assets/Resources/400+ Rpg items16x16/tile236.png using Guid(144c50a92e831a2489c3a9c5ea40d134) Importer(815301076,1909f56bfc062723c751e8b465ee728b) (PreviewImporter) -> (artifact id: '4a32b385acad8854ff18090095796f10') in 0.4491315 seconds
Number of updated asset objects reloaded before import = 0Number of asset objects unloaded after import = 5031

========================================================================
Received Import Request.
  Time since last request: 0.000032 seconds.
  path: Assets/Resources/400+ Rpg items16x16/tile400.png
  artifactKey: Guid(847fed297b7e44245a8b550b72545ac3) Importer(815301076,1909f56bfc062723c751e8b465ee728b)
Start importing Assets/Resources/400+ Rpg items16x16/tile400.png using Guid(847fed297b7e44245a8b550b72545ac3) Importer(815301076,1909f56bfc062723c751e8b465ee728b) (PreviewImporter) -> (artifact id: '87f2eab504ebfd3c3f422a12420dee79') in 0.4470445 seconds
Number of updated asset objects reloaded before import = 0Number of asset objects unloaded after import = 5031

========================================================================
Received Import Request.
  Time since last request: 0.000042 seconds.
  path: Assets/Resources/400+ Rpg items16x16/tile274.png
  artifactKey: Guid(89e7be4864fd6b64fa0bd560ed9b8157) Importer(815301076,1909f56bfc062723c751e8b465ee728b)
Start importing Assets/Resources/400+ Rpg items16x16/tile274.png using Guid(89e7be4864fd6b64fa0bd560ed9b8157) Importer(815301076,1909f56bfc062723c751e8b465ee728b) (PreviewImporter) -> (artifact id: '37970e1eb855cb4e3677973ed90993d3') in 0.4682622 seconds
Number of updated asset objects reloaded before import = 0Number of asset objects unloaded after import = 5031

========================================================================
Received Import Request.
  Time since last request: 0.000032 seconds.
  path: Assets/Resources/400+ Rpg items16x16/tile342.png
  artifactKey: Guid(c8fb53762cd231441936e7d7dcc570e2) Importer(815301076,1909f56bfc062723c751e8b465ee728b)
Start importing Assets/Resources/400+ Rpg items16x16/tile342.png using Guid(c8fb53762cd231441936e7d7dcc570e2) Importer(815301076,1909f56bfc062723c751e8b465ee728b) (PreviewImporter) -> (artifact id: 'bf4c219e06168da9872e6cdfa3574714') in 0.4821513 seconds
Number of updated asset objects reloaded before import = 0Number of asset objects unloaded after import = 5031

========================================================================
Received Import Request.
  Time since last request: 0.000040 seconds.
  path: Assets/Resources/400+ Rpg items16x16/tile267.png
  artifactKey: Guid(7714b3e5d9fe6c842befa6640a8251da) Importer(815301076,1909f56bfc062723c751e8b465ee728b)
Start importing Assets/Resources/400+ Rpg items16x16/tile267.png using Guid(7714b3e5d9fe6c842befa6640a8251da) Importer(815301076,1909f56bfc062723c751e8b465ee728b) (PreviewImporter) -> (artifact id: '684ea6c31b8286d3522d15310ba2d03a') in 0.4469015 seconds
Number of updated asset objects reloaded before import = 0Number of asset objects unloaded after import = 5031

========================================================================
Received Import Request.
  Time since last request: 0.000043 seconds.
  path: Assets/Resources/400+ Rpg items16x16/tile439.png
  artifactKey: Guid(580b5eff8c864e34a9272c30c4a90921) Importer(815301076,1909f56bfc062723c751e8b465ee728b)
Start importing Assets/Resources/400+ Rpg items16x16/tile439.png using Guid(580b5eff8c864e34a9272c30c4a90921) Importer(815301076,1909f56bfc062723c751e8b465ee728b) (PreviewImporter) -> (artifact id: 'b3495d3996f939ef74ebbe115a19acff') in 0.4634313 seconds
Number of updated asset objects reloaded before import = 0Number of asset objects unloaded after import = 5031

========================================================================
Received Import Request.
  Time since last request: 0.000038 seconds.
  path: Assets/Resources/400+ Rpg items16x16/tile366.png
  artifactKey: Guid(8fe9710826b130e47b9580a515d5434e) Importer(815301076,1909f56bfc062723c751e8b465ee728b)
Start importing Assets/Resources/400+ Rpg items16x16/tile366.png using Guid(8fe9710826b130e47b9580a515d5434e) Importer(815301076,1909f56bfc062723c751e8b465ee728b) (PreviewImporter) -> (artifact id: '7841d1e91e27120f9bb68b604e733944') in 0.4439341 seconds
Number of updated asset objects reloaded before import = 0Number of asset objects unloaded after import = 5031

========================================================================
Received Import Request.
  Time since last request: 0.000036 seconds.
  path: Assets/Resources/400+ Rpg items16x16/tile122.png
  artifactKey: Guid(2354d80cc93b6e64a8a660b7c84b4377) Importer(815301076,1909f56bfc062723c751e8b465ee728b)
Start importing Assets/Resources/400+ Rpg items16x16/tile122.png using Guid(2354d80cc93b6e64a8a660b7c84b4377) Importer(815301076,1909f56bfc062723c751e8b465ee728b) (PreviewImporter) -> (artifact id: '2ca24d3ebee44b82846a40799babeac9') in 0.4420503 seconds
Number of updated asset objects reloaded before import = 0Number of asset objects unloaded after import = 5031

========================================================================
Received Import Request.
  Time since last request: 0.000047 seconds.
  path: Assets/Resources/400+ Rpg items16x16/tile392.png
  artifactKey: Guid(6fc3383589b00d140b0ea0aa43eccabf) Importer(815301076,1909f56bfc062723c751e8b465ee728b)
Start importing Assets/Resources/400+ Rpg items16x16/tile392.png using Guid(6fc3383589b00d140b0ea0aa43eccabf) Importer(815301076,1909f56bfc062723c751e8b465ee728b) (PreviewImporter) -> (artifact id: '0c71a7b3d0e6f2625ebdc8c1f9523195') in 0.457297 seconds
Number of updated asset objects reloaded before import = 0Number of asset objects unloaded after import = 5031

========================================================================
Received Import Request.
  Time since last request: 0.000045 seconds.
  path: Assets/Resources/400+ Rpg items16x16/tile108.png
  artifactKey: Guid(249a73395d9e2674e97918207f001674) Importer(815301076,1909f56bfc062723c751e8b465ee728b)
Start importing Assets/Resources/400+ Rpg items16x16/tile108.png using Guid(249a73395d9e2674e97918207f001674) Importer(815301076,1909f56bfc062723c751e8b465ee728b) (PreviewImporter) -> (artifact id: '6b3fc4785d0e20e7519f7f0874020a47') in 0.5152999 seconds
Number of updated asset objects reloaded before import = 0Number of asset objects unloaded after import = 5031

========================================================================
Received Import Request.
  Time since last request: 0.000052 seconds.
  path: Assets/Resources/400+ Rpg items16x16/tile404.png
  artifactKey: Guid(4c2da60970c6d6349a4c8e80c07d288d) Importer(815301076,1909f56bfc062723c751e8b465ee728b)
Start importing Assets/Resources/400+ Rpg items16x16/tile404.png using Guid(4c2da60970c6d6349a4c8e80c07d288d) Importer(815301076,1909f56bfc062723c751e8b465ee728b) (PreviewImporter) -> (artifact id: '881ab36578387f1d9666ce191bb0403e') in 0.4373177 seconds
Number of updated asset objects reloaded before import = 0Number of asset objects unloaded after import = 5031

========================================================================
Received Import Request.
  Time since last request: 0.000032 seconds.
  path: Assets/Resources/400+ Rpg items16x16/tile085.png
  artifactKey: Guid(17e812d0bb4779b41aaa58c9563233e3) Importer(815301076,1909f56bfc062723c751e8b465ee728b)
Start importing Assets/Resources/400+ Rpg items16x16/tile085.png using Guid(17e812d0bb4779b41aaa58c9563233e3) Importer(815301076,1909f56bfc062723c751e8b465ee728b) (PreviewImporter) -> (artifact id: 'cc0a97cd85b7686eb6d29768d2ede58b') in 0.4419019 seconds
Number of updated asset objects reloaded before import = 0Number of asset objects unloaded after import = 5031

========================================================================
Received Import Request.
  Time since last request: 0.000043 seconds.
  path: Assets/Resources/400+ Rpg items16x16/tile401.png
  artifactKey: Guid(db56d89222f25be4790d7565f4168650) Importer(815301076,1909f56bfc062723c751e8b465ee728b)
Start importing Assets/Resources/400+ Rpg items16x16/tile401.png using Guid(db56d89222f25be4790d7565f4168650) Importer(815301076,1909f56bfc062723c751e8b465ee728b) (PreviewImporter) -> (artifact id: '205ca49f45bf3fac81aa157a2bf0d628') in 0.4430922 seconds
Number of updated asset objects reloaded before import = 0Number of asset objects unloaded after import = 5031

========================================================================
Received Import Request.
  Time since last request: 0.000037 seconds.
  path: Assets/Resources/400+ Rpg items16x16/tile152.png
  artifactKey: Guid(60e19b9d5ab6fe041b712aa5c50023cf) Importer(815301076,1909f56bfc062723c751e8b465ee728b)
Start importing Assets/Resources/400+ Rpg items16x16/tile152.png using Guid(60e19b9d5ab6fe041b712aa5c50023cf) Importer(815301076,1909f56bfc062723c751e8b465ee728b) (PreviewImporter) -> (artifact id: '3e4c4d5215937b4289d67dcc73d1f43c') in 0.4590043 seconds
Number of updated asset objects reloaded before import = 0Number of asset objects unloaded after import = 5031

========================================================================
Received Import Request.
  Time since last request: 0.000044 seconds.
  path: Assets/Resources/400+ Rpg items16x16/tile224.png
  artifactKey: Guid(a77f482ed4f77374daafe23e8e0b1492) Importer(815301076,1909f56bfc062723c751e8b465ee728b)
Start importing Assets/Resources/400+ Rpg items16x16/tile224.png using Guid(a77f482ed4f77374daafe23e8e0b1492) Importer(815301076,1909f56bfc062723c751e8b465ee728b) (PreviewImporter) -> (artifact id: '873aae85cfafbcb4827840626c291d5c') in 0.4515972 seconds
Number of updated asset objects reloaded before import = 0Number of asset objects unloaded after import = 5031

========================================================================
Received Import Request.
  Time since last request: 0.000046 seconds.
  path: Assets/Resources/400+ Rpg items16x16/tile412.png
  artifactKey: Guid(6961b6b45e06905448b7ceabe5f5bc11) Importer(815301076,1909f56bfc062723c751e8b465ee728b)
Start importing Assets/Resources/400+ Rpg items16x16/tile412.png using Guid(6961b6b45e06905448b7ceabe5f5bc11) Importer(815301076,1909f56bfc062723c751e8b465ee728b) (PreviewImporter) -> (artifact id: '6784487b8a102db8425257d06defa360') in 0.4327231 seconds
Number of updated asset objects reloaded before import = 0Number of asset objects unloaded after import = 5031

========================================================================
Received Import Request.
  Time since last request: 0.000038 seconds.
  path: Assets/Resources/400+ Rpg items16x16/tile272.png
  artifactKey: Guid(e4018e5c5f94f814780fcbb8571256ab) Importer(815301076,1909f56bfc062723c751e8b465ee728b)
Start importing Assets/Resources/400+ Rpg items16x16/tile272.png using Guid(e4018e5c5f94f814780fcbb8571256ab) Importer(815301076,1909f56bfc062723c751e8b465ee728b) (PreviewImporter) -> (artifact id: '4815d10803089fab6b24a75c02afdf9e') in 0.4477651 seconds
Number of updated asset objects reloaded before import = 0Number of asset objects unloaded after import = 5031

========================================================================
Received Import Request.
  Time since last request: 0.000032 seconds.
  path: Assets/Resources/400+ Rpg items16x16/tile125.png
  artifactKey: Guid(0da3c663303d7674fa9abed9cfb3db7c) Importer(815301076,1909f56bfc062723c751e8b465ee728b)
Start importing Assets/Resources/400+ Rpg items16x16/tile125.png using Guid(0da3c663303d7674fa9abed9cfb3db7c) Importer(815301076,1909f56bfc062723c751e8b465ee728b) (PreviewImporter) -> (artifact id: '1e3bd82ec1771010eccb50733088311b') in 0.4443761 seconds
Number of updated asset objects reloaded before import = 0Number of asset objects unloaded after import = 5031

========================================================================
Received Import Request.
  Time since last request: 0.000044 seconds.
  path: Assets/Resources/400+ Rpg items16x16/tile143.png
  artifactKey: Guid(81c95750cbb8c0448a8df0bb7655c181) Importer(815301076,1909f56bfc062723c751e8b465ee728b)
Start importing Assets/Resources/400+ Rpg items16x16/tile143.png using Guid(81c95750cbb8c0448a8df0bb7655c181) Importer(815301076,1909f56bfc062723c751e8b465ee728b) (PreviewImporter) -> (artifact id: '21fa61e6833c49ae81a81feac627aa4d') in 0.4519481 seconds
Number of updated asset objects reloaded before import = 0Number of asset objects unloaded after import = 5031

========================================================================
Received Import Request.
  Time since last request: 0.000032 seconds.
  path: Assets/Resources/400+ Rpg items16x16/tile220.png
  artifactKey: Guid(c7ec61225146e784f8ceb9f694e94e55) Importer(815301076,1909f56bfc062723c751e8b465ee728b)
Start importing Assets/Resources/400+ Rpg items16x16/tile220.png using Guid(c7ec61225146e784f8ceb9f694e94e55) Importer(815301076,1909f56bfc062723c751e8b465ee728b) (PreviewImporter) -> (artifact id: '28471027c5b073e5ae41b30c88001d93') in 0.4432667 seconds
Number of updated asset objects reloaded before import = 0Number of asset objects unloaded after import = 5031

========================================================================
Received Import Request.
  Time since last request: 0.000048 seconds.
  path: Assets/Resources/400+ Rpg items16x16/tile385.png
  artifactKey: Guid(d723eecba8b8183458d638123fc51e28) Importer(815301076,1909f56bfc062723c751e8b465ee728b)
Start importing Assets/Resources/400+ Rpg items16x16/tile385.png using Guid(d723eecba8b8183458d638123fc51e28) Importer(815301076,1909f56bfc062723c751e8b465ee728b) (PreviewImporter) -> (artifact id: 'df8bc2257a11e975a32e830abd909b45') in 0.4420215 seconds
Number of updated asset objects reloaded before import = 0Number of asset objects unloaded after import = 5031

========================================================================
Received Import Request.
  Time since last request: 0.000032 seconds.
  path: Assets/Resources/400+ Rpg items16x16/tile343.png
  artifactKey: Guid(b3e631d42a93bc742aa7d3ce24a6198b) Importer(815301076,1909f56bfc062723c751e8b465ee728b)
Start importing Assets/Resources/400+ Rpg items16x16/tile343.png using Guid(b3e631d42a93bc742aa7d3ce24a6198b) Importer(815301076,1909f56bfc062723c751e8b465ee728b) (PreviewImporter) -> (artifact id: '5a70ada27bfdedafd8f09638b04b4696') in 0.4499158 seconds
Number of updated asset objects reloaded before import = 0Number of asset objects unloaded after import = 5031

========================================================================
Received Import Request.
  Time since last request: 0.000043 seconds.
  path: Assets/Resources/400+ Rpg items16x16/tile100.png
  artifactKey: Guid(1a324c1f03855354ea5a6fe07f50422e) Importer(815301076,1909f56bfc062723c751e8b465ee728b)
Start importing Assets/Resources/400+ Rpg items16x16/tile100.png using Guid(1a324c1f03855354ea5a6fe07f50422e) Importer(815301076,1909f56bfc062723c751e8b465ee728b) (PreviewImporter) -> (artifact id: 'af6850fdc261f0ce2b2bfaa7b96388d0') in 0.4415227 seconds
Number of updated asset objects reloaded before import = 0Number of asset objects unloaded after import = 5031

========================================================================
Received Import Request.
  Time since last request: 0.000036 seconds.
  path: Assets/Resources/400+ Rpg items16x16/tile217.png
  artifactKey: Guid(0c79b204fe3762f4c88f55879a542c80) Importer(815301076,1909f56bfc062723c751e8b465ee728b)
Start importing Assets/Resources/400+ Rpg items16x16/tile217.png using Guid(0c79b204fe3762f4c88f55879a542c80) Importer(815301076,1909f56bfc062723c751e8b465ee728b) (PreviewImporter) -> (artifact id: 'd32d8e50658a573f2c1cd59029fd4202') in 0.4402524 seconds
Number of updated asset objects reloaded before import = 0Number of asset objects unloaded after import = 5031

========================================================================
Received Import Request.
  Time since last request: 0.000039 seconds.
  path: Assets/Resources/400+ Rpg items16x16/tile301.png
  artifactKey: Guid(954d3a74ee4cfd34cbd3bf38f5af7b31) Importer(815301076,1909f56bfc062723c751e8b465ee728b)
Start importing Assets/Resources/400+ Rpg items16x16/tile301.png using Guid(954d3a74ee4cfd34cbd3bf38f5af7b31) Importer(815301076,1909f56bfc062723c751e8b465ee728b) (PreviewImporter) -> (artifact id: '5efc4b5993548040cf572ca8fbf7f00d') in 0.4888856 seconds
Number of updated asset objects reloaded before import = 0Number of asset objects unloaded after import = 5031

========================================================================
Received Import Request.
  Time since last request: 0.000041 seconds.
  path: Assets/Resources/400+ Rpg items16x16/tile427.png
  artifactKey: Guid(569ab95ef315b3b48aa0be50a7eff688) Importer(815301076,1909f56bfc062723c751e8b465ee728b)
Start importing Assets/Resources/400+ Rpg items16x16/tile427.png using Guid(569ab95ef315b3b48aa0be50a7eff688) Importer(815301076,1909f56bfc062723c751e8b465ee728b) (PreviewImporter) -> (artifact id: '71f7de41d1bb683e8a0628981ff859ea') in 0.4930549 seconds
Number of updated asset objects reloaded before import = 0Number of asset objects unloaded after import = 5031

========================================================================
Received Import Request.
  Time since last request: 0.000046 seconds.
  path: Assets/Resources/400+ Rpg items16x16/tile309.png
  artifactKey: Guid(a2c57a5997bd39b45a172dfd1c38c214) Importer(815301076,1909f56bfc062723c751e8b465ee728b)
Start importing Assets/Resources/400+ Rpg items16x16/tile309.png using Guid(a2c57a5997bd39b45a172dfd1c38c214) Importer(815301076,1909f56bfc062723c751e8b465ee728b) (PreviewImporter) -> (artifact id: '73b7b25da96ff015108abc081af83a74') in 0.4743505 seconds
Number of updated asset objects reloaded before import = 0Number of asset objects unloaded after import = 5031

========================================================================
Received Import Request.
  Time since last request: 0.000032 seconds.
  path: Assets/Resources/400+ Rpg items16x16/tile358.png
  artifactKey: Guid(d889f7c5daf63294dba180c50cadbd15) Importer(815301076,1909f56bfc062723c751e8b465ee728b)
Start importing Assets/Resources/400+ Rpg items16x16/tile358.png using Guid(d889f7c5daf63294dba180c50cadbd15) Importer(815301076,1909f56bfc062723c751e8b465ee728b) (PreviewImporter) -> (artifact id: 'ae75b1fc5af08514fd66dc8e6cfe97db') in 0.4655122 seconds
Number of updated asset objects reloaded before import = 0Number of asset objects unloaded after import = 5031

========================================================================
Received Import Request.
  Time since last request: 0.000044 seconds.
  path: Assets/Resources/400+ Rpg items16x16/tile285.png
  artifactKey: Guid(8cf8aa74d9703384abbe5fa7b4a064ca) Importer(815301076,1909f56bfc062723c751e8b465ee728b)
Start importing Assets/Resources/400+ Rpg items16x16/tile285.png using Guid(8cf8aa74d9703384abbe5fa7b4a064ca) Importer(815301076,1909f56bfc062723c751e8b465ee728b) (PreviewImporter) -> (artifact id: '5227225a412931d54c274eac10c14290') in 0.4582564 seconds
Number of updated asset objects reloaded before import = 0Number of asset objects unloaded after import = 5031

========================================================================
Received Import Request.
  Time since last request: 0.000031 seconds.
  path: Assets/Resources/400+ Rpg items16x16/tile216.png
  artifactKey: Guid(4fd9c07e18d88b64abe3c98fe75d612d) Importer(815301076,1909f56bfc062723c751e8b465ee728b)
Start importing Assets/Resources/400+ Rpg items16x16/tile216.png using Guid(4fd9c07e18d88b64abe3c98fe75d612d) Importer(815301076,1909f56bfc062723c751e8b465ee728b) (PreviewImporter) -> (artifact id: '1b421ee2d0c25013d44fd990385d1cb3') in 0.4269938 seconds
Number of updated asset objects reloaded before import = 0Number of asset objects unloaded after import = 5031

========================================================================
Received Import Request.
  Time since last request: 0.000041 seconds.
  path: Assets/Resources/400+ Rpg items16x16/tile423.png
  artifactKey: Guid(07bb3c2a92ac6fc47bdfbcf3082891c5) Importer(815301076,1909f56bfc062723c751e8b465ee728b)
Start importing Assets/Resources/400+ Rpg items16x16/tile423.png using Guid(07bb3c2a92ac6fc47bdfbcf3082891c5) Importer(815301076,1909f56bfc062723c751e8b465ee728b) (PreviewImporter) -> (artifact id: '1bf8bdfd1b4049277834adfa3600d2e7') in 0.481674 seconds
Number of updated asset objects reloaded before import = 0Number of asset objects unloaded after import = 5031

========================================================================
Received Import Request.
  Time since last request: 0.000032 seconds.
  path: Assets/Resources/400+ Rpg items16x16/tile101.png
  artifactKey: Guid(1362cd8c2da222e47af0728c917986e3) Importer(815301076,1909f56bfc062723c751e8b465ee728b)
Start importing Assets/Resources/400+ Rpg items16x16/tile101.png using Guid(1362cd8c2da222e47af0728c917986e3) Importer(815301076,1909f56bfc062723c751e8b465ee728b) (PreviewImporter) -> (artifact id: '59ba199e8d84d02ea3385bdb0687b967') in 0.464103 seconds
Number of updated asset objects reloaded before import = 0Number of asset objects unloaded after import = 5031

========================================================================
Received Import Request.
  Time since last request: 0.000041 seconds.
  path: Assets/Resources/400+ Rpg items16x16/tile136.png
  artifactKey: Guid(869bfefb1c451864bad06f2bbb306ed4) Importer(815301076,1909f56bfc062723c751e8b465ee728b)
Start importing Assets/Resources/400+ Rpg items16x16/tile136.png using Guid(869bfefb1c451864bad06f2bbb306ed4) Importer(815301076,1909f56bfc062723c751e8b465ee728b) (PreviewImporter) -> (artifact id: '52af9a6b973f3cbe079796439a9eddd0') in 0.444518 seconds
Number of updated asset objects reloaded before import = 0Number of asset objects unloaded after import = 5031

========================================================================
Received Import Request.
  Time since last request: 0.000033 seconds.
  path: Assets/Resources/400+ Rpg items16x16/tile324.png
  artifactKey: Guid(096fdda139bab8d418813c46c4975100) Importer(815301076,1909f56bfc062723c751e8b465ee728b)
Start importing Assets/Resources/400+ Rpg items16x16/tile324.png using Guid(096fdda139bab8d418813c46c4975100) Importer(815301076,1909f56bfc062723c751e8b465ee728b) (PreviewImporter) -> (artifact id: '375f27304040382f4ba9369fe14022cb') in 0.4387986 seconds
Number of updated asset objects reloaded before import = 0Number of asset objects unloaded after import = 5031

========================================================================
Received Import Request.
  Time since last request: 0.000044 seconds.
  path: Assets/Resources/400+ Rpg items16x16/tile207.png
  artifactKey: Guid(8e378b3cbd93f0c48a22eef92355d9d0) Importer(815301076,1909f56bfc062723c751e8b465ee728b)
Start importing Assets/Resources/400+ Rpg items16x16/tile207.png using Guid(8e378b3cbd93f0c48a22eef92355d9d0) Importer(815301076,1909f56bfc062723c751e8b465ee728b) (PreviewImporter) -> (artifact id: '425a46e7c6ae428a78f8897032fc40d5') in 0.4324915 seconds
Number of updated asset objects reloaded before import = 0Number of asset objects unloaded after import = 5031

========================================================================
Received Import Request.
  Time since last request: 0.000046 seconds.
  path: Assets/Resources/400+ Rpg items16x16/tile112.png
  artifactKey: Guid(03891603ec7bfa147a20a66b1226e169) Importer(815301076,1909f56bfc062723c751e8b465ee728b)
Start importing Assets/Resources/400+ Rpg items16x16/tile112.png using Guid(03891603ec7bfa147a20a66b1226e169) Importer(815301076,1909f56bfc062723c751e8b465ee728b) (PreviewImporter) -> (artifact id: '5593f9c4a33b649a82647adbc1ba4be2') in 0.4356336 seconds
Number of updated asset objects reloaded before import = 0Number of asset objects unloaded after import = 5031

========================================================================
Received Import Request.
  Time since last request: 0.000037 seconds.
  path: Assets/Resources/400+ Rpg items16x16/tile264.png
  artifactKey: Guid(23b8de3e5f4e0954bab18b2fd56bbd5b) Importer(815301076,1909f56bfc062723c751e8b465ee728b)
Start importing Assets/Resources/400+ Rpg items16x16/tile264.png using Guid(23b8de3e5f4e0954bab18b2fd56bbd5b) Importer(815301076,1909f56bfc062723c751e8b465ee728b) (PreviewImporter) -> (artifact id: 'd3480393ab858f9fb5eed850386b227a') in 0.4329454 seconds
Number of updated asset objects reloaded before import = 0Number of asset objects unloaded after import = 5031

========================================================================
Received Import Request.
  Time since last request: 0.000035 seconds.
  path: Assets/Resources/400+ Rpg items16x16/tile317.png
  artifactKey: Guid(cc60ee49a3762ad42904eb446e274835) Importer(815301076,1909f56bfc062723c751e8b465ee728b)
Start importing Assets/Resources/400+ Rpg items16x16/tile317.png using Guid(cc60ee49a3762ad42904eb446e274835) Importer(815301076,1909f56bfc062723c751e8b465ee728b) (PreviewImporter) -> (artifact id: '89570af215a135722595e0dfbaf774b5') in 0.4396696 seconds
Number of updated asset objects reloaded before import = 0Number of asset objects unloaded after import = 5031

========================================================================
Received Import Request.
  Time since last request: 0.000039 seconds.
  path: Assets/Resources/400+ Rpg items16x16/tile414.png
  artifactKey: Guid(677350e849f245c49a730fff495c198b) Importer(815301076,1909f56bfc062723c751e8b465ee728b)
Start importing Assets/Resources/400+ Rpg items16x16/tile414.png using Guid(677350e849f245c49a730fff495c198b) Importer(815301076,1909f56bfc062723c751e8b465ee728b) (PreviewImporter) -> (artifact id: '49590d8cf854382041a8ab056d62a1f0') in 0.4495753 seconds
Number of updated asset objects reloaded before import = 0Number of asset objects unloaded after import = 5031

========================================================================
Received Import Request.
  Time since last request: 0.000033 seconds.
  path: Assets/Resources/400+ Rpg items16x16/tile130.png
  artifactKey: Guid(44b0731b51f89b646a11a1884ac03355) Importer(815301076,1909f56bfc062723c751e8b465ee728b)
Start importing Assets/Resources/400+ Rpg items16x16/tile130.png using Guid(44b0731b51f89b646a11a1884ac03355) Importer(815301076,1909f56bfc062723c751e8b465ee728b) (PreviewImporter) -> (artifact id: '33ebbb0659fdf6002e8a94b74171cca0') in 0.4377063 seconds
Number of updated asset objects reloaded before import = 0Number of asset objects unloaded after import = 5031

========================================================================
Received Import Request.
  Time since last request: 0.000041 seconds.
  path: Assets/Resources/400+ Rpg items16x16/tile278.png
  artifactKey: Guid(7d6398e1cd57de740ab0db655f2c679f) Importer(815301076,1909f56bfc062723c751e8b465ee728b)
Start importing Assets/Resources/400+ Rpg items16x16/tile278.png using Guid(7d6398e1cd57de740ab0db655f2c679f) Importer(815301076,1909f56bfc062723c751e8b465ee728b) (PreviewImporter) -> (artifact id: 'd53a29bff2505ea9a5b25bc337155120') in 0.4364941 seconds
Number of updated asset objects reloaded before import = 0Number of asset objects unloaded after import = 5031

========================================================================
Received Import Request.
  Time since last request: 0.000031 seconds.
  path: Assets/Resources/400+ Rpg items16x16/tile359.png
  artifactKey: Guid(96b7fa2777bbd0e4f977a5e2911a1d7a) Importer(815301076,1909f56bfc062723c751e8b465ee728b)
Start importing Assets/Resources/400+ Rpg items16x16/tile359.png using Guid(96b7fa2777bbd0e4f977a5e2911a1d7a) Importer(815301076,1909f56bfc062723c751e8b465ee728b) (PreviewImporter) -> (artifact id: '639a0dbd72b390586c76cc870408dc23') in 0.4498268 seconds
Number of updated asset objects reloaded before import = 0Number of asset objects unloaded after import = 5031

========================================================================
Received Import Request.
  Time since last request: 0.000039 seconds.
  path: Assets/Resources/400+ Rpg items16x16/tile156.png
  artifactKey: Guid(743d49ac672908940b0857e8a896f358) Importer(815301076,1909f56bfc062723c751e8b465ee728b)
Start importing Assets/Resources/400+ Rpg items16x16/tile156.png using Guid(743d49ac672908940b0857e8a896f358) Importer(815301076,1909f56bfc062723c751e8b465ee728b) (PreviewImporter) -> (artifact id: 'a97e9ea635f3e56ce6b4a2c7666dede2') in 0.4342672 seconds
Number of updated asset objects reloaded before import = 0Number of asset objects unloaded after import = 5031

========================================================================
Received Import Request.
  Time since last request: 0.000031 seconds.
  path: Assets/Resources/400+ Rpg items16x16/tile437.png
  artifactKey: Guid(e863f9e152871124f8f71da6c6498600) Importer(815301076,1909f56bfc062723c751e8b465ee728b)
Start importing Assets/Resources/400+ Rpg items16x16/tile437.png using Guid(e863f9e152871124f8f71da6c6498600) Importer(815301076,1909f56bfc062723c751e8b465ee728b) (PreviewImporter) -> (artifact id: 'fa273ff3463ec5cb32030457d6db2d1e') in 0.4427921 seconds
Number of updated asset objects reloaded before import = 0Number of asset objects unloaded after import = 5031

========================================================================
Received Import Request.
  Time since last request: 0.000043 seconds.
  path: Assets/Resources/400+ Rpg items16x16/tile299.png
  artifactKey: Guid(a395cf9bfdf572343b29400ba2c3fc94) Importer(815301076,1909f56bfc062723c751e8b465ee728b)
Start importing Assets/Resources/400+ Rpg items16x16/tile299.png using Guid(a395cf9bfdf572343b29400ba2c3fc94) Importer(815301076,1909f56bfc062723c751e8b465ee728b) (PreviewImporter) -> (artifact id: '5762c5f4a92ed90da267aeae99313052') in 0.4415634 seconds
Number of updated asset objects reloaded before import = 0Number of asset objects unloaded after import = 5031

========================================================================
Received Import Request.
  Time since last request: 0.000034 seconds.
  path: Assets/Resources/400+ Rpg items16x16/tile202.png
  artifactKey: Guid(f1b8a9233a78ccb4b95b875b53fc5f88) Importer(815301076,1909f56bfc062723c751e8b465ee728b)
Start importing Assets/Resources/400+ Rpg items16x16/tile202.png using Guid(f1b8a9233a78ccb4b95b875b53fc5f88) Importer(815301076,1909f56bfc062723c751e8b465ee728b) (PreviewImporter) -> (artifact id: 'b94901bf92bdaee011c5d7122d725878') in 0.4346111 seconds
Number of updated asset objects reloaded before import = 0Number of asset objects unloaded after import = 5031

========================================================================
Received Import Request.
  Time since last request: 0.000044 seconds.
  path: Assets/Resources/400+ Rpg items16x16/tile121.png
  artifactKey: Guid(cc307d7439330044095c8e8e01bc24b5) Importer(815301076,1909f56bfc062723c751e8b465ee728b)
Start importing Assets/Resources/400+ Rpg items16x16/tile121.png using Guid(cc307d7439330044095c8e8e01bc24b5) Importer(815301076,1909f56bfc062723c751e8b465ee728b) (PreviewImporter) -> (artifact id: 'f5c781d777b2d7adeb799650cac794d6') in 0.4361821 seconds
Number of updated asset objects reloaded before import = 0Number of asset objects unloaded after import = 5031

========================================================================
Received Import Request.
  Time since last request: 0.000034 seconds.
  path: Assets/Resources/400+ Rpg items16x16/tile195.png
  artifactKey: Guid(1236da3f4fffe43478b9661a7e4ade8a) Importer(815301076,1909f56bfc062723c751e8b465ee728b)
Start importing Assets/Resources/400+ Rpg items16x16/tile195.png using Guid(1236da3f4fffe43478b9661a7e4ade8a) Importer(815301076,1909f56bfc062723c751e8b465ee728b) (PreviewImporter) -> (artifact id: '0e12e3d6d100e6d3e4109886751d23ed') in 0.440523 seconds
Number of updated asset objects reloaded before import = 0Number of asset objects unloaded after import = 5031

========================================================================
Received Import Request.
  Time since last request: 0.000042 seconds.
  path: Assets/Resources/400+ Rpg items16x16/tile305.png
  artifactKey: Guid(1551cb1ffdb77b44798c54ac513e32e6) Importer(815301076,1909f56bfc062723c751e8b465ee728b)
Start importing Assets/Resources/400+ Rpg items16x16/tile305.png using Guid(1551cb1ffdb77b44798c54ac513e32e6) Importer(815301076,1909f56bfc062723c751e8b465ee728b) (PreviewImporter) -> (artifact id: '699f3c52262a95efa416f5e1a7cc7de6') in 0.4229578 seconds
Number of updated asset objects reloaded before import = 0Number of asset objects unloaded after import = 5031

========================================================================
Received Import Request.
  Time since last request: 0.000031 seconds.
  path: Assets/Resources/400+ Rpg items16x16/tile139.png
  artifactKey: Guid(49e968b2252da3d468500234edb2942f) Importer(815301076,1909f56bfc062723c751e8b465ee728b)
Start importing Assets/Resources/400+ Rpg items16x16/tile139.png using Guid(49e968b2252da3d468500234edb2942f) Importer(815301076,1909f56bfc062723c751e8b465ee728b) (PreviewImporter) -> (artifact id: '10e43a4f1fd13f7f733111af6e4b9f65') in 0.4420117 seconds
Number of updated asset objects reloaded before import = 0Number of asset objects unloaded after import = 5031

========================================================================
Received Import Request.
  Time since last request: 0.000043 seconds.
  path: Assets/Resources/400+ Rpg items16x16/tile145.png
  artifactKey: Guid(52339b33f42f72a429b575acaa78424a) Importer(815301076,1909f56bfc062723c751e8b465ee728b)
Start importing Assets/Resources/400+ Rpg items16x16/tile145.png using Guid(52339b33f42f72a429b575acaa78424a) Importer(815301076,1909f56bfc062723c751e8b465ee728b) (PreviewImporter) -> (artifact id: '9a579e4e87e06f1c00dee01fc423d37e') in 0.4415952 seconds
Number of updated asset objects reloaded before import = 0Number of asset objects unloaded after import = 5031

========================================================================
Received Import Request.
  Time since last request: 0.000033 seconds.
  path: Assets/Resources/400+ Rpg items16x16/tile257.png
  artifactKey: Guid(be45a659be7d3704086261e68f99ca9b) Importer(815301076,1909f56bfc062723c751e8b465ee728b)
Start importing Assets/Resources/400+ Rpg items16x16/tile257.png using Guid(be45a659be7d3704086261e68f99ca9b) Importer(815301076,1909f56bfc062723c751e8b465ee728b) (PreviewImporter) -> (artifact id: '1666048be03b1b923008fa4c371b80bf') in 0.4376495 seconds
Number of updated asset objects reloaded before import = 0Number of asset objects unloaded after import = 5031

========================================================================
Received Import Request.
  Time since last request: 0.000043 seconds.
  path: Assets/Resources/400+ Rpg items16x16/tile379.png
  artifactKey: Guid(1e20f8f300b4f624ab0e322830058ed2) Importer(815301076,1909f56bfc062723c751e8b465ee728b)
Start importing Assets/Resources/400+ Rpg items16x16/tile379.png using Guid(1e20f8f300b4f624ab0e322830058ed2) Importer(815301076,1909f56bfc062723c751e8b465ee728b) (PreviewImporter) -> (artifact id: '1361ab09161997b72eaecd508186e30c') in 0.4606648 seconds
Number of updated asset objects reloaded before import = 0Number of asset objects unloaded after import = 5031

========================================================================
Received Import Request.
  Time since last request: 0.000030 seconds.
  path: Assets/Resources/400+ Rpg items16x16/tile099.png
  artifactKey: Guid(428d8be6fe67e5841bf9122e711d7edc) Importer(815301076,1909f56bfc062723c751e8b465ee728b)
Start importing Assets/Resources/400+ Rpg items16x16/tile099.png using Guid(428d8be6fe67e5841bf9122e711d7edc) Importer(815301076,1909f56bfc062723c751e8b465ee728b) (PreviewImporter) -> (artifact id: '05fefb67f9b1e49c9aac4a25c498c36e') in 0.437525 seconds
Number of updated asset objects reloaded before import = 0Number of asset objects unloaded after import = 5031

========================================================================
Received Import Request.
  Time since last request: 0.000040 seconds.
  path: Assets/Resources/400+ Rpg items16x16/tile325.png
  artifactKey: Guid(77331f55df8cb92429c1f6320252fc05) Importer(815301076,1909f56bfc062723c751e8b465ee728b)
Start importing Assets/Resources/400+ Rpg items16x16/tile325.png using Guid(77331f55df8cb92429c1f6320252fc05) Importer(815301076,1909f56bfc062723c751e8b465ee728b) (PreviewImporter) -> (artifact id: 'fb430e733d8c8c1ca311e8948de4dc8c') in 0.4572324 seconds
Number of updated asset objects reloaded before import = 0Number of asset objects unloaded after import = 5031

========================================================================
Received Import Request.
  Time since last request: 0.000031 seconds.
  path: Assets/Resources/400+ Rpg items16x16/tile184.png
  artifactKey: Guid(78c43d42f799b99459a12b20ece29a2a) Importer(815301076,1909f56bfc062723c751e8b465ee728b)
Start importing Assets/Resources/400+ Rpg items16x16/tile184.png using Guid(78c43d42f799b99459a12b20ece29a2a) Importer(815301076,1909f56bfc062723c751e8b465ee728b) (PreviewImporter) -> (artifact id: 'a7b3d82a07912ba0a6cd645c27ba6aab') in 0.4357979 seconds
Number of updated asset objects reloaded before import = 0Number of asset objects unloaded after import = 5031

========================================================================
Received Import Request.
  Time since last request: 0.000039 seconds.
  path: Assets/Resources/400+ Rpg items16x16/tile313.png
  artifactKey: Guid(509bdc12c5f038a41b90982469a61e7c) Importer(815301076,1909f56bfc062723c751e8b465ee728b)
Start importing Assets/Resources/400+ Rpg items16x16/tile313.png using Guid(509bdc12c5f038a41b90982469a61e7c) Importer(815301076,1909f56bfc062723c751e8b465ee728b) (PreviewImporter) -> (artifact id: '68a6d94aa2b0e46ea8d03c946676a3c2') in 0.4510701 seconds
Number of updated asset objects reloaded before import = 0Number of asset objects unloaded after import = 5031

========================================================================
Received Import Request.
  Time since last request: 0.000032 seconds.
  path: Assets/Resources/400+ Rpg items16x16/tile378.png
  artifactKey: Guid(0b53ec1224c6a7f438c855b3b6a73f32) Importer(815301076,1909f56bfc062723c751e8b465ee728b)
Start importing Assets/Resources/400+ Rpg items16x16/tile378.png using Guid(0b53ec1224c6a7f438c855b3b6a73f32) Importer(815301076,1909f56bfc062723c751e8b465ee728b) (PreviewImporter) -> (artifact id: 'fc29b10ab6a7abd8c0651f2923da9ebc') in 0.444671 seconds
Number of updated asset objects reloaded before import = 0Number of asset objects unloaded after import = 5031

========================================================================
Received Import Request.
  Time since last request: 0.000041 seconds.
  path: Assets/Resources/400+ Rpg items16x16/tile362.png
  artifactKey: Guid(8f439537eb55e7b458d65fab6450eb45) Importer(815301076,1909f56bfc062723c751e8b465ee728b)
Start importing Assets/Resources/400+ Rpg items16x16/tile362.png using Guid(8f439537eb55e7b458d65fab6450eb45) Importer(815301076,1909f56bfc062723c751e8b465ee728b) (PreviewImporter) -> (artifact id: 'dddd2b4406c286ea5820dafce6b21fa8') in 0.4338667 seconds
Number of updated asset objects reloaded before import = 0Number of asset objects unloaded after import = 5031

========================================================================
Received Import Request.
  Time since last request: 0.000034 seconds.
  path: Assets/Resources/400+ Rpg items16x16/tile436.png
  artifactKey: Guid(04bb3b1b4f4f25f44b9acdeca358107c) Importer(815301076,1909f56bfc062723c751e8b465ee728b)
Start importing Assets/Resources/400+ Rpg items16x16/tile436.png using Guid(04bb3b1b4f4f25f44b9acdeca358107c) Importer(815301076,1909f56bfc062723c751e8b465ee728b) (PreviewImporter) -> (artifact id: '173d0f6918324ce091a5aff70a66a7bf') in 0.4719176 seconds
Number of updated asset objects reloaded before import = 0Number of asset objects unloaded after import = 5031

========================================================================
Received Import Request.
  Time since last request: 0.000044 seconds.
  path: Assets/Resources/400+ Rpg items16x16/tile440.png
  artifactKey: Guid(ff463b59cf99484439aa7a477cc1a449) Importer(815301076,1909f56bfc062723c751e8b465ee728b)
Start importing Assets/Resources/400+ Rpg items16x16/tile440.png using Guid(ff463b59cf99484439aa7a477cc1a449) Importer(815301076,1909f56bfc062723c751e8b465ee728b) (PreviewImporter) -> (artifact id: '95025b05e901df4b8526dc8d6912de48') in 0.442845 seconds
Number of updated asset objects reloaded before import = 0Number of asset objects unloaded after import = 5031

========================================================================
Received Import Request.
  Time since last request: 0.000039 seconds.
  path: Assets/Resources/400+ Rpg items16x16/tile268.png
  artifactKey: Guid(362971b0a8667ab46a08df9ec6e29c52) Importer(815301076,1909f56bfc062723c751e8b465ee728b)
Start importing Assets/Resources/400+ Rpg items16x16/tile268.png using Guid(362971b0a8667ab46a08df9ec6e29c52) Importer(815301076,1909f56bfc062723c751e8b465ee728b) (PreviewImporter) -> (artifact id: 'a6dec1c2f39a7e0c922d4598fa965c4e') in 0.5205305 seconds
Number of updated asset objects reloaded before import = 0Number of asset objects unloaded after import = 5031

========================================================================
Received Import Request.
  Time since last request: 0.000060 seconds.
  path: Assets/Resources/400+ Rpg items16x16/tile116.png
  artifactKey: Guid(b108fd66a5f781d4f9354bf0036279b0) Importer(815301076,1909f56bfc062723c751e8b465ee728b)
Start importing Assets/Resources/400+ Rpg items16x16/tile116.png using Guid(b108fd66a5f781d4f9354bf0036279b0) Importer(815301076,1909f56bfc062723c751e8b465ee728b) (PreviewImporter) -> (artifact id: '4ced79a71fdc73c5faf76bc28c432568') in 0.5176396 seconds
Number of updated asset objects reloaded before import = 0Number of asset objects unloaded after import = 5031

========================================================================
Received Import Request.
  Time since last request: 0.000036 seconds.
  path: Assets/Resources/400+ Rpg items16x16/tile298.png
  artifactKey: Guid(3385b50cce2e0af4b8afa84a30d44903) Importer(815301076,1909f56bfc062723c751e8b465ee728b)
Start importing Assets/Resources/400+ Rpg items16x16/tile298.png using Guid(3385b50cce2e0af4b8afa84a30d44903) Importer(815301076,1909f56bfc062723c751e8b465ee728b) (PreviewImporter) -> (artifact id: 'c037071c41efa5ad5b6dc2335de4f230') in 0.4982335 seconds
Number of updated asset objects reloaded before import = 0Number of asset objects unloaded after import = 5031

========================================================================
Received Import Request.
  Time since last request: 0.000042 seconds.
  path: Assets/Resources/400+ Rpg items16x16/tile405.png
  artifactKey: Guid(583ba8d519045b34cbc9da31ee439774) Importer(815301076,1909f56bfc062723c751e8b465ee728b)
Start importing Assets/Resources/400+ Rpg items16x16/tile405.png using Guid(583ba8d519045b34cbc9da31ee439774) Importer(815301076,1909f56bfc062723c751e8b465ee728b) (PreviewImporter) -> (artifact id: '775d832f9e982a7540bfa46c11d1e0e6') in 0.6114024 seconds
Number of updated asset objects reloaded before import = 0Number of asset objects unloaded after import = 5031

========================================================================
Received Import Request.
  Time since last request: 0.000037 seconds.
  path: Assets/Resources/400+ Rpg items16x16/tile199.png
  artifactKey: Guid(c5cd059f35a70e04783d6a024debeb66) Importer(815301076,1909f56bfc062723c751e8b465ee728b)
Start importing Assets/Resources/400+ Rpg items16x16/tile199.png using Guid(c5cd059f35a70e04783d6a024debeb66) Importer(815301076,1909f56bfc062723c751e8b465ee728b) (PreviewImporter) -> (artifact id: 'bb98784176f038f2f860bd5a13e189f2') in 0.4610848 seconds
Number of updated asset objects reloaded before import = 0Number of asset objects unloaded after import = 5031

========================================================================
Received Import Request.
  Time since last request: 0.000041 seconds.
  path: Assets/Resources/400+ Rpg items16x16/tile208.png
  artifactKey: Guid(fa365dfa8b566784682146477ce42cb1) Importer(815301076,1909f56bfc062723c751e8b465ee728b)
Start importing Assets/Resources/400+ Rpg items16x16/tile208.png using Guid(fa365dfa8b566784682146477ce42cb1) Importer(815301076,1909f56bfc062723c751e8b465ee728b) (PreviewImporter) -> (artifact id: '74188995fabca3581b4840d4862e0357') in 0.4322765 seconds
Number of updated asset objects reloaded before import = 0Number of asset objects unloaded after import = 5031

========================================================================
Received Import Request.
  Time since last request: 0.000033 seconds.
  path: Assets/Resources/400+ Rpg items16x16/tile390.png
  artifactKey: Guid(87e519b6de35f9140a0dbb44649e3553) Importer(815301076,1909f56bfc062723c751e8b465ee728b)
Start importing Assets/Resources/400+ Rpg items16x16/tile390.png using Guid(87e519b6de35f9140a0dbb44649e3553) Importer(815301076,1909f56bfc062723c751e8b465ee728b) (PreviewImporter) -> (artifact id: '59c6987a03d3fdafaf6c7b0a168ac0a2') in 0.4523035 seconds
Number of updated asset objects reloaded before import = 0Number of asset objects unloaded after import = 5031

========================================================================
Received Import Request.
  Time since last request: 0.000042 seconds.
  path: Assets/Resources/400+ Rpg items16x16/tile261.png
  artifactKey: Guid(b05b1aed409de7c489391c72dc9486b3) Importer(815301076,1909f56bfc062723c751e8b465ee728b)
Start importing Assets/Resources/400+ Rpg items16x16/tile261.png using Guid(b05b1aed409de7c489391c72dc9486b3) Importer(815301076,1909f56bfc062723c751e8b465ee728b) (PreviewImporter) -> (artifact id: '64afe2f6f7d16e0c83aa5c7041f5b92e') in 0.432399 seconds
Number of updated asset objects reloaded before import = 0Number of asset objects unloaded after import = 5031

========================================================================
Received Import Request.
  Time since last request: 0.000034 seconds.
  path: Assets/Resources/400+ Rpg items16x16/tile088.png
  artifactKey: Guid(8a462652914b32247898a8fb1333cb22) Importer(815301076,1909f56bfc062723c751e8b465ee728b)
Start importing Assets/Resources/400+ Rpg items16x16/tile088.png using Guid(8a462652914b32247898a8fb1333cb22) Importer(815301076,1909f56bfc062723c751e8b465ee728b) (PreviewImporter) -> (artifact id: '097a89b2352ecf796c37541b202535ba') in 0.4886025 seconds
Number of updated asset objects reloaded before import = 0Number of asset objects unloaded after import = 5031

========================================================================
Received Import Request.
  Time since last request: 0.000041 seconds.
  path: Assets/Resources/400+ Rpg items16x16/tile426.png
  artifactKey: Guid(abb242fee052bfe48af5d90f11b6a02c) Importer(815301076,1909f56bfc062723c751e8b465ee728b)
Start importing Assets/Resources/400+ Rpg items16x16/tile426.png using Guid(abb242fee052bfe48af5d90f11b6a02c) Importer(815301076,1909f56bfc062723c751e8b465ee728b) (PreviewImporter) -> (artifact id: '27f32b74abad376ed9d5106f8fff6926') in 0.4323492 seconds
Number of updated asset objects reloaded before import = 0Number of asset objects unloaded after import = 5031

========================================================================
Received Import Request.
  Time since last request: 0.000031 seconds.
  path: Assets/Resources/400+ Rpg items16x16/tile356.png
  artifactKey: Guid(fea519c1ec176d94291d9a5c0261a7c2) Importer(815301076,1909f56bfc062723c751e8b465ee728b)
Start importing Assets/Resources/400+ Rpg items16x16/tile356.png using Guid(fea519c1ec176d94291d9a5c0261a7c2) Importer(815301076,1909f56bfc062723c751e8b465ee728b) (PreviewImporter) -> (artifact id: '2cf017e9ef93b2c591f21b548e3c2a13') in 0.4228131 seconds
Number of updated asset objects reloaded before import = 0Number of asset objects unloaded after import = 5031

========================================================================
Received Import Request.
  Time since last request: 0.000047 seconds.
  path: Assets/Resources/400+ Rpg items16x16/tile447.png
  artifactKey: Guid(d11a7ceb3e64d554fa17e52bb50662b2) Importer(815301076,1909f56bfc062723c751e8b465ee728b)
Start importing Assets/Resources/400+ Rpg items16x16/tile447.png using Guid(d11a7ceb3e64d554fa17e52bb50662b2) Importer(815301076,1909f56bfc062723c751e8b465ee728b) (PreviewImporter) -> (artifact id: '1dfbc5ad8e7806fd795f5fca1f293058') in 0.4307622 seconds
Number of updated asset objects reloaded before import = 0Number of asset objects unloaded after import = 5031

========================================================================
Received Import Request.
  Time since last request: 46.834091 seconds.
  path: Assets/Prefabs/Enemy_Wolf.prefab
  artifactKey: Guid(a18df3f2375875d49921011445bdc4b0) Importer(815301076,1909f56bfc062723c751e8b465ee728b)
Start importing Assets/Prefabs/Enemy_Wolf.prefab using Guid(a18df3f2375875d49921011445bdc4b0) Importer(815301076,1909f56bfc062723c751e8b465ee728b) (PreviewImporter) -> (artifact id: 'fc0dab39463e3e604138dbe8a8b15670') in 1.0444236 seconds
Number of updated asset objects reloaded before import = 0Number of asset objects unloaded after import = 5119

========================================================================
Received Import Request.
  Time since last request: 0.000038 seconds.
  path: Assets/Prefabs/NextFloorDoor.prefab
  artifactKey: Guid(acac662dfcbe7bb4cadbfdc149a7ba98) Importer(815301076,1909f56bfc062723c751e8b465ee728b)
Start importing Assets/Prefabs/NextFloorDoor.prefab using Guid(acac662dfcbe7bb4cadbfdc149a7ba98) Importer(815301076,1909f56bfc062723c751e8b465ee728b) (PreviewImporter) -> (artifact id: 'dfbc6f63e5ded10449919da59d74a337') in 0.450316 seconds
Number of updated asset objects reloaded before import = 0Number of asset objects unloaded after import = 5038

========================================================================
Received Import Request.
  Time since last request: 17.372458 seconds.
  path: Assets/Prefabs/PrefabsJewelry/AmuletRegeneration.prefab
  artifactKey: Guid(f870edc5d280b5f48ad945a99f0e8c55) Importer(815301076,1909f56bfc062723c751e8b465ee728b)
Start importing Assets/Prefabs/PrefabsJewelry/AmuletRegeneration.prefab using Guid(f870edc5d280b5f48ad945a99f0e8c55) Importer(815301076,1909f56bfc062723c751e8b465ee728b) (PreviewImporter) -> (artifact id: '2da04dac2afbacdca01d35a7f4c9b4cc') in 0.482432 seconds
Number of updated asset objects reloaded before import = 0Number of asset objects unloaded after import = 5045

========================================================================
Received Import Request.
  Time since last request: 35.126731 seconds.
  path: Assets/Resources/Fish/C - Misc/Worm Outline.png
  artifactKey: Guid(e37b0820b44b86142bd6a201ba92bdd1) Importer(815301076,1909f56bfc062723c751e8b465ee728b)
Start importing Assets/Resources/Fish/C - Misc/Worm Outline.png using Guid(e37b0820b44b86142bd6a201ba92bdd1) Importer(815301076,1909f56bfc062723c751e8b465ee728b) (PreviewImporter) -> (artifact id: '5e0dbe585e28f017b8ca89069d0654a1') in 0.4954869 seconds
Number of updated asset objects reloaded before import = 0Number of asset objects unloaded after import = 5031

========================================================================
Received Import Request.
  Time since last request: 0.000039 seconds.
  path: Assets/Pixel Monster Pack/32x32 monsters/worm-white.png
  artifactKey: Guid(804ceab9b19850742a982912a38f392a) Importer(815301076,1909f56bfc062723c751e8b465ee728b)
Start importing Assets/Pixel Monster Pack/32x32 monsters/worm-white.png using Guid(804ceab9b19850742a982912a38f392a) Importer(815301076,1909f56bfc062723c751e8b465ee728b) (PreviewImporter) -> (artifact id: 'a6a14ce7958211dacfdecb070e0207c6') in 0.4628162 seconds
Number of updated asset objects reloaded before import = 0Number of asset objects unloaded after import = 5031

========================================================================
Received Prepare
Begin MonoManager ReloadAssembly
[Licensing::Client] Successfully resolved entitlement details
Duplicate assembly 'log4net.dll' with different versions detected, using 'Packages/com.unity.package-validation-suite/Lib/Editor/log4net.dll, AssemblyName=log4net, Version=2.0.8.0, Culture=neutral, PublicKeyToken=669e0ddf0bb1aa2a' and ignoring 'Packages/com.unity.collab-proxy/Lib/Editor/log4netPlastic.dll, AssemblyName=log4net, Version=1.2.15.0, Culture=neutral, PublicKeyToken=669e0ddf0bb1aa2a'.Symbol file LoadedFromMemory is not a mono symbol file
- Loaded All Assemblies, in  1.428 seconds
Refreshing native plugins compatible for Editor in 16.04 ms, found 5 plugins.
Native extension for Android target not found
Native extension for WindowsStandalone target not found
[Package Manager] Failed to launch server process. Reason: Unity was launched with the -noUpm command-line argument
[Package Manager] Unable to send message (not connected to server process).
[Package Manager] Cannot connect to Unity Package Manager local server
[Package Manager] Failed to launch server process. Reason: Unity was launched with the -noUpm command-line argument
[Package Manager] Unable to send message (not connected to server process).
[Package Manager] Cannot connect to Unity Package Manager local server
[Package Manager] Failed to launch server process. Reason: Unity was launched with the -noUpm command-line argument
[Package Manager] Unable to send message (not connected to server process).
[Package Manager] Cannot connect to Unity Package Manager local server
ScheduleIndexationOnStartup MainProcess:False IndexOnStartup:True
Mono: successfully reloaded assembly
- Finished resetting the current domain, in  1.307 seconds
Domain Reload Profiling: 2737ms
	BeginReloadAssembly (365ms)
		ExecutionOrderSort (0ms)
		DisableScriptedObjects (41ms)
		BackupInstance (0ms)
		ReleaseScriptingObjects (0ms)
		CreateAndSetChildDomain (89ms)
	RebuildCommonClasses (64ms)
	RebuildNativeTypeToScriptingClass (29ms)
	initialDomainReloadingComplete (44ms)
	LoadAllAssembliesAndSetupDomain (928ms)
		LoadAssemblies (648ms)
		RebuildTransferFunctionScriptingTraits (0ms)
		AnalyzeDomain (424ms)
			TypeCache.Refresh (11ms)
				TypeCache.ScanAssembly (0ms)
			BuildScriptInfoCaches (385ms)
			ResolveRequiredComponents (22ms)
	FinalizeReload (1308ms)
		ReleaseScriptCaches (0ms)
		RebuildScriptCaches (0ms)
		SetupLoadedEditorAssemblies (1023ms)
			LogAssemblyErrors (0ms)
			InitializePlatformSupportModulesInManaged (11ms)
			SetLoadedEditorAssemblies (8ms)
			BeforeProcessingInitializeOnLoad (259ms)
			ProcessInitializeOnLoadAttributes (576ms)
			ProcessInitializeOnLoadMethodAttributes (163ms)
			AfterProcessingInitializeOnLoad (5ms)
			EditorAssembliesLoaded (1ms)
		ExecutionOrderSort2 (0ms)
		AwakeInstancesAfterBackupRestoration (22ms)
Refreshing native plugins compatible for Editor in 21.25 ms, found 5 plugins.
Preloading 0 native plugins for Editor in 0.00 ms.
Unloading 17 Unused Serialized files (Serialized files now loaded: 0)
Unloading 9447 unused Assets / (7.0 MB). Loaded Objects now: 10407.
Memory consumption went from 201.4 MB to 194.4 MB.
Total: 18.467200 ms (FindLiveObjects: 1.656900 ms CreateObjectMapping: 1.927800 ms MarkObjects: 8.066100 ms  DeleteObjects: 6.814500 ms)

Prepare: number of updated asset objects reloaded= 0
========================================================================
Received Prepare
Begin MonoManager ReloadAssembly
[Licensing::Client] Successfully resolved entitlement details
Duplicate assembly 'log4net.dll' with different versions detected, using 'Packages/com.unity.package-validation-suite/Lib/Editor/log4net.dll, AssemblyName=log4net, Version=2.0.8.0, Culture=neutral, PublicKeyToken=669e0ddf0bb1aa2a' and ignoring 'Packages/com.unity.collab-proxy/Lib/Editor/log4netPlastic.dll, AssemblyName=log4net, Version=1.2.15.0, Culture=neutral, PublicKeyToken=669e0ddf0bb1aa2a'.Symbol file LoadedFromMemory is not a mono symbol file
- Loaded All Assemblies, in  1.325 seconds
Refreshing native plugins compatible for Editor in 14.51 ms, found 5 plugins.
Native extension for Android target not found
Native extension for WindowsStandalone target not found
[Package Manager] Failed to launch server process. Reason: Unity was launched with the -noUpm command-line argument
[Package Manager] Unable to send message (not connected to server process).
[Package Manager] Cannot connect to Unity Package Manager local server
[Package Manager] Failed to launch server process. Reason: Unity was launched with the -noUpm command-line argument
[Package Manager] Unable to send message (not connected to server process).
[Package Manager] Cannot connect to Unity Package Manager local server
[Package Manager] Failed to launch server process. Reason: Unity was launched with the -noUpm command-line argument
[Package Manager] Unable to send message (not connected to server process).
[Package Manager] Cannot connect to Unity Package Manager local server
ScheduleIndexationOnStartup MainProcess:False IndexOnStartup:True
Mono: successfully reloaded assembly
- Finished resetting the current domain, in  1.221 seconds
Domain Reload Profiling: 2550ms
	BeginReloadAssembly (320ms)
		ExecutionOrderSort (0ms)
		DisableScriptedObjects (24ms)
		BackupInstance (0ms)
		ReleaseScriptingObjects (0ms)
		CreateAndSetChildDomain (69ms)
	RebuildCommonClasses (53ms)
	RebuildNativeTypeToScriptingClass (23ms)
	initialDomainReloadingComplete (39ms)
	LoadAllAssembliesAndSetupDomain (894ms)
		LoadAssemblies (627ms)
		RebuildTransferFunctionScriptingTraits (0ms)
		AnalyzeDomain (409ms)
			TypeCache.Refresh (17ms)
				TypeCache.ScanAssembly (3ms)
			BuildScriptInfoCaches (366ms)
			ResolveRequiredComponents (20ms)
	FinalizeReload (1222ms)
		ReleaseScriptCaches (0ms)
		RebuildScriptCaches (0ms)
		SetupLoadedEditorAssemblies (958ms)
			LogAssemblyErrors (0ms)
			InitializePlatformSupportModulesInManaged (11ms)
			SetLoadedEditorAssemblies (7ms)
			BeforeProcessingInitializeOnLoad (247ms)
			ProcessInitializeOnLoadAttributes (546ms)
			ProcessInitializeOnLoadMethodAttributes (142ms)
			AfterProcessingInitializeOnLoad (5ms)
			EditorAssembliesLoaded (1ms)
		ExecutionOrderSort2 (0ms)
		AwakeInstancesAfterBackupRestoration (19ms)
Refreshing native plugins compatible for Editor in 14.26 ms, found 5 plugins.
Preloading 0 native plugins for Editor in 0.00 ms.
Unloading 17 Unused Serialized files (Serialized files now loaded: 0)
Unloading 9445 unused Assets / (5.3 MB). Loaded Objects now: 10413.
Memory consumption went from 201.2 MB to 195.9 MB.
Total: 13.767300 ms (FindLiveObjects: 1.450700 ms CreateObjectMapping: 1.047600 ms MarkObjects: 7.574200 ms  DeleteObjects: 3.693200 ms)

Prepare: number of updated asset objects reloaded= 0
========================================================================
Received Prepare
Begin MonoManager ReloadAssembly
Duplicate assembly 'log4net.dll' with different versions detected, using 'Packages/com.unity.package-validation-suite/Lib/Editor/log4net.dll, AssemblyName=log4net, Version=2.0.8.0, Culture=neutral, PublicKeyToken=669e0ddf0bb1aa2a' and ignoring 'Packages/com.unity.collab-proxy/Lib/Editor/log4netPlastic.dll, AssemblyName=log4net, Version=1.2.15.0, Culture=neutral, PublicKeyToken=669e0ddf0bb1aa2a'.Symbol file LoadedFromMemory is not a mono symbol file
- Loaded All Assemblies, in  1.340 seconds
Refreshing native plugins compatible for Editor in 16.01 ms, found 5 plugins.
Native extension for Android target not found
Native extension for WindowsStandalone target not found
[Package Manager] Failed to launch server process. Reason: Unity was launched with the -noUpm command-line argument
[Package Manager] Unable to send message (not connected to server process).
[Package Manager] Cannot connect to Unity Package Manager local server
[Package Manager] Failed to launch server process. Reason: Unity was launched with the -noUpm command-line argument
[Package Manager] Unable to send message (not connected to server process).
[Package Manager] Cannot connect to Unity Package Manager local server
[Package Manager] Failed to launch server process. Reason: Unity was launched with the -noUpm command-line argument
[Package Manager] Unable to send message (not connected to server process).
[Package Manager] Cannot connect to Unity Package Manager local server
ScheduleIndexationOnStartup MainProcess:False IndexOnStartup:True
Mono: successfully reloaded assembly
- Finished resetting the current domain, in  1.319 seconds
Domain Reload Profiling: 2665ms
	BeginReloadAssembly (321ms)
		ExecutionOrderSort (0ms)
		DisableScriptedObjects (19ms)
		BackupInstance (0ms)
		ReleaseScriptingObjects (0ms)
		CreateAndSetChildDomain (80ms)
	RebuildCommonClasses (60ms)
	RebuildNativeTypeToScriptingClass (22ms)
	initialDomainReloadingComplete (41ms)
	LoadAllAssembliesAndSetupDomain (901ms)
		LoadAssemblies (635ms)
		RebuildTransferFunctionScriptingTraits (0ms)
		AnalyzeDomain (404ms)
			TypeCache.Refresh (11ms)
				TypeCache.ScanAssembly (0ms)
			BuildScriptInfoCaches (369ms)
			ResolveRequiredComponents (20ms)
	FinalizeReload (1319ms)
		ReleaseScriptCaches (0ms)
		RebuildScriptCaches (0ms)
		SetupLoadedEditorAssemblies (1043ms)
			LogAssemblyErrors (0ms)
			InitializePlatformSupportModulesInManaged (12ms)
			SetLoadedEditorAssemblies (8ms)
			BeforeProcessingInitializeOnLoad (273ms)
			ProcessInitializeOnLoadAttributes (589ms)
			ProcessInitializeOnLoadMethodAttributes (154ms)
			AfterProcessingInitializeOnLoad (6ms)
			EditorAssembliesLoaded (1ms)
		ExecutionOrderSort2 (0ms)
		AwakeInstancesAfterBackupRestoration (20ms)
Refreshing native plugins compatible for Editor in 14.40 ms, found 5 plugins.
Preloading 0 native plugins for Editor in 0.00 ms.
Unloading 17 Unused Serialized files (Serialized files now loaded: 0)
Unloading 9445 unused Assets / (5.3 MB). Loaded Objects now: 10419.
Memory consumption went from 201.2 MB to 195.9 MB.
Total: 14.578500 ms (FindLiveObjects: 1.350900 ms CreateObjectMapping: 1.197800 ms MarkObjects: 7.785300 ms  DeleteObjects: 4.243300 ms)

Prepare: number of updated asset objects reloaded= 0
========================================================================
Received Prepare
Begin MonoManager ReloadAssembly
[Licensing::Client] Successfully resolved entitlement details
Duplicate assembly 'log4net.dll' with different versions detected, using 'Packages/com.unity.package-validation-suite/Lib/Editor/log4net.dll, AssemblyName=log4net, Version=2.0.8.0, Culture=neutral, PublicKeyToken=669e0ddf0bb1aa2a' and ignoring 'Packages/com.unity.collab-proxy/Lib/Editor/log4netPlastic.dll, AssemblyName=log4net, Version=1.2.15.0, Culture=neutral, PublicKeyToken=669e0ddf0bb1aa2a'.Symbol file LoadedFromMemory is not a mono symbol file
- Loaded All Assemblies, in  1.415 seconds
Refreshing native plugins compatible for Editor in 17.71 ms, found 5 plugins.
Native extension for Android target not found
Native extension for WindowsStandalone target not found
[Package Manager] Failed to launch server process. Reason: Unity was launched with the -noUpm command-line argument
[Package Manager] Unable to send message (not connected to server process).
[Package Manager] Cannot connect to Unity Package Manager local server
[Package Manager] Failed to launch server process. Reason: Unity was launched with the -noUpm command-line argument
[Package Manager] Unable to send message (not connected to server process).
[Package Manager] Cannot connect to Unity Package Manager local server
[Package Manager] Failed to launch server process. Reason: Unity was launched with the -noUpm command-line argument
[Package Manager] Unable to send message (not connected to server process).
[Package Manager] Cannot connect to Unity Package Manager local server
ScheduleIndexationOnStartup MainProcess:False IndexOnStartup:True
Mono: successfully reloaded assembly
- Finished resetting the current domain, in  1.269 seconds
Domain Reload Profiling: 2688ms
	BeginReloadAssembly (347ms)
		ExecutionOrderSort (0ms)
		DisableScriptedObjects (22ms)
		BackupInstance (0ms)
		ReleaseScriptingObjects (0ms)
		CreateAndSetChildDomain (83ms)
	RebuildCommonClasses (56ms)
	RebuildNativeTypeToScriptingClass (22ms)
	initialDomainReloadingComplete (41ms)
	LoadAllAssembliesAndSetupDomain (953ms)
		LoadAssemblies (643ms)
		RebuildTransferFunctionScriptingTraits (0ms)
		AnalyzeDomain (467ms)
			TypeCache.Refresh (12ms)
				TypeCache.ScanAssembly (0ms)
			BuildScriptInfoCaches (423ms)
			ResolveRequiredComponents (25ms)
	FinalizeReload (1270ms)
		ReleaseScriptCaches (0ms)
		RebuildScriptCaches (0ms)
		SetupLoadedEditorAssemblies (990ms)
			LogAssemblyErrors (0ms)
			InitializePlatformSupportModulesInManaged (11ms)
			SetLoadedEditorAssemblies (8ms)
			BeforeProcessingInitializeOnLoad (255ms)
			ProcessInitializeOnLoadAttributes (552ms)
			ProcessInitializeOnLoadMethodAttributes (158ms)
			AfterProcessingInitializeOnLoad (5ms)
			EditorAssembliesLoaded (1ms)
		ExecutionOrderSort2 (0ms)
		AwakeInstancesAfterBackupRestoration (20ms)
Refreshing native plugins compatible for Editor in 15.25 ms, found 5 plugins.
Preloading 0 native plugins for Editor in 0.00 ms.
Unloading 17 Unused Serialized files (Serialized files now loaded: 0)
Unloading 9445 unused Assets / (4.9 MB). Loaded Objects now: 10425.
Memory consumption went from 201.3 MB to 196.3 MB.
Total: 14.790500 ms (FindLiveObjects: 1.463900 ms CreateObjectMapping: 1.107800 ms MarkObjects: 8.101400 ms  DeleteObjects: 4.115600 ms)

Prepare: number of updated asset objects reloaded= 0
========================================================================
Received Prepare
Refreshing native plugins compatible for Editor in 21.95 ms, found 5 plugins.
Preloading 0 native plugins for Editor in 0.00 ms.
Unloading 17 Unused Serialized files (Serialized files now loaded: 0)
Unloading 9381 unused Assets / (4.2 MB). Loaded Objects now: 10425.
Memory consumption went from 201.1 MB to 196.9 MB.
Total: 24.695800 ms (FindLiveObjects: 1.747200 ms CreateObjectMapping: 2.351500 ms MarkObjects: 12.767400 ms  DeleteObjects: 7.827400 ms)

Prepare: number of updated asset objects reloaded= 0
========================================================================
Received Prepare
Refreshing native plugins compatible for Editor in 25.88 ms, found 5 plugins.
Preloading 0 native plugins for Editor in 0.00 ms.
Unloading 17 Unused Serialized files (Serialized files now loaded: 0)
Unloading 9381 unused Assets / (5.7 MB). Loaded Objects now: 10425.
Memory consumption went from 201.1 MB to 195.4 MB.
Total: 26.679800 ms (FindLiveObjects: 1.867000 ms CreateObjectMapping: 2.414300 ms MarkObjects: 13.102300 ms  DeleteObjects: 9.293500 ms)

Prepare: number of updated asset objects reloaded= 0
========================================================================
Received Import Request.
  Time since last request: 905.772348 seconds.
  path: Assets/Scripts/PlayerCombat.cs
  artifactKey: Guid(eb37d9b5e8f1b47468fdeac4b338e0ca) Importer(815301076,1909f56bfc062723c751e8b465ee728b)
Start importing Assets/Scripts/PlayerCombat.cs using Guid(eb37d9b5e8f1b47468fdeac4b338e0ca) Importer(815301076,1909f56bfc062723c751e8b465ee728b) (PreviewImporter) -> (artifact id: '8e61cfba0f716dd125c9145ac36807f6') in 0.0050989 seconds
Number of updated asset objects reloaded before import = 0Number of asset objects unloaded after import = 0

========================================================================
Received Prepare
Begin MonoManager ReloadAssembly
[Licensing::Client] Successfully resolved entitlement details
Duplicate assembly 'log4net.dll' with different versions detected, using 'Packages/com.unity.package-validation-suite/Lib/Editor/log4net.dll, AssemblyName=log4net, Version=2.0.8.0, Culture=neutral, PublicKeyToken=669e0ddf0bb1aa2a' and ignoring 'Packages/com.unity.collab-proxy/Lib/Editor/log4netPlastic.dll, AssemblyName=log4net, Version=1.2.15.0, Culture=neutral, PublicKeyToken=669e0ddf0bb1aa2a'.Symbol file LoadedFromMemory is not a mono symbol file
- Loaded All Assemblies, in  1.547 seconds
Refreshing native plugins compatible for Editor in 14.21 ms, found 5 plugins.
Native extension for Android target not found
Native extension for WindowsStandalone target not found
[Package Manager] Failed to launch server process. Reason: Unity was launched with the -noUpm command-line argument
[Package Manager] Unable to send message (not connected to server process).
[Package Manager] Cannot connect to Unity Package Manager local server
[Package Manager] Failed to launch server process. Reason: Unity was launched with the -noUpm command-line argument
[Package Manager] Unable to send message (not connected to server process).
[Package Manager] Cannot connect to Unity Package Manager local server
[Package Manager] Failed to launch server process. Reason: Unity was launched with the -noUpm command-line argument
[Package Manager] Unable to send message (not connected to server process).
[Package Manager] Cannot connect to Unity Package Manager local server
ScheduleIndexationOnStartup MainProcess:False IndexOnStartup:True
Mono: successfully reloaded assembly
- Finished resetting the current domain, in  1.272 seconds
Domain Reload Profiling: 2822ms
	BeginReloadAssembly (343ms)
		ExecutionOrderSort (0ms)
		DisableScriptedObjects (25ms)
		BackupInstance (0ms)
		ReleaseScriptingObjects (0ms)
		CreateAndSetChildDomain (72ms)
	RebuildCommonClasses (56ms)
	RebuildNativeTypeToScriptingClass (27ms)
	initialDomainReloadingComplete (42ms)
	LoadAllAssembliesAndSetupDomain (1082ms)
		LoadAssemblies (833ms)
		RebuildTransferFunctionScriptingTraits (0ms)
		AnalyzeDomain (406ms)
			TypeCache.Refresh (17ms)
				TypeCache.ScanAssembly (3ms)
			BuildScriptInfoCaches (364ms)
			ResolveRequiredComponents (19ms)
	FinalizeReload (1272ms)
		ReleaseScriptCaches (0ms)
		RebuildScriptCaches (0ms)
		SetupLoadedEditorAssemblies (1005ms)
			LogAssemblyErrors (0ms)
			InitializePlatformSupportModulesInManaged (11ms)
			SetLoadedEditorAssemblies (7ms)
			BeforeProcessingInitializeOnLoad (272ms)
			ProcessInitializeOnLoadAttributes (558ms)
			ProcessInitializeOnLoadMethodAttributes (151ms)
			AfterProcessingInitializeOnLoad (5ms)
			EditorAssembliesLoaded (1ms)
		ExecutionOrderSort2 (0ms)
		AwakeInstancesAfterBackupRestoration (21ms)
Refreshing native plugins compatible for Editor in 14.92 ms, found 5 plugins.
Preloading 0 native plugins for Editor in 0.00 ms.
Unloading 17 Unused Serialized files (Serialized files now loaded: 0)
Unloading 9445 unused Assets / (5.8 MB). Loaded Objects now: 10431.
Memory consumption went from 201.3 MB to 195.5 MB.
Total: 16.727500 ms (FindLiveObjects: 1.467700 ms CreateObjectMapping: 1.574500 ms MarkObjects: 8.206700 ms  DeleteObjects: 5.476900 ms)

Prepare: number of updated asset objects reloaded= 0
========================================================================
Received Import Request.
  Time since last request: 82.792369 seconds.
  path: Assets/AddressableAssetsData/AssetGroups/Schemas/Default Local Group_BundledAssetGroupSchema.asset
  artifactKey: Guid(715e69cb99454ad47a8e084b5cf50d47) Importer(815301076,1909f56bfc062723c751e8b465ee728b)
Start importing Assets/AddressableAssetsData/AssetGroups/Schemas/Default Local Group_BundledAssetGroupSchema.asset using Guid(715e69cb99454ad47a8e084b5cf50d47) Importer(815301076,1909f56bfc062723c751e8b465ee728b) (PreviewImporter) -> (artifact id: 'b97ff3f03278d1c99f106f0e3488a9f9') in 0.0327305 seconds
Number of updated asset objects reloaded before import = 0Number of asset objects unloaded after import = 0

========================================================================
Received Import Request.
  Time since last request: 0.000029 seconds.
  path: Assets/AddressableAssetsData/AssetGroups/Schemas/Default Local Group_ContentUpdateGroupSchema.asset
  artifactKey: Guid(e0c72cf4d5fb94d4d859b1e1f1289724) Importer(815301076,1909f56bfc062723c751e8b465ee728b)
Start importing Assets/AddressableAssetsData/AssetGroups/Schemas/Default Local Group_ContentUpdateGroupSchema.asset using Guid(e0c72cf4d5fb94d4d859b1e1f1289724) Importer(815301076,1909f56bfc062723c751e8b465ee728b) (PreviewImporter) -> (artifact id: '4127fea23c2d27280856cc4cd5b8cfd7') in 0.001281 seconds
Number of updated asset objects reloaded before import = 0Number of asset objects unloaded after import = 0

========================================================================
Received Import Request.
  Time since last request: 0.000033 seconds.
  path: Assets/Animation/NPC/Hood_Villager/Hermit.prefab
  artifactKey: Guid(210f7b726f391374e823ae1b7a4437c7) Importer(815301076,1909f56bfc062723c751e8b465ee728b)
Start importing Assets/Animation/NPC/Hood_Villager/Hermit.prefab using Guid(210f7b726f391374e823ae1b7a4437c7) Importer(815301076,1909f56bfc062723c751e8b465ee728b) (PreviewImporter)Refreshing native plugins compatible for Editor in 17.70 ms, found 5 plugins.
Preloading 0 native plugins for Editor in 0.00 ms.
 -> (artifact id: '07ce15a3a502b15c5c01488989a5e183') in 1.1600396 seconds
Number of updated asset objects reloaded before import = 0Number of asset objects unloaded after import = 5128

========================================================================
Received Import Request.
  Time since last request: 0.000051 seconds.
  path: Assets/Prefabs/HealhtPotion/NormalHealingPotion.prefab
  artifactKey: Guid(c70fb2cb79db6c2409ef1a2a7837f097) Importer(815301076,1909f56bfc062723c751e8b465ee728b)
Start importing Assets/Prefabs/HealhtPotion/NormalHealingPotion.prefab using Guid(c70fb2cb79db6c2409ef1a2a7837f097) Importer(815301076,1909f56bfc062723c751e8b465ee728b) (PreviewImporter) -> (artifact id: 'a11a23f8a1b9d5eda9eed3cd5879d859') in 0.5555652 seconds
Number of updated asset objects reloaded before import = 0Number of asset objects unloaded after import = 5045

========================================================================
Received Import Request.
  Time since last request: 0.000059 seconds.
  path: Assets/AddressableAssetsData/AssetGroups/Schemas/Localization-Locales_BundledAssetGroupSchema.asset
  artifactKey: Guid(6c2eb714423d66e47980e635241be22e) Importer(815301076,1909f56bfc062723c751e8b465ee728b)
Start importing Assets/AddressableAssetsData/AssetGroups/Schemas/Localization-Locales_BundledAssetGroupSchema.asset using Guid(6c2eb714423d66e47980e635241be22e) Importer(815301076,1909f56bfc062723c751e8b465ee728b) (PreviewImporter) -> (artifact id: '8a1ebac2b94f7c6e64ddc453276ac08c') in 0.0009949 seconds
Number of updated asset objects reloaded before import = 0Number of asset objects unloaded after import = 0

========================================================================
Received Import Request.
  Time since last request: 0.000031 seconds.
  path: Assets/Prefabs/HealhtPotion/StrongHealingPotion.prefab
  artifactKey: Guid(83fdffda36a38d84e87caa166a32c85e) Importer(815301076,1909f56bfc062723c751e8b465ee728b)
Start importing Assets/Prefabs/HealhtPotion/StrongHealingPotion.prefab using Guid(83fdffda36a38d84e87caa166a32c85e) Importer(815301076,1909f56bfc062723c751e8b465ee728b) (PreviewImporter) -> (artifact id: '1eccbf7925520f1484a341deeeb5b147') in 0.5213735 seconds
Number of updated asset objects reloaded before import = 0Number of asset objects unloaded after import = 5045

========================================================================
Received Import Request.
  Time since last request: 0.000041 seconds.
  path: Assets/Prefabs/HealhtPotion/GreaterHealingPotion.prefab
  artifactKey: Guid(c73dfc385fe294e4faa9c120b4d5783c) Importer(815301076,1909f56bfc062723c751e8b465ee728b)
Start importing Assets/Prefabs/HealhtPotion/GreaterHealingPotion.prefab using Guid(c73dfc385fe294e4faa9c120b4d5783c) Importer(815301076,1909f56bfc062723c751e8b465ee728b) (PreviewImporter) -> (artifact id: 'b2bd8cf7f4f406cb1404442bca5617fd') in 0.5128421 seconds
Number of updated asset objects reloaded before import = 0Number of asset objects unloaded after import = 5045

Editor requested this worker to shutdown with reason: Scaling down because of idle timeout
AssetImportWorker is now disconnected from the server
Process exiting
Exiting without the bug reporter. Application will terminate with return code 0